sale_id,product_id,sale_date,quantity,weight,selling_price,making_charge,discount,cost_basis
1,186,2026-01-16T14:38:00,1,20.4986,142983.42,7118.9,3972.97,143129.76
2,307,2026-01-05T20:50:00,1,20.694,161150.67,12436.14,4962.28,159864.7
3,58,2026-01-11T13:34:00,1,55.451,5572.82,448.59,147.72,5047.45
4,246,2026-01-13T12:35:00,1,84.5028,8507.3,688.26,243.77,7735.34
5,85,2026-01-16T20:37:00,1,26.0333,2530.53,127.14,75.82,2549.01
6,230,2026-01-26T14:34:00,1,3.6613,29159.39,2809.05,958.19,28608.91
7,370,2026-01-08T20:59:00,1,9.1394,65941.29,85.42,2253.28,65899.15
8,379,2026-01-19T18:29:00,1,2.4927,19687.44,1729.38,532.81,19172.38
9,173,2026-01-18T13:25:00,1,17.1759,119501.6,5527.82,3740.25,119653.12
10,38,2026-01-20T15:20:00,1,9.9544,71829.13,91.75,2587.29,72033.02
11,265,2026-01-21T11:56:00,1,20.2554,2081.04,209.04,55.69,1896.91
12,310,2026-01-29T11:42:00,1,30.6255,216820.24,13518.68,7798.14,214159.66
13,80,2026-01-15T18:28:00,1,3.9658,27918.37,1596.24,854.07,27956.4
14,105,2026-01-07T18:50:00,1,3.087,24333.3,2079.39,721.54,23973.36
15,485,2026-01-22T15:45:00,1,12.8272,90331.27,4683.8,3403.2,88122.43
16,486,2026-01-12T18:32:00,1,25.5385,2500.48,140.21,82.66,2478.69
17,215,2026-01-28T14:57:00,1,40.8508,4234.43,453.69,124.35,4318.19
18,294,2026-01-31T14:07:00,1,11.2674,1093.65,51.3,37.84,1099.9
19,458,2026-01-10T20:37:00,1,5.2364,37412.2,2528.72,1070.4,36968.21
20,208,2026-01-21T15:27:00,1,11.0838,86368.02,6408.38,2634.2,85709.59
21,292,2026-01-07T12:35:00,1,17.0016,120237.68,7372.73,3808.93,120375.17
22,203,2026-01-27T11:18:00,1,3.5736,28419.62,2713.89,1033.1,27946.28
23,464,2026-01-22T19:01:00,1,13.6974,106297.11,7602.96,2736.99,105905.51
24,77,2026-01-24T11:05:00,1,5.0459,40100.75,3804.03,1364.29,40007.15
25,74,2026-01-21T20:38:00,1,7.7284,58377.86,2624.41,2137.21,58085.62
26,494,2026-01-14T15:35:00,1,3.4802,24808.12,1604.69,779.38,24694.81
27,437,2026-01-15T15:38:00,1,4.6132,36333.65,3154.78,1035.13,36470.1
28,4,2026-01-19T20:32:00,1,11.895,85813.58,118.91,2999.67,85807.67
29,143,2026-01-14T09:02:00,1,12.2929,92805.62,4269.33,3060.48,92374.57
30,303,2026-01-16T16:44:00,1,14.7384,110912.54,4909.55,3000.02,110410.01
31,44,2026-01-05T13:29:00,1,4.73,33574.28,2226.49,1085.73,33225.74
32,276,2026-01-03T12:30:00,1,20.2773,141866.79,7130.21,4739.61,142702.65
33,335,2026-01-24T19:40:00,1,17.4016,121739.53,6290.01,4158.57,121123.7
34,288,2026-01-26T14:34:00,1,14.593,109769.81,4744.13,3671.46,108569.06
35,415,2026-01-01T16:36:00,1,4.4374,35053.96,3086.84,1127.41,34410.05
36,391,2026-01-11T13:18:00,1,39.395,3834.35,193.86,145.3,3531.14
37,90,2026-01-02T13:46:00,1,25.9884,184411.2,11340.93,6131.63,185674.24
38,418,2026-01-19T18:10:00,1,23.6409,183820.13,13504.94,6186.47,183599.47
39,306,2026-01-02T20:39:00,1,28.0255,197619.02,10982.64,5797.04,196394.05
40,14,2026-01-10T10:54:00,1,37.31,264171.59,15622.44,7191.63,262318.39
41,418,2026-01-09T13:54:00,1,23.6409,184006.96,13481.13,6160.96,183599.47
42,137,2026-01-01T18:47:00,1,19.0534,149245.12,11984.05,4974.18,148541.66
43,81,2026-01-22T13:50:00,1,18.3862,129131.54,6366.51,4641.03,129100.71
44,373,2026-01-08T09:21:00,1,191.6333,19210.44,1528.44,688.35,17774.54
45,47,2026-01-31T11:53:00,1,4.4362,31154.0,1648.52,1169.97,30937.05
46,265,2026-01-25T12:42:00,1,20.2554,2095.36,222.55,74.3,1896.91
47,235,2026-01-24T20:53:00,1,8.0469,57966.53,82.68,1640.39,57915.77
48,183,2026-01-02T10:03:00,1,18.2712,128818.02,7140.6,4543.44,129126.52
49,90,2026-01-15T20:48:00,1,25.9884,183186.38,10694.09,5396.21,185674.24
50,490,2026-01-18T15:30:00,1,5.6869,39890.04,2153.59,1370.18,40314.64
51,140,2026-01-05T13:59:00,1,21.4836,2094.44,108.07,65.27,1924.22
52,425,2026-01-15T17:43:00,1,11.6469,87405.42,3639.05,2590.77,86698.42
53,24,2026-01-04T15:39:00,1,6.8653,48482.32,2975.54,1636.72,48073.34
54,488,2026-01-21T13:51:00,1,4.4681,31978.96,2154.75,955.77,31759.9
55,54,2026-01-09T19:47:00,1,23.9682,187711.54,14824.84,5745.24,187040.66
56,129,2026-01-24T17:21:00,1,58.1956,6108.93,722.35,216.64,5543.18
57,360,2026-01-23T09:43:00,1,6.8958,48711.36,3030.41,1442.34,48223.19
58,5,2026-01-27T17:06:00,1,4.2729,33468.53,2732.58,1032.97,33643.34
59,365,2026-01-15T13:12:00,1,7.5425,54320.06,73.19,1894.86,53540.84
60,20,2026-01-01T18:42:00,1,10.7348,80850.88,3517.17,2128.65,79058.39
61,475,2026-01-27T10:45:00,1,4.7599,33383.45,1796.13,1110.74,33417.72
62,65,2026-01-03T19:48:00,1,7.9839,60311.2,2736.98,1644.25,59602.63
63,478,2026-01-21T10:44:00,1,4.5452,36013.21,3223.68,1367.77,35575.85
64,99,2026-01-09T10:40:00,1,19.3079,135604.93,7035.55,4617.91,135735.36
65,242,2026-01-30T20:57:00,1,137.6048,13901.17,1209.88,492.77,12769.12
66,355,2026-01-25T10:17:00,1,34.4809,3624.22,436.12,104.72,3345.31
67,414,2026-01-02T09:16:00,1,3.8752,30519.61,2649.06,911.25,30827.66
68,434,2026-01-09T12:39:00,1,133.699,13334.43,1000.7,353.21,13167.44
69,208,2026-01-06T17:49:00,1,11.0838,86661.44,6843.78,2338.81,85709.59
70,230,2026-01-07T16:45:00,1,3.6613,29015.31,2621.33,782.25,28608.91
71,138,2026-01-04T20:16:00,1,3.6759,28583.77,2167.06,757.51,28870.75
72,414,2026-01-15T19:40:00,1,3.8752,30322.62,2451.56,969.43,30827.66
73,1,2026-01-30T11:44:00,1,4.1528,32539.54,2638.26,995.65,32569.41
74,175,2026-01-29T20:49:00,1,10.3823,72475.76,3554.83,1858.82,72240.21
75,263,2026-01-16T10:34:00,1,11.0827,86274.68,6564.58,3140.73,85885.6
76,121,2026-01-01T16:07:00,1,5.6102,39689.57,2466.23,1366.22,40191.05
77,303,2026-01-18T19:19:00,1,14.7384,111119.76,5126.64,3355.17,110410.01
78,214,2026-01-02T10:23:00,1,15.0718,108551.55,154.71,4111.17,108686.25
79,285,2026-01-28T16:48:00,1,15.0484,106362.09,6245.54,2832.41,106315.65
80,409,2026-01-10T09:24:00,1,46.9191,4820.26,483.06,134.3,4742.35
81,352,2026-01-07T10:40:00,1,5.1549,36199.77,1979.02,1107.47,36627.39
82,367,2026-01-12T16:47:00,1,9.0261,65200.97,90.02,2407.92,64992.84
83,102,2026-01-05T18:15:00,1,18.5,128481.37,5873.73,3330.84,127765.91
84,262,2026-01-13T13:31:00,1,7.1953,50616.56,2626.57,1646.0,50055.68
85,285,2026-01-31T09:02:00,1,15.0484,106188.63,6100.67,3329.13,106315.65
86,180,2026-01-02T15:07:00,1,21.5984,152611.89,8776.91,5315.31,148955.68
87,114,2026-01-26T19:55:00,1,22.4097,175141.94,13859.55,5656.37,174081.22
88,465,2026-01-18T10:02:00,1,6.5188,45681.12,2424.45,1508.19,45599.09
89,392,2026-01-05T18:02:00,1,61.6451,6437.81,738.1,166.38,6495.48
90,130,2026-01-23T19:03:00,1,2.9689,23340.13,1987.21,601.8,22961.63
91,481,2026-01-10T18:10:00,1,9.6978,69814.77,103.2,1874.2,68391.88
92,445,2026-01-19T10:31:00,1,56.0557,5786.83,614.01,208.69,5771.96
93,317,2026-01-26T12:27:00,1,14.7122,114915.02,9031.46,3034.65,114345.81
94,179,2026-01-26T15:20:00,1,4.8051,38171.79,3589.53,1337.75,37811.65
95,65,2026-01-22T12:48:00,1,7.9839,60120.21,2593.66,1644.76,59602.63
96,26,2026-01-19T13:09:00,1,42.9332,302976.57,16854.27,8001.38,301652.08
97,403,2026-01-14T11:28:00,1,49.0885,4985.73,458.3,151.24,4680.14
98,130,2026-01-30T19:39:00,1,2.9689,23338.31,1961.43,637.3,22961.63
99,199,2026-01-25T10:00:00,1,19.2605,135009.54,6818.01,4976.35,135549.94
100,4,2026-01-06T18:56:00,1,11.895,85788.43,129.09,2972.25,85659.68
101,152,2026-01-14T16:44:00,1,14.682,103226.43,5337.57,3689.38,103061.96
102,68,2026-01-07T16:26:00,1,19.087,133444.18,6735.32,3878.98,131507.3
103,128,2026-01-31T18:11:00,1,11.2314,80844.84,105.0,2785.38,79829.9
104,382,2026-01-16T13:22:00,1,52.9414,5428.83,541.28,145.09,5290.2
105,223,2026-01-01T17:06:00,1,5.2555,41582.04,3721.31,1166.64,42046.11
106,329,2026-01-12T17:14:00,1,18.6736,146721.42,12016.98,5609.28,145833.14
107,247,2026-01-25T09:12:00,1,21.3958,150739.43,8336.05,4260.47,150400.66
108,61,2026-01-26T16:31:00,1,13.7262,96444.54,4850.02,3510.62,97468.86
109,95,2026-01-06T19:23:00,1,30.4621,3130.6,314.99,81.87,3083.7
110,152,2026-01-07T16:02:00,1,14.682,102537.87,5071.56,3063.73,103061.96
111,57,2026-01-24T11:50:00,1,19.0088,136909.26,173.07,4446.57,135836.68
112,15,2026-01-16T12:46:00,1,47.6096,4872.84,477.52,129.16,4864.61
113,237,2026-01-19T20:43:00,1,8.7772,61615.45,3121.03,1907.86,60919.31
114,477,2026-01-11T12:06:00,1,13.4506,94612.66,4835.29,2555.46,95448.9
115,127,2026-01-24T12:04:00,1,3.0645,24151.55,2107.65,680.09,24174.65
116,253,2026-01-19T11:13:00,1,12.2356,92051.62,3903.18,3405.75,91721.49
117,493,2026-01-20T11:29:00,1,3.8343,26995.84,1519.91,824.93,26508.07
118,383,2026-01-07T12:21:00,1,62.5518,6557.11,770.44,249.74,6020.38
119,69,2026-01-02T11:07:00,1,62.0656,6512.63,773.42,171.7,6460.93
120,454,2026-01-15T14:14:00,1,40.6398,4151.65,403.03,115.38,3882.48
121,471,2026-01-10T19:39:00,1,4.1632,29646.38,1912.27,1058.56,29492.86
122,481,2026-01-06T12:05:00,1,9.6978,69935.16,98.49,2285.15,68391.88
123,219,2026-01-28T12:37:00,1,78.5036,7896.27,630.76,289.29,7781.34
124,254,2026-01-27T15:47:00,1,49.5838,5074.68,492.15,130.85,5015.91
125,464,2026-01-08T12:57:00,1,13.6974,106503.44,7803.95,3318.48,105905.51
126,492,2026-01-19T09:26:00,1,5.5826,44475.09,4256.59,1658.75,43858.87
127,25,2026-01-02T17:02:00,1,12.8433,100832.53,8463.13,3527.98,100203.32
128,226,2026-01-17T20:52:00,1,13.4675,94197.52,4614.0,3387.75,94757.39
129,54,2026-01-15T09:44:00,1,23.9682,186750.49,14367.36,4979.44,187040.66
130,389,2026-01-14T13:15:00,1,19.9391,142067.37,9128.01,3878.26,138409.52
131,344,2026-01-03T11:45:00,1,14.46,100653.38,4571.02,3438.69,99419.04
132,245,2026-01-28T16:29:00,1,39.8096,4168.82,484.44,137.87,3779.27
133,412,2026-01-05T14:40:00,1,3.3552,23859.23,1622.84,734.59,23617.3
134,247,2026-01-23T10:24:00,1,21.3958,150082.95,8347.33,5494.97,150400.66
135,475,2026-01-23T15:48:00,1,4.7599,33372.1,1840.33,868.3,33417.72
136,144,2026-01-23T12:50:00,1,7.8189,55202.59,3406.6,1796.47,55403.35
137,365,2026-01-03T09:32:00,1,7.5425,54468.39,77.24,1628.44,53540.84
138,483,2026-01-22T15:23:00,1,9.9881,70091.48,3400.74,1840.6,70426.37
139,248,2026-01-20T19:35:00,1,12.1774,84780.04,3870.72,2568.02,84291.64
140,375,2026-01-03T11:21:00,1,4.191,29756.81,1908.87,1056.42,29466.95
141,128,2026-01-18T18:55:00,1,11.2314,80875.7,103.63,2565.76,79829.9
142,374,2026-01-07T14:22:00,1,158.1349,15958.2,1329.14,563.95,15997.31
143,477,2026-01-09T09:04:00,1,13.4506,94681.07,5114.87,2936.39,95448.9
144,197,2026-01-12T10:30:00,1,3.3083,26158.62,2293.77,837.56,26110.51
145,378,2026-01-18T13:28:00,1,22.3074,156110.79,8086.02,5061.2,157085.33
146,330,2026-01-12T10:12:00,1,4.6319,32818.92,1963.89,1237.3,32722.75
147,474,2026-01-29T11:18:00,1,2.6939,21124.55,1736.28,562.47,21209.1
148,42,2026-01-04T11:31:00,1,5.2378,41061.88,3420.64,1110.06,41098.97
149,81,2026-01-28T09:18:00,1,18.3862,128377.38,6054.54,4850.99,129100.71
150,222,2026-01-22T14:26:00,1,12.5433,94425.61,4047.12,2576.87,93951.6
151,237,2026-01-24T10:01:00,1,8.7772,61392.54,3160.91,1800.73,60919.31
152,464,2026-01-26T19:21:00,1,13.6974,106358.52,7778.47,4012.62,105905.51
153,219,2026-01-19T14:31:00,1,78.5036,7852.59,608.28,265.96,7781.34
154,316,2026-01-22T16:29:00,1,4.8799,38711.66,3550.42,1408.19,37802.56
155,162,2026-01-19T11:50:00,1,11.2042,78301.63,3632.81,2795.65,78313.61
156,139,2026-01-08T09:09:00,1,9.7207,73145.37,3100.82,2781.37,72596.75
157,187,2026-01-10T11:45:00,1,12.717,98977.7,7562.94,2744.6,97984.38
158,286,2026-01-10T20:44:00,1,25.0601,176800.05,9856.43,4922.93,177158.65
159,481,2026-01-22T10:02:00,1,9.6978,69978.44,102.69,1935.89,68391.88
160,169,2026-01-19T11:13:00,1,4.4869,35230.98,2906.19,1019.35,35620.32
161,300,2026-01-23T14:09:00,1,18.9634,131641.8,6019.52,3904.09,131950.52
162,197,2026-01-15T13:07:00,1,3.3083,26128.09,2334.27,723.26,26110.51
163,489,2026-01-01T11:29:00,1,9.8667,74176.98,3097.08,2373.11,74116.5
164,493,2026-01-11T17:32:00,1,3.8343,27020.64,1428.22,1027.27,26508.07
165,176,2026-01-21T13:48:00,1,79.6742,8358.87,995.38,264.69,8292.88
166,306,2026-01-22T16:21:00,1,28.0255,197024.82,9898.0,6469.3,196973.59
167,367,2026-01-04T11:43:00,1,9.0261,64960.15,94.44,2411.47,64992.84
168,295,2026-01-04T12:28:00,1,14.8897,103708.03,5011.36,3188.07,104029.99
169,189,2026-01-03T12:37:00,1,10.9377,76689.73,4011.99,2560.24,76279.2
170,281,2026-01-08T12:01:00,1,13.5853,95825.64,5452.83,3394.03,94266.98
171,46,2026-01-18T10:32:00,1,3.1675,24982.26,2202.77,856.05,24850.85
172,208,2026-01-07T17:03:00,1,11.0838,86539.72,6637.6,2883.56,85709.59
173,483,2026-01-22T15:23:00,1,9.9881,70089.44,3398.7,1927.02,70426.37
174,204,2026-01-12T13:28:00,1,23.1628,2349.74,209.03,70.53,2149.33
175,465,2026-01-18T16:47:00,1,6.5188,45649.12,2392.45,1593.91,45599.09
176,221,2026-01-26T20:57:00,1,12.4688,93681.96,3944.13,2594.66,93644.97
177,226,2026-01-24T18:38:00,1,13.4675,94436.4,5087.35,2586.28,94757.39
178,48,2026-01-05T17:21:00,1,12.8521,89411.86,4235.34,2832.12,89666.74
179,36,2026-01-30T10:00:00,1,3.5236,28064.36,2693.49,990.06,27680.59
180,218,2026-01-21T17:29:00,1,41.5219,296039.96,18884.6,9149.35,292651.2
181,378,2026-01-19T11:53:00,1,22.3074,156870.7,8206.16,4290.83,157085.33
182,202,2026-01-10T13:53:00,1,4.3318,34203.6,3064.93,894.1,34338.44
183,312,2026-01-10T12:01:00,1,22.4573,157455.25,7850.78,5521.98,159340.48
184,422,2026-01-01T19:53:00,1,43.7528,4446.51,407.25,130.91,4400.94
185,338,2026-01-16T13:26:00,1,10.8588,81313.38,3213.63,2774.71,81297.73
186,96,2026-01-16T09:07:00,1,14.1124,98878.05,5341.2,3347.34,99348.29
187,407,2026-01-09T18:47:00,1,9.1757,64307.1,3207.03,2445.21,63908.48
188,192,2026-01-19T13:40:00,1,4.2888,30504.54,1922.43,951.18,30519.56
189,366,2026-01-16T14:32:00,1,20.7568,2029.9,113.63,73.23,2026.31
190,391,2026-01-19T18:03:00,1,39.395,3813.34,177.97,110.29,3531.14
191,78,2026-01-11T14:10:00,1,3.8207,30196.5,2653.65,1040.99,29924.02
192,30,2026-01-09T14:03:00,1,7.7113,58022.02,2399.1,1957.89,57546.22
193,155,2026-01-10T17:12:00,1,43.3929,4229.49,218.25,158.96,3892.97
194,409,2026-01-21T11:34:00,1,46.9191,4775.73,439.47,128.04,4742.35
195,172,2026-01-28T13:17:00,1,27.5585,2683.27,132.73,97.71,2681.44
196,365,2026-01-23T18:22:00,1,7.5425,54325.44,78.27,1457.37,53540.84
197,439,2026-01-05T14:49:00,1,5.9325,41726.84,2409.55,1344.96,41926.14
198,260,2026-01-14T10:13:00,1,24.8355,173999.79,8414.81,6482.9,172993.89
199,83,2026-01-17T17:39:00,1,16.4877,128116.75,9340.84,3588.77,128344.3
200,368,2026-01-27T20:35:00,1,6.4593,48717.27,2254.04,1774.76,48411.74
201,374,2026-01-25T10:07:00,1,158.1349,15962.79,1341.64,493.92,15997.31
202,437,2026-01-05T13:44:00,1,4.6132,36654.82,3502.7,1163.34,36470.1
203,192,2026-01-05T18:33:00,1,4.2888,30476.09,2052.33,1127.26,30788.16
204,406,2026-01-11T20:52:00,1,17.4692,126096.08,163.24,3719.83,124975.1
205,64,2026-01-08T20:14:00,1,3.1873,22382.97,1180.25,771.91,22032.51
206,164,2026-01-05T15:44:00,1,3.6678,28603.85,2245.72,1091.47,28940.57
207,406,2026-01-26T16:48:00,1,17.4692,125886.79,161.13,3253.01,124975.1
208,230,2026-01-02T19:32:00,1,3.6613,28739.44,2407.26,747.79,28608.91
209,316,2026-01-02T09:04:00,1,4.8799,38491.2,3394.81,1433.0,37802.56
210,161,2026-01-22T10:58:00,1,28.3219,199836.01,10730.12,5362.65,199490.24
211,321,2026-01-07T19:22:00,1,3.0001,23611.68,1984.23,664.91,23745.41
212,15,2026-01-03T13:37:00,1,47.6096,4840.05,442.35,170.13,4864.61
213,185,2026-01-12T20:39:00,1,138.7501,13857.92,1034.64,443.57,13788.13
214,129,2026-01-17T18:48:00,1,58.1956,6082.52,708.16,163.43,5543.18
215,8,2026-01-17T13:10:00,1,4.5632,35886.32,3013.44,1006.68,36048.01
216,479,2026-01-25T10:59:00,1,24.1015,188360.34,14568.28,7169.34,187108.32
217,115,2026-01-30T14:44:00,1,15.2051,109633.01,152.18,3799.8,108495.55
218,314,2026-01-06T11:53:00,1,3.5003,27627.32,2420.64,1045.95,27744.15
219,188,2026-01-13T15:07:00,1,32.234,3141.33,158.72,101.1,3099.91
220,405,2026-01-11T11:31:00,1,69.8843,7233.49,775.48,195.39,7338.21
221,406,2026-01-12T09:05:00,1,17.4692,126198.19,181.84,4130.63,124975.1
222,174,2026-01-16T18:47:00,1,36.7959,258149.39,14266.53,7545.77,261235.38
223,166,2026-01-22T17:26:00,1,42.0913,300406.41,19361.96,9397.5,298034.29
224,155,2026-01-28T16:43:00,1,43.3929,4229.85,213.84,154.67,3892.97
225,195,2026-01-06T19:06:00,1,5.6896,39845.54,2054.08,1363.88,40165.21
226,209,2026-01-15T10:09:00,1,18.2845,127787.93,6428.58,4377.94,127603.97
227,209,2026-01-13T20:59:00,1,18.2845,128600.06,6649.21,4901.32,127603.97
228,474,2026-01-06T14:12:00,1,2.6939,20998.15,1598.59,799.67,21209.1
229,317,2026-01-28T15:46:00,1,14.7122,115520.92,9693.56,3138.86,114345.81
230,267,2026-01-09T18:17:00,1,11.3594,80186.3,4545.19,2838.95,80167.77
231,403,2026-01-26T14:30:00,1,49.0885,5055.23,520.43,190.45,4680.14
232,355,2026-01-20T17:17:00,1,34.4809,3635.68,451.02,139.03,3345.31
233,79,2026-01-25T16:31:00,1,19.4648,136302.16,6750.87,3702.52,135290.39
234,124,2026-01-21T20:03:00,1,16.7443,131730.56,10935.51,3422.42,128948.28
235,443,2026-01-03T11:24:00,1,15.7014,122644.68,9417.33,3181.7,122611.63
236,322,2026-01-22T18:06:00,1,36.3621,257534.0,14743.53,7590.87,257975.67
237,405,2026-01-03T16:50:00,1,69.8843,7320.84,865.63,236.14,7338.21
238,248,2026-01-07T17:16:00,1,12.1774,84925.67,4086.12,2715.34,84291.64
239,289,2026-01-11T09:48:00,1,4.1901,33320.42,3114.62,1083.54,33239.92
240,19,2026-01-14T16:20:00,1,12.8924,90812.5,4855.39,2463.28,89698.17
241,454,2026-01-13T11:35:00,1,40.6398,4162.13,401.73,108.47,3882.48
242,350,2026-01-28T11:31:00,1,40.4539,3957.58,213.57,146.13,3943.14
243,230,2026-01-05T10:36:00,1,3.6613,28778.2,2466.78,880.04,28608.91
244,359,2026-01-16T18:30:00,1,1.683,13233.61,1128.97,454.88,13114.37
245,255,2026-01-18T15:16:00,1,5.3041,37468.31,2272.0,1202.19,37024.42
246,265,2026-01-19T14:49:00,1,20.2554,2090.8,221.63,70.04,1896.91
247,152,2026-01-11T11:53:00,1,14.682,102684.44,4687.96,3404.8,103061.96
248,194,2026-01-12T19:21:00,1,3.7547,29876.03,2791.01,988.14,29655.1
249,201,2026-01-04T15:22:00,1,18.3302,128367.48,6865.38,4916.08,129569.1
250,31,2026-01-22T13:37:00,1,19.1019,148510.15,10874.85,4247.86,150233.59
251,47,2026-01-30T10:21:00,1,4.4362,31274.46,1841.2,1148.47,30937.05
252,91,2026-01-01T19:55:00,1,9.0049,64962.22,90.74,1694.11,65183.81
253,225,2026-01-19T09:44:00,1,26.4171,187180.99,11127.93,5800.93,187721.1
254,250,2026-01-19T18:24:00,1,77.1732,7959.13,837.59,236.0,8120.8
255,172,2026-01-19T20:43:00,1,27.5585,2669.81,126.71,85.04,2681.44
256,110,2026-01-11T19:21:00,1,19.8326,143168.44,198.2,5152.15,139927.76
257,90,2026-01-20T12:31:00,1,25.9884,183150.13,10477.48,6961.29,185674.24
258,338,2026-01-28T17:13:00,1,10.8588,81913.49,3804.3,2175.96,81297.73
259,154,2026-01-09T15:51:00,1,24.6383,171907.02,7843.04,6592.93,170050.2
260,121,2026-01-20T18:06:00,1,5.6102,39922.63,2647.23,1069.01,39753.67
261,316,2026-01-11T17:30:00,1,4.8799,38439.57,3261.1,1262.75,37802.56
262,227,2026-01-07T13:32:00,1,14.5655,113473.81,8472.43,3016.28,112682.14
263,428,2026-01-10T12:26:00,1,2.987,23387.22,1915.5,760.35,23252.12
264,214,2026-01-09T17:11:00,1,15.0718,108869.94,154.48,3418.66,108686.25
265,469,2026-01-01T11:36:00,1,3.5698,25149.84,1464.43,810.02,24959.42
266,267,2026-01-07T16:17:00,1,11.3594,79864.66,4455.4,2886.79,80167.77
267,497,2026-01-21T15:59:00,1,3.6197,28481.08,2368.2,953.11,28205.6
268,302,2026-01-24T14:29:00,1,24.6146,172137.11,8833.52,5557.46,173269.35
269,79,2026-01-08T13:54:00,1,19.4648,135821.16,6336.44,4668.43,135290.39
270,232,2026-01-14T10:40:00,1,38.8965,3774.85,187.43,136.75,3473.25
271,109,2026-01-28T19:10:00,1,38.1991,3910.63,375.3,141.34,3663.12
272,137,2026-01-22T10:09:00,1,19.0534,148949.34,11663.5,4586.91,148541.66
273,103,2026-01-01T16:31:00,1,40.7114,286346.46,16228.76,10362.46,290274.3
274,299,2026-01-14T12:10:00,1,2.7577,19607.94,1221.61,729.27,19335.39
275,145,2026-01-05T13:42:00,1,8.7446,65376.59,2534.75,2334.45,65283.92
276,294,2026-01-06T20:31:00,1,11.2674,1099.41,57.96,28.74,1099.9
277,417,2026-01-01T14:38:00,1,14.235,106699.31,4150.09,3955.91,106028.35
278,159,2026-01-28T14:42:00,1,106.8915,10673.3,780.49,403.72,9855.57
279,349,2026-01-29T20:53:00,1,3.9789,31010.91,2374.37,1168.26,30859.88
280,75,2026-01-08T10:33:00,1,5.2811,37323.25,2192.05,1306.36,37112.22
281,354,2026-01-27T17:16:00,1,3.0016,23573.62,1982.42,837.37,23185.98
282,266,2026-01-29T14:21:00,1,3.1433,24642.63,2019.99,820.05,25026.34
283,444,2026-01-19T20:15:00,1,21.3326,149988.8,7820.67,5386.81,149570.04
284,496,2026-01-14T12:17:00,1,11.1941,84002.57,3380.09,2265.32,84505.86
285,235,2026-01-14T16:34:00,1,8.0469,58032.13,76.51,1923.5,57915.77
286,198,2026-01-23T15:30:00,1,15.7741,1542.37,85.95,45.73,1524.81
287,363,2026-01-08T11:23:00,1,13.8933,109219.51,9108.42,4025.48,109138.17
288,255,2026-01-23T19:57:00,1,5.3041,37202.32,2065.52,1099.13,37024.42
289,323,2026-01-02T09:44:00,1,11.8931,89601.24,4065.71,3053.29,89968.8
290,487,2026-01-26T15:19:00,1,139.4639,14037.68,1154.0,404.82,13934.72
291,340,2026-01-31T19:07:00,1,165.8251,16720.31,1379.83,621.33,16808.1
292,285,2026-01-28T09:58:00,1,15.0484,105533.45,5416.9,3299.27,106315.65
293,208,2026-01-30T10:59:00,1,11.0838,87092.39,7286.04,2514.43,85709.59
294,439,2026-01-25T11:58:00,1,5.9325,42013.14,2528.38,1188.68,41926.14
295,234,2026-01-21T19:26:00,1,16.4047,115505.92,6005.86,4157.84,115501.01
296,421,2026-01-02T16:30:00,1,70.6148,7338.83,809.08,195.4,7439.08
297,393,2026-01-14T15:56:00,1,5.8217,41658.08,2843.23,1243.86,40589.86
298,488,2026-01-27T13:32:00,1,4.4681,31500.84,1849.95,871.07,31759.9
299,36,2026-01-12T17:47:00,1,3.5236,27845.44,2427.49,972.76,27680.59
300,174,2026-01-15T19:41:00,1,36.7959,260282.33,16057.64,9201.84,261235.38
301,99,2026-01-21T09:25:00,1,19.3079,136132.64,7253.95,4602.11,135735.36
302,107,2026-01-21T10:10:00,1,29.1472,205200.42,10645.19,6765.53,203805.95
303,133,2026-01-17T19:48:00,1,14.5876,114214.17,9126.41,4046.08,113326.2
304,70,2026-01-28T14:28:00,1,30.9727,3024.3,157.78,93.31,2738.64
305,256,2026-01-28T19:37:00,1,3.4873,27458.1,2373.36,794.55,27499.72
306,441,2026-01-11T15:23:00,1,5.6742,40579.37,2706.35,1142.02,40018.79
307,98,2026-01-13T18:14:00,1,6.3389,45004.55,2726.43,1696.35,44080.64
308,11,2026-01-31T18:40:00,1,22.9405,161294.64,8715.77,5282.27,161804.94
309,123,2026-01-30T13:44:00,1,7.2724,50920.68,2669.83,1604.97,51109.23
310,454,2026-01-06T18:16:00,1,40.6398,4126.14,369.8,138.27,3882.48
311,80,2026-01-03T18:07:00,1,3.9658,28083.19,1731.64,780.08,27956.4
312,8,2026-01-23T16:52:00,1,4.5632,36030.2,3210.75,1279.04,36048.01
313,358,2026-01-16T12:55:00,1,5.1854,36524.18,2155.4,1268.62,36512.32
314,434,2026-01-26T15:08:00,1,133.699,13370.69,1019.58,470.04,13484.87
315,230,2026-01-28T13:46:00,1,3.6613,28748.87,2412.52,815.3,28608.91
316,360,2026-01-07T11:01:00,1,6.8958,48490.97,2713.27,1494.93,48223.19
317,155,2026-01-09T12:23:00,1,43.3929,4208.49,205.49,132.03,3892.97
318,311,2026-01-22T16:08:00,1,6.7935,51187.28,2237.94,1366.57,50940.29
319,464,2026-01-11T12:45:00,1,13.6974,107740.7,8998.2,3306.42,105905.51
320,203,2026-01-23T10:06:00,1,3.5736,28165.19,2463.14,936.33,27946.28
321,298,2026-01-02T16:58:00,1,12.0285,90013.66,3504.33,3377.1,89544.49
322,188,2026-01-20T18:45:00,1,32.234,3152.46,175.33,119.73,3099.91
323,399,2026-01-26T18:24:00,1,14.9726,112113.37,4355.72,3234.11,112741.34
324,161,2026-01-13T17:02:00,1,28.3219,201199.23,12302.64,5491.26,199490.24
325,310,2026-01-06T14:56:00,1,30.6255,215666.75,12246.05,6911.68,214159.66
326,249,2026-01-05T15:09:00,1,17.3609,120635.95,5577.63,4185.01,121028.97
327,139,2026-01-04T16:55:00,1,9.7207,72851.87,2994.45,2777.48,72596.75
328,445,2026-01-09T13:57:00,1,56.0557,5877.15,706.01,220.13,5771.96
329,466,2026-01-09T13:33:00,1,4.9899,39564.82,3571.82,1398.54,39724.52
330,167,2026-01-14T16:48:00,1,12.0913,85180.27,4564.31,2524.65,82726.23
331,81,2026-01-18T16:03:00,1,18.3862,128894.48,6889.54,4384.34,129100.71
332,101,2026-01-05T16:16:00,1,6.4304,44960.11,2343.02,1256.37,45333.33
333,88,2026-01-23T16:02:00,1,28.7165,201071.85,10840.54,5446.05,201394.38
334,236,2026-01-12T16:31:00,1,45.6461,4819.91,601.3,157.99,4839.22
335,61,2026-01-28T14:05:00,1,13.7262,96765.21,5445.21,2660.57,97468.86
336,109,2026-01-28T20:32:00,1,38.1991,3900.83,365.5,141.55,3663.12
337,439,2026-01-09T12:37:00,1,5.9325,42207.31,2703.39,1438.77,41926.14
338,3,2026-01-17T10:15:00,1,15.4507,121070.63,9765.18,3379.24,119964.69
339,410,2026-01-16T09:18:00,1,25.5672,2625.08,264.72,97.02,2604.67
340,362,2026-01-22T10:53:00,1,198.9095,19870.1,1470.97,603.68,20107.23
341,172,2026-01-05T20:42:00,1,27.5585,2672.87,124.81,84.17,2681.44
342,257,2026-01-15T19:00:00,1,3.6998,26074.52,1517.91,757.39,26155.07
343,175,2026-01-02T14:46:00,1,10.3823,72888.44,3747.31,2753.1,72240.21
344,391,2026-01-30T12:55:00,1,39.395,3848.39,214.99,126.56,3531.14
345,27,2026-01-26T09:47:00,1,5.6731,40482.67,2626.24,1203.82,40006.98
346,39,2026-01-18T15:16:00,1,38.8962,4024.35,424.12,122.67,3932.05
347,96,2026-01-08T10:01:00,1,14.1124,99277.96,5398.75,3641.38,99348.29
348,454,2026-01-07T13:41:00,1,40.6398,4138.59,379.0,147.24,3882.48
349,401,2026-01-31T16:51:00,1,6.8381,48300.2,2819.52,1311.05,48170.62
350,231,2026-01-24T19:38:00,1,16.9595,132794.11,10799.17,3926.63,132966.82
351,71,2026-01-12T17:12:00,1,13.8926,104808.88,4592.8,3799.35,103311.6
352,262,2026-01-15T18:38:00,1,7.1953,50857.19,3099.97,1612.09,50055.68
353,225,2026-01-03T18:11:00,1,26.4171,187198.04,11664.34,6735.52,187721.1
354,232,2026-01-21T14:29:00,1,38.8965,3786.41,191.6,98.89,3473.25
355,360,2026-01-08T16:33:00,1,6.8958,48712.34,2839.75,1692.0,48223.19
356,335,2026-01-21T15:05:00,1,17.4016,122274.91,6120.62,3585.22,121123.7
357,482,2026-01-26T11:43:00,1,14.7715,104157.82,5588.04,2864.57,103667.1
358,480,2026-01-10T13:36:00,1,23.4422,165682.13,9516.52,5350.8,164740.93
359,27,2026-01-18T10:32:00,1,5.6731,39981.56,2336.68,1046.61,40006.98
360,226,2026-01-14T18:52:00,1,13.4675,94122.8,4331.34,3205.72,94757.39
361,135,2026-01-12T17:01:00,1,22.9212,2336.35,217.97,62.26,2169.92
362,62,2026-01-24T11:53:00,1,4.7149,37322.83,3407.09,1041.24,37523.03
363,208,2026-01-02T13:20:00,1,11.0838,85811.05,6096.03,3159.77,85709.59
364,313,2026-01-24T18:51:00,1,10.3132,72305.84,3883.74,2471.36,72898.75
365,141,2026-01-11T11:13:00,1,2.1494,17022.22,1527.52,625.62,16725.03
366,99,2026-01-03T19:06:00,1,19.3079,135994.69,7699.49,4532.96,135735.36
367,232,2026-01-18T09:10:00,1,38.8965,3775.99,175.73,115.75,3473.25
368,348,2026-01-16T19:47:00,1,9.5558,66653.63,3317.88,2051.94,66314.47
369,321,2026-01-24T18:23:00,1,3.0001,23525.54,1944.89,788.5,23745.41
370,368,2026-01-22T13:05:00,1,6.4593,48799.76,2258.44,1670.97,48411.74
371,68,2026-01-05T09:44:00,1,19.087,133045.83,6547.88,3596.56,131507.3
372,101,2026-01-28T11:41:00,1,6.4304,45110.0,2328.74,1432.62,45333.33
373,129,2026-01-14T17:12:00,1,58.1956,6113.51,746.13,223.66,5543.18
374,48,2026-01-10T15:01:00,1,12.8521,90358.11,4740.89,2484.53,89666.74
375,63,2026-01-06T16:31:00,1,12.9209,90709.48,4886.28,3179.95,87995.0
376,253,2026-01-01T12:18:00,1,12.2356,92342.65,4197.14,3055.7,91721.49
377,304,2026-01-27T09:06:00,1,23.2115,162700.98,8666.45,4271.19,163217.9
378,335,2026-01-28T16:47:00,1,17.4016,122122.45,6350.13,4657.44,121123.7
379,309,2026-01-20T09:31:00,1,20.9922,164459.81,13177.42,6313.21,163877.64
380,212,2026-01-16T19:57:00,1,170.6976,17128.03,1369.23,597.34,15848.48
381,436,2026-01-28T17:01:00,1,2.5687,20142.71,1665.61,699.82,20274.97
382,225,2026-01-19T19:26:00,1,26.4171,186739.61,10686.55,4932.34,187721.1
383,473,2026-01-16T19:22:00,1,4.9432,34589.28,1825.8,1161.18,34561.14
384,239,2026-01-23T20:12:00,1,20.6013,143590.98,7118.49,3972.45,142380.11
385,250,2026-01-12T18:58:00,1,77.1732,8046.97,914.62,258.29,8120.8
386,365,2026-01-11T20:42:00,1,7.5425,54454.54,81.79,1988.91,53540.84
387,249,2026-01-05T15:26:00,1,17.3609,121600.29,6541.97,4238.3,121028.97
388,444,2026-01-31T16:51:00,1,21.3326,149609.53,7724.91,5236.73,149570.04
389,450,2026-01-06T20:05:00,1,10.9034,1063.65,55.85,31.08,981.47
390,355,2026-01-16T18:31:00,1,34.4809,3566.36,383.08,100.41,3345.31
391,55,2026-01-26T13:15:00,1,41.8192,296327.2,17268.93,11355.32,292340.34
392,112,2026-01-18T13:22:00,1,3.2447,25252.68,1918.0,652.33,25379.69
393,360,2026-01-06T17:02:00,1,6.8958,48382.15,2578.87,1770.84,47919.69
394,430,2026-01-03T12:07:00,1,7.8341,55087.18,3031.94,1490.59,55613.16
395,300,2026-01-08T14:49:00,1,18.9634,132768.37,6619.09,5087.54,131950.52
396,26,2026-01-25T11:54:00,1,42.9332,305143.34,19394.13,8856.45,301652.08
397,368,2026-01-28T20:03:00,1,6.4593,48536.18,2073.34,1658.45,48411.74
398,492,2026-01-31T10:06:00,1,5.5826,43991.2,3859.23,1383.58,43858.87
399,417,2026-01-20T10:52:00,1,14.235,107241.05,4655.1,3923.67,106028.35
400,300,2026-01-02T10:55:00,1,18.9634,132934.03,6646.89,3687.35,131950.52
401,110,2026-01-30T20:28:00,1,19.8326,142992.91,192.84,4993.72,139927.76
402,406,2026-01-17T11:41:00,1,17.4692,126021.18,174.64,4630.31,124975.1
403,193,2026-01-11T12:28:00,1,14.9404,105284.12,5562.93,2861.01,102287.59
404,221,2026-01-25T16:21:00,1,12.4688,94115.23,4204.71,2704.88,93644.97
405,153,2026-01-17T20:48:00,1,36.3674,3766.25,407.72,109.24,3461.47
406,221,2026-01-12T17:26:00,1,12.4688,94038.62,4093.31,2702.84,93120.93
407,420,2026-01-08T15:57:00,1,5.4005,42421.09,3506.65,1318.83,42098.77
408,244,2026-01-31T14:01:00,1,15.9038,112246.66,6469.37,4015.17,111267.13
409,236,2026-01-05T17:04:00,1,45.6461,4797.79,577.35,166.89,4839.22
410,47,2026-01-11T11:27:00,1,4.4362,31318.61,1708.75,1195.4,30937.05
411,34,2026-01-13T19:09:00,1,12.0678,84930.44,4442.68,2891.9,84501.09
412,480,2026-01-19T20:51:00,1,23.4422,164347.49,8120.23,5535.98,164740.93
413,352,2026-01-29T15:56:00,1,5.1549,36289.94,2070.12,1066.39,36627.39
414,362,2026-01-23T20:20:00,1,198.9095,19973.65,1608.34,589.13,20107.23
415,483,2026-01-12T17:39:00,1,9.9881,69686.71,3151.78,2033.54,70150.3
416,489,2026-01-05T12:56:00,1,9.8667,74189.48,3283.82,2322.96,74116.5
417,291,2026-01-20T20:22:00,1,2.3094,18230.6,1587.68,618.86,18316.84
418,472,2026-01-26T12:56:00,1,13.3279,93864.13,4927.45,2888.92,92236.75
419,161,2026-01-03T20:46:00,1,28.3219,198984.16,10793.63,5945.95,199490.24
420,394,2026-01-29T13:13:00,1,16.5177,115456.84,5807.23,4421.61,116296.83
421,51,2026-01-17T19:10:00,1,62.6149,6541.65,759.16,211.12,6550.57
422,12,2026-01-01T13:15:00,1,28.8297,203093.83,11810.5,6602.81,201674.99
423,444,2026-01-25T17:07:00,1,21.3326,149156.39,7173.64,4625.51,149570.04
424,389,2026-01-02T17:22:00,1,19.9391,141731.37,8946.53,4099.56,138409.52
425,67,2026-01-02T16:19:00,1,5.6959,40626.64,2694.68,1529.56,39838.42
426,306,2026-01-24T12:51:00,1,28.0255,195528.77,9595.83,5853.93,196973.59
427,397,2026-01-19T19:42:00,1,7.6603,54155.32,3104.32,2006.32,53303.38
428,285,2026-01-28T13:42:00,1,15.0484,105944.22,5827.67,3187.26,106315.65
429,418,2026-01-27T20:24:00,1,23.6409,184848.49,14794.06,6323.14,183599.47
430,278,2026-01-24T18:12:00,1,14.5841,113216.75,8308.8,3373.46,113770.29
431,439,2026-01-25T20:27:00,1,5.9325,42080.31,2595.55,1130.03,41926.14
432,442,2026-01-14T11:30:00,1,22.5468,174784.23,12396.99,4613.62,171987.6
433,115,2026-01-15T15:37:00,1,15.2051,109496.73,139.22,3751.72,108495.55
434,299,2026-01-17T18:31:00,1,2.7577,19653.92,1310.17,722.51,19335.39
435,338,2026-01-14T16:46:00,1,10.8588,82027.45,3819.87,2823.34,81297.73
436,222,2026-01-27T16:45:00,1,12.5433,93970.04,3743.2,3014.0,93951.6
437,244,2026-01-05T17:07:00,1,15.9038,112010.63,6609.15,3603.24,111267.13
438,370,2026-01-07T11:35:00,1,9.1394,65975.69,90.58,1716.51,65899.15
439,196,2026-01-30T15:07:00,1,29.6387,3056.75,323.17,101.79,2814.98
440,65,2026-01-12T11:07:00,1,7.9839,60184.42,2591.52,1571.75,59602.63
441,197,2026-01-10T16:01:00,1,3.3083,26324.58,2543.23,776.09,26110.51
442,422,2026-01-05T09:59:00,1,43.7528,4451.59,406.21,147.56,4400.94
443,475,2026-01-10T20:31:00,1,4.7599,33761.28,2052.11,957.45,33417.72
444,2,2026-01-04T09:26:00,1,5.3919,37917.59,2177.27,1003.48,38149.13
445,258,2026-01-19T14:50:00,1,20.9309,147142.08,7651.03,4618.85,145290.21
446,200,2026-01-16T11:48:00,1,16.4058,116088.83,7351.35,4210.68,115360.06
447,74,2026-01-17T19:28:00,1,7.7284,58215.28,2540.58,2057.88,58085.62
448,80,2026-01-28T18:42:00,1,3.9658,28042.96,1658.61,749.96,27956.4
449,332,2026-01-14T14:34:00,1,6.9177,48826.84,2704.67,1812.61,48705.34
450,26,2026-01-31T13:41:00,1,42.9332,304198.35,18646.63,9512.78,301652.08
451,49,2026-01-28T19:50:00,1,22.3665,2278.73,208.71,59.06,2294.33
452,412,2026-01-23T19:35:00,1,3.3552,23678.51,1452.12,801.71,23928.38
453,47,2026-01-07T09:36:00,1,4.4362,31385.69,1936.02,1021.15,30937.05
454,279,2026-01-07T09:07:00,1,3.3772,26651.11,2305.18,853.74,26077.11
455,350,2026-01-30T13:50:00,1,40.4539,3934.62,203.56,149.19,3943.14
456,110,2026-01-08T18:28:00,1,19.8326,143119.36,211.4,5200.69,139927.76
457,47,2026-01-26T18:02:00,1,4.4362,31389.01,1786.38,932.3,30937.05
458,263,2026-01-28T11:26:00,1,11.0827,86946.36,7226.61,2604.17,85885.6
459,13,2026-01-28T10:07:00,1,24.6984,173010.39,8692.68,5275.04,174080.63
460,54,2026-01-18T13:49:00,1,23.9682,185796.91,13426.48,5098.94,187040.66
461,49,2026-01-05T11:03:00,1,22.3665,2283.03,215.02,70.35,2294.33
462,327,2026-01-31T09:19:00,1,2.2934,17925.32,1438.62,465.12,17890.91
463,206,2026-01-04T14:16:00,1,25.6022,180070.6,10365.91,5561.32,179998.58
464,199,2026-01-31T12:15:00,1,19.2605,135901.67,7798.74,3689.51,135549.94
465,401,2026-01-20T17:24:00,1,6.8381,48216.14,2782.3,1538.58,48170.62
466,62,2026-01-09T15:04:00,1,4.7149,37019.79,3010.41,1167.96,37523.03
467,259,2026-01-01T09:17:00,1,3.1863,25143.31,2189.14,718.89,24958.48
468,296,2026-01-31T17:41:00,1,106.5754,10726.59,867.3,288.54,9769.7
469,419,2026-01-05T10:54:00,1,3.1838,22324.19,1223.75,687.73,22366.68
470,338,2026-01-17T14:34:00,1,10.8588,81494.55,3268.73,3095.92,81297.73
471,91,2026-01-26T17:28:00,1,9.0049,64893.64,85.46,2452.55,65183.81
472,24,2026-01-01T18:18:00,1,6.8653,48468.68,2917.83,1837.07,48073.34
473,347,2026-01-06T16:17:00,1,8.607,64460.62,2479.12,2420.42,65058.93
474,319,2026-01-09T14:53:00,1,72.4721,7614.26,928.71,231.98,7612.44
475,336,2026-01-07T09:10:00,1,106.314,10700.11,865.0,343.82,10623.18
476,394,2026-01-18T15:44:00,1,16.5177,115962.09,6355.92,3414.87,116296.83
477,66,2026-01-27T13:56:00,1,14.0417,101135.48,130.3,3309.45,100611.13
478,231,2026-01-07T14:56:00,1,16.9595,132659.98,10400.47,5021.84,132966.82
479,363,2026-01-31T20:28:00,1,13.8933,107949.22,8073.62,3124.63,109183.11
480,145,2026-01-08T12:29:00,1,8.7446,65900.14,2889.09,1958.35,65283.92
481,319,2026-01-11T19:59:00,1,72.4721,7482.61,785.46,257.82,7612.44
482,2,2026-01-20T19:11:00,1,5.3919,37971.61,2146.64,1410.21,38149.13
483,220,2026-01-18T15:34:00,1,39.659,3884.81,213.97,134.42,3879.64
484,45,2026-01-26T17:01:00,1,16.0869,113402.03,6054.63,3848.44,113372.22
485,474,2026-01-27T10:22:00,1,2.6939,21239.56,1861.72,664.76,21209.1
486,434,2026-01-13T11:53:00,1,133.699,13510.81,1139.64,407.78,13167.44
487,410,2026-01-26T16:23:00,1,25.5672,2627.65,265.75,67.55,2604.67
488,497,2026-01-07T09:48:00,1,3.6197,28420.82,2326.73,808.16,28205.6
489,149,2026-01-22T10:52:00,1,24.2917,190832.87,15803.4,5759.36,190817.31
490,327,2026-01-21T12:31:00,1,2.2934,17976.85,1432.03,625.38,17890.91
491,192,2026-01-02T20:38:00,1,4.2888,30406.68,1845.33,1130.45,30788.16
492,112,2026-01-01T15:07:00,1,3.2447,25355.74,1980.86,915.61,25379.69
493,463,2026-01-09T17:12:00,1,4.2011,33284.66,2981.41,1062.56,33137.14
494,350,2026-01-24T18:11:00,1,40.4539,3949.34,204.93,135.6,3943.14
495,36,2026-01-19T13:59:00,1,3.5236,27668.06,2283.13,731.34,27680.59
496,304,2026-01-28T13:12:00,1,23.2115,162107.43,7682.02,5235.33,163217.9
497,452,2026-01-22T19:34:00,1,17.8714,126117.79,6790.09,4794.19,127221.62
498,327,2026-01-09T09:27:00,1,2.2934,18087.26,1544.58,667.49,17890.91
499,341,2026-01-22T14:27:00,1,23.4326,167173.75,10713.81,4390.63,166136.18
500,450,2026-01-14T16:31:00,1,10.9034,1057.67,52.05,36.28,981.47
501,192,2026-01-17T12:03:00,1,4.2888,30558.31,2029.94,1127.99,30519.56
502,148,2026-01-30T09:25:00,1,2.6633,20879.95,1703.47,654.49,20697.31
503,104,2026-01-11T09:47:00,1,47.6116,4836.08,436.29,159.2,4411.89
504,121,2026-01-23T12:12:00,1,5.6102,39650.68,2486.13,1052.84,39753.67
505,89,2026-01-11T10:01:00,1,3.0342,21419.83,1167.76,719.98,21200.13
506,257,2026-01-14T19:59:00,1,3.6998,26238.67,1571.1,870.71,26155.07
507,178,2026-01-27T12:21:00,1,4.4698,31573.17,1911.0,851.86,31553.38
508,444,2026-01-02T12:04:00,1,21.3326,150011.58,7946.7,4838.15,149570.04
509,414,2026-01-20T19:28:00,1,3.8752,30704.53,2777.51,1086.34,30827.66
510,309,2026-01-04T09:24:00,1,20.9922,162410.87,11551.26,4283.88,163877.64
511,167,2026-01-29T11:03:00,1,12.0913,84792.04,4526.24,2241.25,82726.23
512,488,2026-01-26T19:27:00,1,4.4681,31802.79,1987.29,936.87,31759.9
513,36,2026-01-04T13:54:00,1,3.5236,27876.32,2554.11,913.19,27680.59
514,202,2026-01-13T12:55:00,1,4.3318,34017.22,2787.15,1198.26,34338.44
515,319,2026-01-26T15:29:00,1,72.4721,7592.42,897.45,195.4,7612.44
516,424,2026-01-14T14:41:00,1,17.9523,127805.74,8112.91,4284.83,126786.76
517,498,2026-01-22T14:37:00,1,29.3844,2873.3,155.24,90.26,2596.58
518,103,2026-01-04T10:37:00,1,40.7114,285596.41,15740.08,9487.01,290274.3
519,421,2026-01-27T19:32:00,1,70.6148,7321.67,795.45,241.15,7439.08
520,137,2026-01-12T16:11:00,1,19.0534,148695.61,11251.43,5185.79,148541.66
521,130,2026-01-05T13:37:00,1,2.9689,23380.0,2044.42,616.63,22961.63
522,233,2026-01-17T13:37:00,1,12.6163,95295.12,4408.43,3359.72,94096.53
523,471,2026-01-18T13:38:00,1,4.1632,29602.32,1976.66,813.67,29492.86
524,182,2026-01-10T18:42:00,1,12.8188,92271.36,124.83,2371.69,92483.25
525,361,2026-01-05T17:54:00,1,4.8008,37563.31,3063.03,1205.44,37589.06
526,30,2026-01-14T19:58:00,1,7.7113,57929.1,2390.54,2207.06,57546.22
527,108,2026-01-26T16:44:00,1,16.1291,112786.9,5157.9,3160.71,112242.8
528,369,2026-01-15T18:36:00,1,3.836,27025.63,1565.02,806.41,27258.99
529,178,2026-01-20T10:29:00,1,4.4698,31629.14,1930.81,942.75,31553.38
530,466,2026-01-26T09:40:00,1,4.9899,39691.99,3779.73,1268.08,39724.52
531,120,2026-01-23T12:30:00,1,3.0118,23656.0,1994.53,794.51,23685.6
532,392,2026-01-25T20:24:00,1,61.6451,6506.41,806.7,194.17,6495.48
533,110,2026-01-13T14:00:00,1,19.8326,143168.73,185.8,5479.13,139927.76
534,40,2026-01-12T13:28:00,1,47.2477,4794.7,428.07,129.81,4849.47
535,104,2026-01-21T09:01:00,1,47.6116,4884.54,484.28,172.91,4411.89
536,106,2026-01-07T13:46:00,1,25.5639,179978.91,10273.22,5111.85,181086.15
537,94,2026-01-11T12:01:00,1,58.6439,6171.92,752.64,177.43,6027.94
538,95,2026-01-27T19:08:00,1,30.4621,3105.42,290.11,83.52,3083.7
539,201,2026-01-21T12:19:00,1,18.3302,129718.49,7365.87,3505.05,129569.1
540,243,2026-01-08T11:33:00,1,15.8002,114005.54,153.88,3461.9,113370.39
541,426,2026-01-20T10:07:00,1,38.3169,4033.85,494.9,148.62,4058.49
542,77,2026-01-29T12:34:00,1,5.0459,40147.61,3831.76,1436.27,40007.15
543,200,2026-01-23T19:15:00,1,16.4058,115396.72,6717.15,3839.74,115360.06
544,489,2026-01-02T17:18:00,1,9.8667,74285.07,3323.47,2460.16,74116.5
545,421,2026-01-05T13:55:00,1,70.6148,7347.21,818.17,193.1,7439.08
546,68,2026-01-28T16:13:00,1,19.087,134250.3,7265.06,4440.5,131507.3
547,387,2026-01-03T18:04:00,1,11.9529,90238.52,4042.69,3223.75,89528.73
548,90,2026-01-17T17:23:00,1,25.9884,183541.3,10670.88,6771.76,185674.24
549,267,2026-01-17T14:33:00,1,11.3594,79846.52,4285.72,2372.99,80167.77
550,370,2026-01-16T13:37:00,1,9.1394,65828.65,95.34,2102.13,65899.15
551,214,2026-01-21T09:13:00,1,15.0718,108892.88,163.41,3601.63,108686.25
552,118,2026-01-29T15:13:00,1,16.9789,118300.82,5589.62,4335.55,117084.89
553,163,2026-01-14T14:16:00,1,45.0083,4393.66,242.54,144.61,4393.01
554,294,2026-01-03T16:33:00,1,11.2674,1092.99,52.22,29.16,1099.9
555,187,2026-01-08T18:21:00,1,12.717,99393.34,7758.33,3136.38,97984.38
556,227,2026-01-15T16:20:00,1,14.5655,113439.99,8682.58,3497.88,112682.14
557,145,2026-01-13T13:41:00,1,8.7446,65576.39,2532.28,2049.5,65283.92
558,41,2026-01-12T17:32:00,1,3.6873,26156.0,1593.35,768.2,25728.91
559,292,2026-01-21T12:06:00,1,17.0016,120022.55,6538.23,3497.25,120375.17
560,64,2026-01-03T14:12:00,1,3.1873,22417.93,1239.28,730.58,22032.51
561,359,2026-01-11T19:54:00,1,1.683,13171.75,1039.26,462.84,13114.37
562,146,2026-01-07T20:47:00,1,45.6533,4461.04,237.65,171.19,4442.33
563,291,2026-01-30T13:52:00,1,2.3094,18057.7,1429.4,640.27,18316.84
564,184,2026-01-26T18:48:00,1,14.3522,112759.65,9467.01,4251.76,110630.79
565,348,2026-01-01T11:55:00,1,9.5558,66727.96,3325.8,2146.1,65340.43
566,211,2026-01-08T16:14:00,1,6.0918,43953.33,57.59,1546.67,43932.92
567,276,2026-01-19T20:52:00,1,20.2773,142638.2,7502.97,5034.78,142702.65
568,246,2026-01-11T12:27:00,1,84.5028,8524.39,715.49,252.38,7735.34
569,411,2026-01-31T16:54:00,1,13.1482,92233.65,4784.05,2608.62,92667.81
570,298,2026-01-01T11:19:00,1,12.0285,90406.21,3752.66,2982.69,89544.49
571,500,2026-01-24T14:21:00,1,31.1716,218613.7,11808.21,7864.22,218466.21
572,121,2026-01-14T20:34:00,1,5.6102,39891.8,2487.08,1405.53,40191.05
573,160,2026-01-11T09:59:00,1,41.4832,4339.92,506.46,142.63,4392.45
574,75,2026-01-05T18:40:00,1,5.2811,37603.5,2603.33,1441.21,37112.22
575,426,2026-01-20T15:24:00,1,38.3169,4036.8,497.85,132.99,4058.49
576,109,2026-01-31T12:30:00,1,38.1991,3907.44,373.64,126.76,3663.12
577,59,2026-01-11T13:05:00,1,17.543,126642.73,177.87,3974.0,124660.4
578,92,2026-01-04T20:38:00,1,13.6036,95099.53,4927.8,2650.78,94779.98
579,262,2026-01-01T15:18:00,1,7.1953,50438.15,2697.77,1336.08,50055.68
580,110,2026-01-08T16:03:00,1,19.8326,143098.0,190.04,4623.82,139927.76
581,195,2026-01-17T15:25:00,1,5.6896,39899.53,2053.28,1188.32,40165.21
582,84,2026-01-04T20:04:00,1,13.5748,94379.6,4398.77,2921.59,95463.21
583,206,2026-01-31T12:19:00,1,25.6022,181902.89,11620.87,5137.47,179998.58
584,231,2026-01-27T18:36:00,1,16.9595,132595.99,10602.41,4200.27,132966.82
585,498,2026-01-10T19:29:00,1,29.3844,2865.78,149.49,91.8,2596.58
586,147,2026-01-07T10:52:00,1,27.792,195019.66,10522.75,5348.7,193655.66
587,212,2026-01-20T18:56:00,1,170.6976,17215.21,1449.58,556.58,15848.48
588,263,2026-01-15T10:18:00,1,11.0827,86308.56,6600.01,2252.68,85885.6
589,343,2026-01-29T20:50:00,1,12.5555,88109.89,4762.59,2646.72,87448.7
590,159,2026-01-13T11:26:00,1,106.8915,10765.13,874.46,387.2,9855.57
591,133,2026-01-06T16:24:00,1,14.5876,114502.24,9452.7,4005.92,113326.2
592,484,2026-01-22T15:44:00,1,8.7331,65542.44,2617.66,2154.92,64838.82
593,25,2026-01-08T19:34:00,1,12.8433,100845.28,8300.18,2785.5,100257.6
594,156,2026-01-22T20:57:00,1,40.2472,3940.86,217.99,136.1,3570.93
595,117,2026-01-30T17:07:00,1,31.0203,3015.9,154.9,115.52,2758.76
596,195,2026-01-03T14:26:00,1,5.6896,40197.78,2392.09,1288.59,40165.21
597,240,2026-01-06T16:01:00,1,5.1622,38744.72,1570.22,1242.84,38062.52
598,40,2026-01-21T15:21:00,1,47.2477,4857.49,490.86,170.97,4849.47
599,397,2026-01-13T09:16:00,1,7.6603,54373.52,3282.15,1668.04,53303.38
600,62,2026-01-23T20:29:00,1,4.7149,37486.28,3575.78,1116.6,37523.03
601,260,2026-01-15T12:45:00,1,24.8355,172781.98,7941.81,5636.13,172993.89
602,234,2026-01-05T11:10:00,1,16.4047,114918.53,6197.37,3352.52,115501.01
603,447,2026-01-01T10:34:00,1,35.9406,253881.77,15418.05,7075.34,254909.66
604,395,2026-01-13T09:43:00,1,3.4824,27382.37,2276.04,936.31,27317.79
605,145,2026-01-05T20:02:00,1,8.7446,65606.9,2765.06,1828.97,65283.92
606,475,2026-01-22T09:53:00,1,4.7599,33698.21,1916.26,1053.35,33417.72
607,338,2026-01-26T19:57:00,1,10.8588,81641.39,3490.71,2782.38,81297.73
608,56,2026-01-13T18:00:00,1,175.6407,17710.65,1458.62,554.04,16189.86
609,27,2026-01-25T12:23:00,1,5.6731,40248.58,2490.3,1134.3,40006.98
610,483,2026-01-08T09:00:00,1,9.9881,69729.41,3286.07,1799.39,70150.3
611,179,2026-01-27T12:56:00,1,4.8051,37720.67,3156.48,1288.63,37811.65
612,53,2026-01-26T20:10:00,1,39.5475,3864.4,211.0,131.78,3823.01
613,25,2026-01-14T14:35:00,1,12.8433,100225.65,7725.25,3612.13,100257.6
614,333,2026-01-07T15:27:00,1,52.5275,5505.37,646.05,206.78,5435.85
615,65,2026-01-08T11:00:00,1,7.9839,59938.27,2408.6,1807.99,59602.63
616,214,2026-01-21T16:14:00,1,15.0718,108874.65,145.18,3329.56,108686.25
617,36,2026-01-22T14:02:00,1,3.5236,28010.62,2621.95,950.1,27680.59
618,37,2026-01-29T18:31:00,1,3.501,24562.29,1321.57,723.6,24874.3
619,56,2026-01-23T18:10:00,1,175.6407,17632.2,1415.29,674.94,16189.86
620,134,2026-01-31T19:44:00,1,8.2685,59516.24,75.98,1770.71,58615.28
621,205,2026-01-22T11:21:00,1,9.4979,71732.81,3297.4,2544.65,71445.67
622,94,2026-01-21T19:30:00,1,58.6439,6160.43,740.56,211.93,6027.94
623,37,2026-01-11T16:24:00,1,3.501,24633.07,1265.3,918.2,24874.3
624,273,2026-01-21T20:00:00,1,5.1573,38935.43,1730.15,1247.64,38716.4
625,125,2026-01-01T13:15:00,1,21.1855,165627.86,13007.09,6141.28,163661.16
626,393,2026-01-14T09:08:00,1,5.8217,41569.4,2754.55,1393.95,40589.86
627,198,2026-01-16T12:41:00,1,15.7741,1531.92,75.66,42.19,1524.81
628,22,2026-01-08T16:47:00,1,13.9576,105419.08,4844.66,3505.75,104306.81
629,467,2026-01-11T09:33:00,1,3.5951,28082.42,2165.88,833.05,28120.75
630,422,2026-01-14T09:14:00,1,43.7528,4485.8,450.48,131.4,4400.94
631,451,2026-01-24T17:03:00,1,13.8323,96447.22,4677.93,2768.11,96519.23
632,482,2026-01-30T19:44:00,1,14.7715,103804.21,5798.41,2987.35,103667.1
633,383,2026-01-08T14:11:00,1,62.5518,6538.49,766.84,199.31,6020.38
634,236,2026-01-21T10:12:00,1,45.6461,4712.25,493.64,173.1,4839.22
635,29,2026-01-21T11:05:00,1,13.1621,103627.08,8674.37,3897.41,103492.16
636,93,2026-01-19T12:15:00,1,10.8246,81480.94,3497.71,2915.31,81431.65
637,271,2026-01-03T11:46:00,1,4.3867,34659.16,3025.39,1094.49,34477.91
638,106,2026-01-08T13:18:00,1,25.5639,180631.12,10573.67,6024.93,181086.15
639,308,2026-01-15T16:05:00,1,22.5917,160323.56,10376.12,4517.59,158490.58
640,191,2026-01-13T15:32:00,1,10.7173,77370.82,104.55,2446.86,77379.82
641,325,2026-01-24T16:01:00,1,16.9172,118578.76,6342.95,3272.21,118084.12
642,406,2026-01-13T13:38:00,1,17.4692,126116.18,172.16,3362.94,124975.1
643,287,2026-01-05T15:29:00,1,11.5804,81195.48,4447.07,2261.21,82202.86
644,163,2026-01-15T16:04:00,1,45.0083,4366.85,215.28,143.21,4393.01
645,177,2026-01-05T12:00:00,1,21.5109,151985.02,9422.82,4271.56,149601.12
646,7,2026-01-28T16:25:00,1,13.6765,102754.48,4377.09,3584.53,102782.02
647,491,2026-01-14T14:24:00,1,28.3832,200973.82,11735.36,7641.49,199373.19
648,262,2026-01-10T15:56:00,1,7.1953,50892.46,2959.31,1686.09,50055.68
649,22,2026-01-30T11:12:00,1,13.9576,104629.47,4130.98,3926.88,104306.81
650,406,2026-01-14T20:22:00,1,17.4692,126007.86,190.66,4469.78,124975.1
651,272,2026-01-23T20:03:00,1,5.634,39851.74,2529.53,1371.4,39799.37
652,346,2026-01-13T12:30:00,1,3.0109,21552.07,1470.48,754.68,21621.42
653,20,2026-01-30T19:01:00,1,10.7348,80943.72,3650.26,2725.88,79058.39
654,372,2026-01-22T16:43:00,1,4.8056,34065.2,1978.11,986.02,33637.33
655,79,2026-01-09T19:53:00,1,19.4648,136082.68,6468.52,4491.11,135290.39
656,87,2026-01-01T20:58:00,1,5.8771,41436.18,2441.97,1109.72,41296.96
657,203,2026-01-13T10:33:00,1,3.5736,28368.45,2604.62,1079.96,27946.28
658,483,2026-01-07T15:16:00,1,9.9881,70064.63,3758.73,1942.37,70150.3
659,369,2026-01-10T15:37:00,1,3.836,27089.0,1534.6,878.36,27258.99
660,164,2026-01-24T20:55:00,1,3.6678,28725.54,2341.92,1057.61,28940.57
661,49,2026-01-04T14:52:00,1,22.3665,2296.42,229.76,81.62,2294.33
662,77,2026-01-09T15:44:00,1,5.0459,40104.77,3707.84,1504.1,40007.15
663,164,2026-01-01T09:06:00,1,3.6678,29039.19,2616.29,1046.86,28940.57
664,38,2026-01-25T19:18:00,1,9.9544,71883.04,103.45,2323.22,72033.02
665,391,2026-01-14T20:08:00,1,39.395,3817.4,184.0,116.03,3531.14
666,106,2026-01-16T16:36:00,1,25.5639,179491.21,10053.94,6774.1,181086.15
667,434,2026-01-07T11:51:00,1,133.699,13370.83,1002.34,352.39,13167.44
668,404,2026-01-07T15:28:00,1,42.524,299295.63,17000.48,11118.56,299725.0
669,333,2026-01-30T11:05:00,1,52.5275,5490.63,646.02,201.59,5435.85
670,157,2026-01-03T14:01:00,1,5.5603,43893.97,3797.03,1279.18,43365.1
671,312,2026-01-08T10:00:00,1,22.4573,157216.88,7825.31,5378.69,159340.48
672,34,2026-01-09T18:50:00,1,12.0678,84794.71,4436.44,2178.59,84501.09
673,24,2026-01-04T15:38:00,1,6.8653,48094.21,2587.43,1718.64,48073.34
674,278,2026-01-31T16:48:00,1,14.5841,114049.46,9207.87,4280.42,113770.29
675,179,2026-01-20T14:20:00,1,4.8051,37944.54,3316.11,1151.47,37811.65
676,436,2026-01-08T15:39:00,1,2.5687,20326.23,1816.92,693.39,20274.97
677,32,2026-01-12T09:29:00,1,9.8569,69368.28,3707.33,2491.73,67862.27
678,463,2026-01-23T11:01:00,1,4.2011,33098.17,2883.02,1201.24,32847.63
679,321,2026-01-04T20:48:00,1,3.0001,23654.08,2093.98,690.16,23745.41
680,435,2026-01-08T19:55:00,1,21.1293,164595.59,12343.98,5516.41,164735.59
681,255,2026-01-17T19:52:00,1,5.3041,37366.75,2084.78,1046.48,37024.42
682,171,2026-01-01T20:20:00,1,3.3292,23627.26,1538.22,869.01,23507.15
683,361,2026-01-15T20:39:00,1,4.8008,37709.6,3181.48,1199.24,37589.06
684,423,2026-01-03T16:42:00,1,46.576,4528.05,225.82,170.35,4191.82
685,456,2026-01-23T13:38:00,1,2.4701,19501.13,1735.68,682.52,19183.88
686,104,2026-01-23T18:50:00,1,47.6116,4838.12,442.14,156.06,4411.89
687,456,2026-01-23T10:19:00,1,2.4701,19372.5,1607.05,527.64,19183.88
688,444,2026-01-22T16:10:00,1,21.3326,150645.73,8207.53,5760.15,149570.04
689,476,2026-01-15T17:15:00,1,15.7836,110787.19,6027.02,3519.9,111612.26
690,130,2026-01-07T20:05:00,1,2.9689,23205.12,1802.59,874.51,22961.63
691,58,2026-01-14T14:57:00,1,55.451,5601.63,487.38,145.5,5047.45
692,203,2026-01-25T19:30:00,1,3.5736,28160.29,2391.63,980.13,27946.28
693,477,2026-01-22T17:40:00,1,13.4506,94535.87,4725.94,2584.39,95448.9
694,386,2026-01-16T12:59:00,1,6.0161,42083.97,2209.32,1450.0,42325.55
695,307,2026-01-25T14:24:00,1,20.694,162690.05,13468.93,4299.53,159864.7
696,484,2026-01-23T19:41:00,1,8.7331,65740.59,2930.39,2293.06,64838.82
697,418,2026-01-18T12:14:00,1,23.6409,185523.85,15507.24,5787.07,183599.47
698,138,2026-01-04T14:47:00,1,3.6759,28706.16,2289.45,775.8,28870.75
699,316,2026-01-30T18:23:00,1,4.8799,38339.48,3202.88,1443.78,37802.56
700,69,2026-01-28T20:00:00,1,62.0656,6461.16,716.99,196.85,6460.93
701,166,2026-01-02T15:27:00,1,42.0913,298304.62,17996.77,8361.53,297988.0
702,170,2026-01-25T11:33:00,1,3.1856,24985.59,2014.74,856.88,25271.83
703,353,2026-01-20T09:34:00,1,5.7849,40792.12,2355.97,1099.93,40515.33
704,454,2026-01-15T13:53:00,1,40.6398,4140.06,391.44,149.24,3882.48
705,118,2026-01-16T13:09:00,1,16.9789,118692.51,6156.53,3262.51,117084.89
706,398,2026-01-22T09:38:00,1,7.997,57706.49,85.55,2088.7,57680.36
707,170,2026-01-10T13:54:00,1,3.1856,24970.96,2071.62,859.35,25271.83
708,376,2026-01-19T16:18:00,1,28.2449,200045.51,11811.33,7243.09,200448.88
709,375,2026-01-31T14:09:00,1,4.191,29714.08,1839.45,1133.85,29466.95
710,441,2026-01-23T12:44:00,1,5.6742,39994.12,2405.61,1398.92,40522.82
711,392,2026-01-02T16:46:00,1,61.6451,6502.67,802.35,231.06,6495.48
712,207,2026-01-10T11:01:00,1,13.2941,100229.42,4666.24,3411.65,98609.31
713,293,2026-01-13T14:48:00,1,22.9979,161842.5,8455.02,5547.49,159151.94
714,207,2026-01-13T13:44:00,1,13.2941,99733.49,3889.81,3480.94,98609.31
715,490,2026-01-07T10:08:00,1,5.6869,40118.68,2366.25,1308.45,40314.64
716,172,2026-01-25T09:54:00,1,27.5585,2693.88,145.82,98.82,2681.44
717,496,2026-01-23T18:08:00,1,11.1941,83951.96,3441.75,2852.63,84505.86
718,236,2026-01-23T12:13:00,1,45.6461,4760.33,545.83,176.53,4839.22
719,428,2026-01-24T14:46:00,1,2.987,23309.79,1823.37,791.04,23252.12
720,456,2026-01-19T11:24:00,1,2.4701,19272.99,1477.75,687.17,19183.88
721,227,2026-01-22T10:22:00,1,14.5655,114285.56,9336.47,4280.29,112682.14
722,254,2026-01-06T17:41:00,1,49.5838,5123.0,539.97,138.84,5015.91
723,180,2026-01-19T20:25:00,1,21.5984,152890.77,8951.26,4204.75,148955.68
724,131,2026-01-02T13:44:00,1,9.6225,69294.2,88.89,2125.74,68370.63
725,318,2026-01-31T20:50:00,1,17.6338,123051.2,5767.56,4323.84,123628.41
726,357,2026-01-22T19:24:00,1,43.877,4461.38,402.76,140.69,4465.7
727,146,2026-01-21T10:07:00,1,45.6533,4454.54,235.26,134.98,4442.33
728,46,2026-01-04T17:14:00,1,3.1675,24817.55,2054.44,847.78,24850.85
729,12,2026-01-19T13:44:00,1,28.8297,203246.69,11115.19,6692.85,201674.99
730,397,2026-01-04T16:41:00,1,7.6603,54020.95,3244.5,1508.16,53303.38
731,374,2026-01-14T14:04:00,1,158.1349,15798.84,1214.06,429.78,15997.31
732,380,2026-01-30T15:52:00,1,27.6089,2694.41,148.04,87.51,2674.7
733,373,2026-01-01T17:31:00,1,191.6333,19192.09,1500.5,692.13,17774.54
734,35,2026-01-17T19:07:00,1,10.6628,83642.92,6829.07,2718.31,83385.24
735,401,2026-01-25T10:11:00,1,6.8381,48087.35,2575.21,1636.41,48170.62
736,459,2026-01-20T16:51:00,1,6.8639,51747.58,2282.2,1328.26,51388.2
737,167,2026-01-04T19:10:00,1,12.0913,83989.31,3841.89,2768.37,82726.23
738,48,2026-01-18T10:07:00,1,12.8521,89561.83,4279.41,3156.09,89666.74
739,271,2026-01-10T15:42:00,1,4.3867,34520.21,2986.9,1124.28,34477.91
740,1,2026-01-08T17:57:00,1,4.1528,32714.9,2791.03,1233.73,32569.41
741,417,2026-01-10T18:31:00,1,14.235,107026.93,4700.2,3349.41,106028.35
742,370,2026-01-11T14:38:00,1,9.1394,65976.37,91.81,2521.69,65899.15
743,287,2026-01-17T09:15:00,1,11.5804,81176.03,4145.18,2180.98,82202.86
744,21,2026-01-07T12:08:00,1,5.716,40068.15,2122.54,1464.81,40365.52
745,321,2026-01-18T11:46:00,1,3.0001,23414.93,1839.32,707.04,23745.41
746,331,2026-01-14T15:41:00,1,6.1706,43399.18,2258.12,1252.66,43124.06
747,480,2026-01-06T13:43:00,1,23.4422,164437.76,8729.98,4384.84,164740.93
748,226,2026-01-31T10:40:00,1,13.4675,94470.29,4897.0,3066.47,94757.39
749,391,2026-01-09T12:45:00,1,39.395,3850.68,216.49,132.92,3531.14
750,197,2026-01-19T18:10:00,1,3.3083,26222.52,2388.67,946.7,26110.51
751,223,2026-01-27T15:24:00,1,5.2555,41227.92,3423.9,1579.17,42046.11
752,14,2026-01-31T10:34:00,1,37.31,264146.33,15994.91,7024.26,262318.39
753,60,2026-01-22T19:05:00,1,6.9398,49139.95,2802.77,1299.47,48538.28
754,192,2026-01-30T12:17:00,1,4.2888,30320.99,1865.7,882.27,30519.56
755,6,2026-01-04T15:06:00,1,11.7587,88173.77,3670.34,3350.63,88152.93
756,417,2026-01-30T13:37:00,1,14.235,106708.04,4212.2,3450.82,106028.35
757,438,2026-01-26T20:36:00,1,3.7537,26546.69,1498.36,859.33,26461.5
758,461,2026-01-10T09:10:00,1,4.6784,36938.8,3308.64,1232.85,36638.66
759,169,2026-01-31T20:43:00,1,4.4869,35554.3,3299.05,992.41,35620.32
760,420,2026-01-18T15:30:00,1,5.4005,42657.82,3819.42,1573.64,42365.92
761,316,2026-01-05T20:09:00,1,4.8799,38320.04,3251.32,1317.8,37802.56
762,349,2026-01-05T13:03:00,1,3.9789,30995.26,2401.45,1018.65,30859.88
763,488,2026-01-24T12:43:00,1,4.4681,31709.87,2066.62,962.01,31759.9
764,324,2026-01-14T14:51:00,1,11.2024,87681.68,6999.42,2450.15,86023.64
765,249,2026-01-17T17:45:00,1,17.3609,121299.0,5817.24,4584.31,121096.77
766,469,2026-01-30T10:19:00,1,3.5698,25202.47,1517.6,743.63,24959.42
767,217,2026-01-25T10:04:00,1,32.1275,3279.75,309.24,87.75,3280.44
768,388,2026-01-08T09:05:00,1,12.1851,87934.99,132.69,2436.98,87746.43
769,396,2026-01-10T09:27:00,1,24.6006,2398.42,124.34,76.53,2200.94
770,360,2026-01-17T16:32:00,1,6.8958,48866.57,2996.88,1336.32,48223.19
771,365,2026-01-22T15:00:00,1,7.5425,54427.41,81.28,1879.54,53540.84
772,328,2026-01-07T20:27:00,1,3.0974,24507.64,2178.76,861.39,24319.39
773,374,2026-01-18T20:42:00,1,158.1349,15965.22,1328.25,458.62,15997.31
774,489,2026-01-27T19:38:00,1,9.8667,74445.99,3472.55,2806.26,74116.5
775,24,2026-01-20T17:57:00,1,6.8653,48332.48,2717.92,1341.57,48073.34
776,121,2026-01-06T17:22:00,1,5.6102,39574.13,2310.06,1438.3,40191.05
777,29,2026-01-14T10:21:00,1,13.1621,102686.63,7890.16,2852.86,103492.16
778,485,2026-01-22T10:18:00,1,12.8272,90277.86,4630.39,2934.1,88122.43
779,160,2026-01-16T20:40:00,1,41.4832,4306.97,477.24,122.0,4392.45
780,304,2026-01-13T19:32:00,1,23.2115,162477.08,7664.96,4793.35,163217.9
781,440,2026-01-29T18:54:00,1,4.4772,31345.52,1624.48,988.23,31477.59
782,261,2026-01-02T14:19:00,1,3.9864,31186.71,2516.4,1044.09,31349.87
783,188,2026-01-04T11:25:00,1,32.234,3123.64,145.22,115.56,3099.91
784,188,2026-01-01T10:33:00,1,32.234,3124.16,148.32,99.66,3099.91
785,275,2026-01-29T16:00:00,1,5.1673,38728.59,1539.02,1052.84,38595.29
786,83,2026-01-25T15:23:00,1,16.4877,129092.69,10202.52,3678.37,128344.3
787,160,2026-01-12T13:06:00,1,41.4832,4324.54,490.66,120.79,4392.45
788,234,2026-01-22T14:47:00,1,16.4047,116191.39,6656.88,3215.19,115501.01
789,232,2026-01-01T12:07:00,1,38.8965,3779.93,189.01,138.88,3473.25
790,102,2026-01-10T20:21:00,1,18.5,129121.63,5879.63,3957.6,127765.91
791,479,2026-01-02T16:42:00,1,24.1015,186817.17,13478.46,5258.36,184730.25
792,142,2026-01-04T19:45:00,1,6.2076,43591.06,2443.86,1422.88,43188.45
793,69,2026-01-11T15:32:00,1,62.0656,6517.67,782.19,231.95,6460.93
794,386,2026-01-30T11:07:00,1,6.0161,42438.42,2522.86,1534.92,42555.65
795,59,2026-01-26T17:00:00,1,17.543,126415.43,158.63,3487.92,124660.4
796,409,2026-01-22T14:27:00,1,46.9191,4784.49,444.47,164.02,4742.35
797,318,2026-01-24T13:31:00,1,17.6338,122554.6,5564.56,3890.68,123628.41
798,46,2026-01-25T20:32:00,1,3.1675,24869.96,2029.62,833.28,24850.85
799,100,2026-01-08T13:44:00,1,3.7986,26722.17,1452.93,723.43,26721.43
800,132,2026-01-22T20:50:00,1,8.3701,59004.71,3117.38,1660.37,57399.6
801,432,2026-02-04T11:12:00,1,12.1559,95008.17,7586.95,3043.1,95303.21
802,455,2026-02-19T10:08:00,1,21.0382,148594.85,8200.63,4086.91,146482.23
803,214,2026-02-02T11:27:00,1,15.0718,108840.82,143.9,3054.06,108686.25
804,10,2026-02-20T15:26:00,1,7.7867,54730.63,2927.58,2006.63,55016.39
805,280,2026-02-10T12:21:00,1,57.5885,5856.19,598.94,223.39,5785.46
806,227,2026-02-16T09:19:00,1,14.5655,112810.26,7972.6,3504.62,112682.14
807,60,2026-02-09T20:26:00,1,6.9398,48901.69,2700.18,1842.15,48538.28
808,132,2026-02-11T09:03:00,1,8.3701,58611.69,3161.03,1636.81,57399.6
809,352,2026-02-24T13:58:00,1,5.1549,36224.94,1988.41,1059.65,36627.39
810,323,2026-02-04T16:23:00,1,11.8931,89284.45,3753.2,2573.98,89968.8
811,178,2026-02-10T19:35:00,1,4.4698,31634.64,1855.13,1080.72,31553.38
812,411,2026-02-28T14:47:00,1,13.1482,91558.17,4261.62,2766.46,92667.81
813,415,2026-02-19T19:17:00,1,4.4374,35042.15,3124.11,1063.75,34410.05
814,112,2026-02-19T11:40:00,1,3.2447,25399.15,2060.15,938.65,25379.69
815,396,2026-02-20T19:52:00,1,24.6006,2360.43,113.66,78.15,2200.94
816,102,2026-02-07T10:34:00,1,18.5,130054.93,6740.03,4870.09,127765.91
817,329,2026-02-11T12:34:00,1,18.6736,145084.48,10759.3,4594.79,145833.14
818,384,2026-02-05T17:45:00,1,139.1589,13764.22,1011.7,386.14,12905.34
819,135,2026-02-25T14:57:00,1,22.9212,2339.03,245.41,87.03,2313.05
820,194,2026-02-15T15:04:00,1,3.7547,29752.47,2696.55,806.38,29655.1
821,259,2026-02-14T09:10:00,1,3.1863,25139.2,2241.01,950.04,24958.48
822,319,2026-02-09T09:36:00,1,72.4721,7533.63,903.88,205.29,7612.44
823,34,2026-02-26T15:31:00,1,12.0678,85097.7,4622.85,2385.67,84501.09
824,365,2026-02-18T11:28:00,1,7.5425,54383.31,81.01,2068.51,53540.84
825,400,2026-02-17T15:38:00,1,27.1971,2750.4,265.67,97.85,2604.31
826,145,2026-02-07T12:37:00,1,8.7446,65487.53,2621.46,1810.6,65283.92
827,371,2026-02-01T16:32:00,1,3.5364,28107.49,2663.2,1004.01,27587.51
828,377,2026-02-24T12:18:00,1,10.3794,81081.27,6258.87,2390.57,79835.86
829,377,2026-02-09T09:34:00,1,10.3794,80903.67,6292.6,2248.33,79835.86
830,127,2026-02-10T13:59:00,1,3.0645,24031.42,1947.41,660.77,24174.65
831,72,2026-02-09T12:52:00,1,10.2814,72315.32,3867.21,1898.96,71565.41
832,112,2026-02-18T19:38:00,1,3.2447,25307.41,1947.16,857.99,25379.69
833,195,2026-02-11T17:16:00,1,5.6896,39778.9,2086.15,1377.54,40165.21
834,384,2026-02-05T14:03:00,1,139.1589,13845.38,1092.86,462.81,12905.34
835,333,2026-02-27T20:17:00,1,52.5275,5367.52,568.61,161.83,5435.85
836,95,2026-02-09T18:06:00,1,30.4621,3120.02,333.35,101.33,3083.7
837,384,2026-02-24T13:55:00,1,139.1589,13870.11,1155.16,522.96,13806.42
838,333,2026-02-21T16:14:00,1,52.5275,5449.75,643.48,153.89,5435.85
839,173,2026-02-09T15:09:00,1,17.1759,120003.62,5655.58,4039.5,119653.12
840,238,2026-02-08T11:57:00,1,17.9613,129375.96,187.87,4030.57,129693.59
841,257,2026-02-03T11:12:00,1,3.6998,26150.58,1478.72,823.23,26155.07
842,304,2026-02-16T13:01:00,1,23.2115,163325.05,8844.39,4558.27,163217.9
843,165,2026-02-06T19:38:00,1,34.0778,242087.37,15415.48,8730.64,240878.13
844,101,2026-02-03T16:58:00,1,6.4304,45269.45,2388.78,1405.97,45333.33
845,343,2026-02-13T20:48:00,1,12.5555,87672.13,4043.08,2835.56,87744.14
846,430,2026-02-01T09:07:00,1,7.8341,55492.56,3198.38,1689.02,55613.16
847,441,2026-02-01T09:08:00,1,5.6742,40564.35,2687.93,1373.08,40522.82
848,133,2026-02-25T19:38:00,1,14.5876,113101.77,8023.64,3101.9,113326.2
849,7,2026-02-26T10:34:00,1,13.6765,103404.83,4784.68,3914.65,102782.02
850,392,2026-02-27T12:08:00,1,61.6451,6347.73,715.83,219.98,6495.48
851,257,2026-02-25T11:19:00,1,3.6998,26078.84,1498.52,815.94,26155.07
852,176,2026-02-16T20:17:00,1,79.6742,8170.66,890.03,215.01,8292.88
853,334,2026-02-18T10:34:00,1,14.5628,102193.04,5116.69,3695.2,101921.6
854,158,2026-02-04T11:00:00,1,35.8635,253747.87,15097.44,9212.82,253196.23
855,485,2026-02-08T11:22:00,1,12.8272,89777.24,4410.3,2789.14,88122.43
856,348,2026-02-10T15:43:00,1,9.5558,66825.54,3161.17,2462.59,66314.47
857,470,2026-02-23T11:07:00,1,11.707,88303.66,3988.09,2387.63,87563.24
858,120,2026-02-04T10:39:00,1,3.0118,23960.6,2300.73,699.82,23993.62
859,177,2026-02-04T10:57:00,1,21.5109,151924.85,8782.5,5687.49,149601.12
860,25,2026-02-20T14:38:00,1,12.8433,99596.35,7168.26,3096.1,100257.6
861,97,2026-02-22T19:19:00,1,12.0171,83845.31,4143.1,3104.95,83627.77
862,332,2026-02-27T13:58:00,1,6.9177,48834.61,2649.21,1797.37,48724.67
863,267,2026-02-22T20:51:00,1,11.3594,79543.65,4203.57,2306.54,80167.77
864,42,2026-02-26T11:49:00,1,5.2378,41070.77,3301.41,1541.95,41098.97
865,348,2026-02-05T20:50:00,1,9.5558,66765.4,3224.3,2043.0,66314.47
866,419,2026-02-16T15:46:00,1,3.1838,22542.96,1353.66,609.75,22366.68
867,148,2026-02-05T11:49:00,1,2.6633,20755.79,1589.35,795.63,20697.31
868,204,2026-02-12T20:26:00,1,23.1628,2340.34,223.26,72.61,2149.33
869,321,2026-02-26T19:58:00,1,3.0001,23636.82,2003.34,646.92,23745.41
870,131,2026-02-13T17:31:00,1,9.6225,69238.58,94.66,2213.07,68370.63
871,284,2026-02-18T18:45:00,1,22.3956,158347.57,9057.38,4833.28,156327.4
872,224,2026-02-17T20:14:00,1,48.1507,4888.06,489.01,168.52,4971.13
873,374,2026-02-03T09:23:00,1,158.1349,15664.26,1198.08,401.58,15997.31
874,298,2026-02-16T09:58:00,1,12.0285,90778.57,4201.4,3393.99,89544.49
875,185,2026-02-12T11:18:00,1,138.7501,13869.18,1187.42,508.93,13794.47
876,245,2026-02-05T15:15:00,1,39.8096,4157.9,509.75,135.79,3779.27
877,112,2026-02-27T10:44:00,1,3.2447,25376.07,1992.88,892.26,25379.69
878,375,2026-02-05T15:23:00,1,4.191,29707.7,1839.73,770.54,29466.95
879,30,2026-02-23T16:53:00,1,7.7113,57811.11,2273.17,1910.34,57546.22
880,317,2026-02-28T11:05:00,1,14.7122,113957.04,8223.84,3131.56,114345.81
881,131,2026-02-03T15:09:00,1,9.6225,69414.45,86.84,2515.42,68370.63
882,407,2026-02-06T17:44:00,1,9.1757,64225.16,3192.07,1759.35,64487.06
883,160,2026-02-16T19:44:00,1,41.4832,4279.72,488.99,128.04,4392.45
884,7,2026-02-10T19:02:00,1,13.6765,102594.55,4036.22,2705.21,102782.02
885,322,2026-02-25T15:53:00,1,36.3621,255853.58,14275.06,7074.98,257975.67
886,225,2026-02-22T20:53:00,1,26.4171,187298.62,12089.85,5883.99,187721.1
887,138,2026-02-19T15:59:00,1,3.6759,28830.83,2390.23,999.84,28870.75
888,84,2026-02-09T11:47:00,1,13.5748,95574.58,5200.76,3084.69,95463.21
889,114,2026-02-13T11:52:00,1,22.4097,174794.21,13765.95,4964.51,174081.22
890,397,2026-02-18T20:29:00,1,7.6603,54192.46,3128.52,1440.88,53303.38
891,256,2026-02-11T15:10:00,1,3.4873,27421.23,2335.97,844.17,27499.72
892,30,2026-02-26T13:06:00,1,7.7113,58009.76,2404.19,1800.05,57546.22
893,57,2026-02-03T14:01:00,1,19.0088,137138.33,184.87,4877.82,135836.68
894,128,2026-02-10T12:38:00,1,11.2314,81042.7,104.74,2185.13,79829.9
895,6,2026-02-25T12:40:00,1,11.7587,88771.96,4071.1,2485.89,88152.93
896,493,2026-02-02T18:36:00,1,3.8343,27082.45,1454.07,722.79,26508.07
897,25,2026-02-19T09:20:00,1,12.8433,100837.1,8455.76,3205.89,100257.6
898,51,2026-02-10T13:25:00,1,62.6149,6393.63,677.52,192.86,6550.57
899,268,2026-02-07T14:08:00,1,7.2654,52301.87,69.96,1600.45,52415.61
900,374,2026-02-22T20:32:00,1,158.1349,15602.51,1163.21,480.76,15997.31
901,55,2026-02-17T18:50:00,1,41.8192,297139.19,18644.23,8177.98,296351.07
902,202,2026-02-16T13:10:00,1,4.3318,34263.5,3084.63,1250.82,34338.44
903,81,2026-02-22T10:45:00,1,18.3862,128332.32,6387.69,4739.39,128128.95
904,124,2026-02-07T20:10:00,1,16.7443,131041.35,10664.4,4452.0,128948.28
905,268,2026-02-17T17:59:00,1,7.2654,52456.81,79.81,1751.63,52415.61
906,410,2026-02-11T13:23:00,1,25.5672,2595.71,252.99,70.81,2604.67
907,332,2026-02-28T20:49:00,1,6.9177,48940.24,3010.66,1277.94,48724.67
908,363,2026-02-13T18:04:00,1,13.8933,107733.42,7901.03,4132.84,109183.11
909,82,2026-02-19T09:09:00,1,61.9363,6430.64,762.23,205.58,5874.53
910,409,2026-02-28T10:31:00,1,46.9191,4741.6,451.32,174.04,4742.35
911,52,2026-02-15T11:04:00,1,8.4833,61211.31,81.67,2298.85,61107.55
912,149,2026-02-19T11:45:00,1,24.2917,188905.85,14176.62,5051.75,190817.31
913,412,2026-02-15T13:48:00,1,3.3552,23828.28,1436.75,754.35,23928.38
914,466,2026-02-15T10:36:00,1,4.9899,39554.54,3597.92,1083.7,39724.52
915,261,2026-02-02T15:54:00,1,3.9864,31270.09,2520.41,915.24,31349.87
916,330,2026-02-22T18:20:00,1,4.6319,32435.89,1715.28,982.62,32722.75
917,198,2026-02-03T13:56:00,1,15.7741,1524.75,81.74,48.91,1524.81
918,466,2026-02-22T09:47:00,1,4.9899,39053.87,3173.45,1488.39,39724.52
919,421,2026-02-08T11:54:00,1,70.6148,7343.19,881.23,240.7,7439.08
920,57,2026-02-10T10:14:00,1,19.0088,137170.39,185.37,4512.59,135836.68
921,205,2026-02-28T16:29:00,1,9.4979,71275.62,3016.4,1909.96,71093.06
922,341,2026-02-18T10:11:00,1,23.4326,166832.16,10629.28,5263.57,166136.18
923,389,2026-02-04T15:12:00,1,19.9391,141756.57,9073.62,5302.81,138409.52
924,214,2026-02-11T18:31:00,1,15.0718,108553.87,137.59,3254.77,108686.25
925,114,2026-02-23T16:02:00,1,22.4097,175492.69,14094.67,4749.43,174081.22
926,292,2026-02-05T12:20:00,1,17.0016,120833.04,7781.24,3318.39,120190.48
927,303,2026-02-02T09:59:00,1,14.7384,111468.88,5176.42,3958.24,111247.67
928,430,2026-02-12T12:03:00,1,7.8341,55647.6,3315.11,2121.6,55613.16
929,114,2026-02-28T15:17:00,1,22.4097,173216.29,12162.93,6116.32,174081.22
930,135,2026-02-21T13:25:00,1,22.9212,2311.65,214.36,63.37,2313.05
931,45,2026-02-10T15:33:00,1,16.0869,113228.36,6051.32,3552.9,113372.22
932,115,2026-02-22T09:05:00,1,15.2051,109497.94,164.0,3061.15,108495.55
933,476,2026-02-14T11:12:00,1,15.7836,110182.49,5349.71,3882.9,110953.24
934,185,2026-02-14T11:44:00,1,138.7501,13775.19,1105.92,447.07,13794.47
935,233,2026-02-12T09:35:00,1,12.6163,95324.81,4370.37,3136.19,94096.53
936,417,2026-02-20T18:39:00,1,14.235,106724.18,4280.58,3719.43,106028.35
937,78,2026-02-11T20:47:00,1,3.8207,30245.77,2762.25,1093.11,29924.02
938,440,2026-02-24T16:59:00,1,4.4772,31609.93,1874.38,814.95,31473.28
939,79,2026-02-16T19:26:00,1,19.4648,136854.11,7309.05,3702.47,135290.39
940,140,2026-02-17T11:40:00,1,21.4836,2074.93,112.19,79.36,2063.66
941,240,2026-02-21T12:47:00,1,5.1622,38925.54,1807.0,1045.05,38618.57
942,101,2026-02-14T18:24:00,1,6.4304,45383.17,2673.22,1611.65,45333.33
943,116,2026-02-12T19:36:00,1,4.3399,34149.14,2861.59,957.78,33950.86
944,8,2026-02-12T13:32:00,1,4.5632,36292.09,3394.7,936.6,36048.01
945,437,2026-02-28T16:26:00,1,4.6132,36140.89,2986.88,1156.11,36470.1
946,219,2026-02-12T17:48:00,1,78.5036,7784.7,609.47,253.34,7781.34
947,178,2026-02-04T14:11:00,1,4.4698,31926.8,2182.92,1004.83,31553.38
948,296,2026-02-20T13:54:00,1,106.5754,10528.61,795.08,328.27,9769.7
949,350,2026-02-23T20:39:00,1,40.4539,3915.95,209.56,132.03,3943.14
950,498,2026-02-28T10:05:00,1,29.3844,2822.06,135.15,75.41,2596.58
951,345,2026-02-01T16:47:00,1,6.9195,49021.21,2832.16,1513.01,48077.3
952,400,2026-02-20T16:32:00,1,27.1971,2779.12,295.21,74.69,2604.31
953,310,2026-02-26T15:13:00,1,30.6255,215888.38,11660.4,6327.86,214159.66
954,120,2026-02-25T12:54:00,1,3.0118,23783.88,2089.13,724.88,23993.62
955,250,2026-02-04T16:26:00,1,77.1732,7946.64,898.41,284.17,8120.8
956,482,2026-02-27T15:00:00,1,14.7715,104396.38,5775.79,3721.03,103667.1
957,499,2026-02-12T13:56:00,1,13.2935,104262.82,8426.26,3346.5,103756.15
958,350,2026-02-09T15:43:00,1,40.4539,3895.2,194.48,144.72,3943.14
959,129,2026-02-01T09:01:00,1,58.1956,6077.97,754.24,187.85,5543.18
960,82,2026-02-26T20:38:00,1,61.9363,6389.26,724.57,230.36,5874.53
961,169,2026-02-11T15:15:00,1,4.4869,35209.5,2933.79,1159.24,35620.32
962,297,2026-02-13T09:51:00,1,28.6626,202212.73,11298.32,6844.65,202255.09
963,495,2026-02-19T15:46:00,1,22.3137,156605.07,7699.06,5892.14,155842.43
964,93,2026-02-13T15:14:00,1,10.8246,81525.66,3743.87,2626.85,81431.65
965,54,2026-02-23T19:36:00,1,23.9682,187869.72,15247.15,6022.07,187282.13
966,418,2026-02-13T13:53:00,1,23.6409,185032.92,15157.69,6222.6,183599.47
967,296,2026-02-06T10:01:00,1,106.5754,10677.57,929.12,301.19,9769.7
968,233,2026-02-01T09:39:00,1,12.6163,94915.19,4141.29,3150.62,94096.53
969,377,2026-02-18T15:01:00,1,10.3794,81478.09,6751.5,2167.99,79835.86
970,396,2026-02-24T19:49:00,1,24.6006,2361.67,113.91,74.17,2200.94
971,190,2026-02-06T13:12:00,1,2.4559,19218.31,1513.24,712.87,19101.48
972,286,2026-02-27T15:49:00,1,25.0601,177300.49,9988.99,6309.13,177158.65
973,139,2026-02-22T11:40:00,1,9.7207,72729.52,2831.76,1939.11,72596.75
974,12,2026-02-21T10:29:00,1,28.8297,203393.38,12017.51,7463.89,201674.99
975,492,2026-02-20T13:57:00,1,5.5826,43788.66,3612.92,1200.49,43858.87
976,97,2026-02-03T12:25:00,1,12.0171,83985.67,3850.48,3058.02,83627.77
977,55,2026-02-16T16:40:00,1,41.8192,296923.3,18601.89,9173.72,296351.07
978,42,2026-02-07T14:40:00,1,5.2378,41459.06,3803.83,1260.49,41098.97
979,483,2026-02-15T09:57:00,1,9.9881,70368.94,3711.56,1963.4,70426.37
980,96,2026-02-22T09:07:00,1,14.1124,98604.9,5005.82,3289.97,99348.29
981,182,2026-02-12T17:00:00,1,12.8188,92542.1,127.78,3096.39,92483.25
982,85,2026-02-17T12:38:00,1,26.0333,2514.86,136.46,94.21,2549.01
983,18,2026-02-18T11:13:00,1,66.0832,6754.71,717.35,217.17,7010.81
984,461,2026-02-12T14:08:00,1,4.6784,36750.48,3022.58,1042.87,36561.03
985,118,2026-02-03T13:17:00,1,16.9789,119435.9,6213.29,4494.38,117084.89
986,258,2026-02-07T17:41:00,1,20.9309,148193.19,8674.72,4454.91,145290.21
987,157,2026-02-15T17:25:00,1,5.5603,44149.93,4083.08,1410.43,43365.1
988,490,2026-02-07T20:17:00,1,5.6869,40068.06,2161.06,1127.23,40314.64
989,208,2026-02-04T13:10:00,1,11.0838,86472.57,6761.54,3062.04,85709.59
990,423,2026-02-07T16:27:00,1,46.576,4520.84,254.01,143.96,4505.28
991,318,2026-02-24T10:38:00,1,17.6338,123005.75,5889.99,3650.81,123628.41
992,203,2026-02-14T19:52:00,1,3.5736,28032.79,2351.29,844.27,27946.28
993,35,2026-02-15T17:16:00,1,10.6628,82806.77,5971.91,2155.64,82126.32
994,313,2026-02-14T19:33:00,1,10.3132,72256.18,3757.14,2614.34,72898.75
995,187,2026-02-13T14:27:00,1,12.717,98292.78,6912.87,2742.64,97984.38
996,421,2026-02-06T19:23:00,1,70.6148,7282.41,823.27,193.2,7439.08
997,197,2026-02-05T14:44:00,1,3.3083,26253.45,2445.27,713.19,26110.51
998,6,2026-02-23T14:57:00,1,11.7587,88321.92,3634.0,2787.16,88152.93
999,125,2026-02-18T12:33:00,1,21.1855,164133.78,11608.56,4797.67,163495.59
1000,117,2026-02-04T19:04:00,1,31.0203,2990.07,156.99,103.96,2758.76
1001,306,2026-02-21T14:52:00,1,28.0255,196520.49,10483.02,6933.12,196973.59
1002,170,2026-02-07T16:02:00,1,3.1856,24846.9,1945.21,891.38,25271.83
1003,146,2026-02-14T18:20:00,1,45.6533,4379.48,210.88,137.5,4442.33
1004,315,2026-02-13T09:41:00,1,42.8276,4127.14,202.85,106.78,4154.72
1005,418,2026-02-28T16:18:00,1,23.6409,184301.17,14399.46,4729.07,183599.47
1006,71,2026-02-27T17:58:00,1,13.8926,104978.85,4860.72,2737.19,103983.35
1007,282,2026-02-02T16:06:00,1,41.6824,295541.59,16937.26,7627.42,294156.91
1008,442,2026-02-26T14:48:00,1,22.5468,175881.49,13298.32,5180.2,176097.65
1009,184,2026-02-13T16:39:00,1,14.3522,111017.46,7887.57,3942.79,110630.79
1010,27,2026-02-13T16:54:00,1,5.6731,40237.08,2449.98,1536.85,40006.98
1011,341,2026-02-04T10:01:00,1,23.4326,166447.11,10516.98,6258.85,166136.18
1012,120,2026-02-02T14:55:00,1,3.0118,23966.41,2245.49,656.1,23993.62
1013,367,2026-02-24T12:46:00,1,9.0261,65155.91,89.1,1809.93,65124.45
1014,479,2026-02-26T09:59:00,1,24.1015,187875.67,14081.68,6980.87,187108.32
1015,367,2026-02-28T09:07:00,1,9.0261,64950.68,82.18,2397.1,65124.45
1016,27,2026-02-10T18:50:00,1,5.6731,40132.27,2335.92,1196.56,40006.98
1017,433,2026-02-13T11:37:00,1,2.1387,16694.13,1326.18,463.77,16795.95
1018,245,2026-02-04T18:56:00,1,39.8096,4077.82,442.01,149.38,3779.27
1019,453,2026-02-14T17:33:00,1,24.0131,187371.3,14802.36,6399.37,188274.4
1020,129,2026-02-19T13:20:00,1,58.1956,6021.32,695.26,191.92,5543.18
1021,412,2026-02-24T13:45:00,1,3.3552,23788.35,1504.62,636.93,23928.38
1022,46,2026-02-12T19:41:00,1,3.1675,24918.36,2082.97,916.32,24850.85
1023,392,2026-02-28T16:03:00,1,61.6451,6333.06,696.23,168.45,6495.48
1024,114,2026-02-01T15:12:00,1,22.4097,175141.44,13904.32,5533.13,174081.22
1025,261,2026-02-04T17:32:00,1,3.9864,31177.35,2508.48,1122.98,31349.87
1026,457,2026-02-11T16:41:00,1,28.4822,2759.65,149.83,81.66,2777.92
1027,82,2026-02-28T12:58:00,1,61.9363,6407.37,743.91,239.0,5874.53
1028,193,2026-02-13T17:12:00,1,14.9404,105240.25,5725.98,3863.22,102287.59
1029,416,2026-02-13T11:43:00,1,5.6718,39905.57,2127.13,1163.5,38864.83
1030,164,2026-02-28T16:56:00,1,3.6678,28780.54,2420.9,774.38,28940.57
1031,58,2026-02-24T16:11:00,1,55.451,5475.58,409.02,141.34,5047.45
1032,142,2026-02-01T14:16:00,1,6.2076,43908.21,2471.24,1422.42,43188.45
1033,64,2026-02-18T11:25:00,1,3.1873,22415.56,1168.86,697.64,22032.51
1034,269,2026-02-14T13:23:00,1,4.0936,28829.24,1640.04,757.64,29392.39
1035,54,2026-02-02T15:12:00,1,23.9682,187665.6,14808.38,6562.59,187282.13
1036,157,2026-02-07T17:38:00,1,5.5603,43790.18,3816.46,1454.0,43365.1
1037,264,2026-02-17T19:15:00,1,10.9703,77170.03,4113.32,2648.39,77272.76
1038,60,2026-02-08T18:17:00,1,6.9398,48747.69,2562.28,1806.43,48538.28
1039,128,2026-02-03T18:44:00,1,11.2314,81032.36,113.04,2360.14,79829.9
1040,381,2026-02-13T20:52:00,1,51.5308,5326.77,605.0,143.27,5266.72
1041,468,2026-02-23T12:22:00,1,25.5173,179742.7,10220.56,5074.68,180900.58
1042,339,2026-02-10T09:06:00,1,4.9004,34689.19,2040.86,1015.91,34308.16
1043,99,2026-02-17T20:19:00,1,19.3079,136516.34,7935.38,4581.91,135735.36
1044,454,2026-02-23T10:10:00,1,40.6398,4108.57,385.15,121.75,3882.48
1045,100,2026-02-11T09:42:00,1,3.7986,26806.12,1640.96,734.9,26721.43
1046,254,2026-02-14T13:56:00,1,49.5838,5006.88,479.38,139.55,5015.91
1047,42,2026-02-06T18:22:00,1,5.2378,41558.22,3797.87,1517.69,41098.97
1048,254,2026-02-19T16:07:00,1,49.5838,4984.26,446.35,183.31,5015.91
1049,26,2026-02-27T13:53:00,1,42.9332,302931.12,16291.47,10391.93,301652.08
1050,122,2026-02-17T10:06:00,1,4.447,35173.73,3114.86,1240.36,35554.5
1051,162,2026-02-26T20:22:00,1,11.2042,78822.59,4106.71,2474.52,78313.61
1052,292,2026-02-09T16:00:00,1,17.0016,120561.68,7374.04,3477.63,120190.48
1053,441,2026-02-12T17:49:00,1,5.6742,40356.0,2451.83,1205.51,40522.82
1054,353,2026-02-28T16:07:00,1,5.7849,40891.38,2482.94,1488.42,40515.33
1055,144,2026-02-22T11:26:00,1,7.8189,54997.71,3139.64,1858.34,55403.35
1056,456,2026-02-08T16:01:00,1,2.4701,19423.13,1656.74,532.44,19183.88
1057,131,2026-02-19T14:13:00,1,9.6225,69315.12,100.86,2638.0,68370.63
1058,397,2026-02-03T19:06:00,1,7.6603,53958.67,2876.5,2040.8,53303.38
1059,146,2026-02-21T16:56:00,1,45.6533,4413.71,236.43,163.79,4442.33
1060,281,2026-02-06T14:25:00,1,13.5853,95284.08,4920.1,3267.49,94266.98
1061,314,2026-02-14T12:02:00,1,3.5003,27823.14,2668.41,810.65,27611.68
1062,309,2026-02-17T10:27:00,1,20.9922,164438.63,13103.76,5965.41,163877.64
1063,424,2026-02-15T14:18:00,1,17.9523,127448.4,7640.49,4555.56,126786.76
1064,60,2026-02-01T16:43:00,1,6.9398,49099.87,2775.32,1687.8,48538.28
1065,80,2026-02-17T19:10:00,1,3.9658,28144.63,1734.38,945.23,27956.4
1066,162,2026-02-16T09:29:00,1,11.2042,78323.27,3755.4,2806.89,78313.61
1067,23,2026-02-07T09:31:00,1,26.3325,186103.46,10579.7,6177.02,186093.89
1068,163,2026-02-01T09:03:00,1,45.0083,4339.27,221.91,147.76,4393.01
1069,134,2026-02-05T17:42:00,1,8.2685,59584.47,80.21,1741.4,58615.28
1070,410,2026-02-18T13:09:00,1,25.5672,2573.85,238.03,68.72,2604.67
1071,391,2026-02-07T13:14:00,1,39.395,3803.28,194.3,142.07,3531.14
1072,19,2026-02-16T19:40:00,1,12.8924,90706.48,4903.05,2610.87,89698.17
1073,204,2026-02-14T13:58:00,1,23.1628,2341.95,226.95,87.06,2149.33
1074,161,2026-02-20T19:56:00,1,28.3219,199863.73,11444.93,6559.13,199490.24
1075,172,2026-02-26T12:16:00,1,27.5585,2660.45,139.95,91.38,2681.44
1076,73,2026-02-14T10:19:00,1,10.0421,75415.41,3248.36,2221.26,74729.18
1077,303,2026-02-21T15:06:00,1,14.7384,110655.38,4679.65,3092.5,111247.67
1078,74,2026-02-17T19:45:00,1,7.7284,58159.16,2444.35,1722.08,58085.62
1079,190,2026-02-15T15:29:00,1,2.4559,19246.7,1549.78,607.65,19101.48
1080,15,2026-02-18T10:48:00,1,47.6096,4780.61,431.0,169.3,4864.61
1081,75,2026-02-20T18:32:00,1,5.2811,37703.76,2569.87,1344.85,37112.22
1082,198,2026-02-05T13:03:00,1,15.7741,1526.32,80.78,56.66,1524.81
1083,402,2026-02-28T09:29:00,1,3.1346,22038.88,1226.92,677.86,21687.27
1084,430,2026-02-25T09:05:00,1,7.8341,55415.94,3368.61,1745.09,55613.16
1085,31,2026-02-09T14:38:00,1,19.1019,149529.05,12217.33,5071.8,150233.59
1086,53,2026-02-27T14:55:00,1,39.5475,3802.52,189.46,120.78,3823.01
1087,34,2026-02-04T20:45:00,1,12.0678,84730.96,4426.87,2900.55,84501.09
1088,30,2026-02-23T20:31:00,1,7.7113,57860.0,2322.06,1587.98,57546.22
1089,73,2026-02-08T11:19:00,1,10.0421,75695.98,3467.37,2557.6,74729.18
1090,334,2026-02-10T16:39:00,1,14.5628,102799.31,5776.4,3863.98,101921.6
1091,367,2026-02-07T18:56:00,1,9.0261,64973.12,83.31,1663.34,64992.84
1092,65,2026-02-17T16:01:00,1,7.9839,59905.59,2348.86,1690.23,59986.27
1093,444,2026-02-17T10:19:00,1,21.3326,149446.96,7382.51,3932.3,149570.04
1094,216,2026-02-16T17:16:00,1,3.2471,25863.95,2492.4,933.67,25710.38
1095,438,2026-02-20T18:07:00,1,3.7537,26528.4,1555.93,970.92,26461.5
1096,231,2026-02-05T20:42:00,1,16.9595,132501.92,10452.88,3705.49,132966.82
1097,129,2026-02-06T12:30:00,1,58.1956,6023.11,699.96,208.13,5543.18
1098,257,2026-02-10T18:31:00,1,3.6998,26067.07,1417.6,700.69,26155.07
1099,195,2026-02-22T10:29:00,1,5.6896,39909.21,2173.51,1218.77,40165.21
1100,222,2026-02-27T16:07:00,1,12.5433,94347.8,3953.51,2449.08,93951.6
1101,301,2026-02-13T19:41:00,1,33.2508,3346.76,299.99,98.65,3387.51
1102,475,2026-02-22T14:08:00,1,4.7599,33519.17,1949.61,876.38,33417.72
1103,249,2026-02-24T11:22:00,1,17.3609,121328.99,6025.7,3120.19,121096.77
1104,268,2026-02-28T20:33:00,1,7.2654,52292.66,77.9,1479.78,52415.61
1105,206,2026-02-17T14:41:00,1,25.6022,180310.46,9812.61,6129.79,179998.58
1106,383,2026-02-19T11:17:00,1,62.5518,6451.24,726.5,224.21,6362.59
1107,418,2026-02-25T10:58:00,1,23.6409,184925.34,14634.03,6920.0,183599.47
1108,447,2026-02-21T18:42:00,1,35.9406,253625.07,15045.98,9617.64,254909.66
1109,97,2026-02-19T19:33:00,1,12.0171,84575.08,4381.37,2713.96,83627.77
1110,138,2026-02-05T18:22:00,1,3.6759,28937.45,2483.84,958.91,28870.75
1111,312,2026-02-20T09:54:00,1,22.4573,157781.67,8378.64,4175.68,159340.48
1112,391,2026-02-06T16:59:00,1,39.395,3789.87,186.41,129.29,3531.14
1113,361,2026-02-16T20:50:00,1,4.8008,37796.61,3242.04,1079.61,37582.86
1114,127,2026-02-04T15:48:00,1,3.0645,24355.54,2316.67,677.75,24174.65
1115,224,2026-02-03T09:54:00,1,48.1507,4844.15,439.32,139.54,4971.13
1116,399,2026-02-03T19:53:00,1,14.9726,112608.89,4735.2,3422.33,112741.34
1117,18,2026-02-06T15:08:00,1,66.0832,6809.26,764.63,235.22,7010.81
1118,339,2026-02-19T16:28:00,1,4.9004,34684.14,1982.3,974.8,34308.16
1119,361,2026-02-10T15:52:00,1,4.8008,37772.55,3176.06,1325.8,37582.86
1120,282,2026-02-26T09:40:00,1,41.6824,296483.6,18522.01,7916.42,294156.91
1121,356,2026-02-04T09:23:00,1,10.5422,78989.5,3173.48,2841.1,78802.91
1122,413,2026-02-14T14:11:00,1,9.2313,69334.64,2994.36,2542.19,69692.43
1123,363,2026-02-24T17:31:00,1,13.8933,109252.32,9099.13,3815.31,109183.11
1124,102,2026-02-27T17:22:00,1,18.5,129609.76,6096.18,4690.96,127765.91
1125,189,2026-02-20T10:28:00,1,10.9377,77254.52,4488.63,2821.63,76279.2
1126,227,2026-02-21T10:08:00,1,14.5655,113255.27,8522.77,3002.07,112682.14
1127,417,2026-02-17T12:03:00,1,14.235,106992.92,4371.38,2900.52,106028.35
1128,320,2026-02-18T13:59:00,1,11.7703,88379.52,3639.13,2515.94,86799.61
1129,442,2026-02-09T11:18:00,1,22.5468,175306.59,13231.62,5290.96,176097.65
1130,41,2026-02-18T18:32:00,1,3.6873,26076.88,1497.15,952.35,25728.91
1131,166,2026-02-13T10:37:00,1,42.0913,298457.47,18097.84,9726.15,298034.29
1132,253,2026-02-09T15:16:00,1,12.2356,91989.52,4035.38,2392.93,91721.49
1133,107,2026-02-11T12:35:00,1,29.1472,205031.32,11935.49,5404.67,203805.95
1134,436,2026-02-24T09:15:00,1,2.5687,20129.85,1612.76,710.46,20274.97
1135,264,2026-02-03T18:44:00,1,10.9703,77578.24,4423.56,2545.91,77346.88
1136,445,2026-02-25T10:26:00,1,56.0557,5834.17,714.04,175.18,5771.96
1137,319,2026-02-24T17:30:00,1,72.4721,7511.0,889.22,200.03,7612.44
1138,70,2026-02-09T16:32:00,1,30.9727,2995.16,161.78,80.67,2738.64
1139,121,2026-02-21T12:01:00,1,5.6102,39690.33,2448.98,1258.71,39753.67
1140,494,2026-02-02T12:34:00,1,3.4802,24679.33,1417.74,878.77,24604.21
1141,324,2026-02-28T09:35:00,1,11.2024,87068.37,6559.3,2990.8,86023.64
1142,258,2026-02-02T11:27:00,1,20.9309,147675.91,7774.19,4493.56,145290.21
1143,374,2026-02-14T10:57:00,1,158.1349,15716.91,1277.61,425.61,15997.31
1144,328,2026-02-12T09:15:00,1,3.0974,24283.65,1953.63,728.32,24319.39
1145,124,2026-02-03T20:48:00,1,16.7443,130862.97,10224.64,3730.54,128948.28
1146,472,2026-02-26T09:55:00,1,13.3279,93816.19,4938.29,3083.83,92236.75
1147,383,2026-02-08T11:28:00,1,62.5518,6521.67,797.55,173.35,6362.59
1148,97,2026-02-10T19:56:00,1,12.0171,83884.65,3822.16,2522.89,83627.77
1149,131,2026-02-10T19:07:00,1,9.6225,69432.68,89.1,2131.03,68370.63
1150,349,2026-02-03T12:31:00,1,3.9789,31034.1,2367.16,1167.23,30859.88
1151,376,2026-02-24T12:28:00,1,28.2449,200196.4,12606.48,7425.24,200448.88
1152,380,2026-02-10T13:55:00,1,27.6089,2670.65,150.23,95.04,2674.7
1153,347,2026-02-08T20:34:00,1,8.607,64675.57,2769.03,1877.17,65058.93
1154,269,2026-02-04T20:39:00,1,4.0936,28731.87,1491.38,1066.68,29392.39
1155,260,2026-02-09T17:14:00,1,24.8355,173301.16,7959.56,6459.67,174878.99
1156,163,2026-02-24T20:52:00,1,45.0083,4339.84,227.43,117.92,4393.01
1157,420,2026-02-05T16:41:00,1,5.4005,42294.13,3429.43,1210.01,42365.92
1158,407,2026-02-15T09:17:00,1,9.1757,64738.18,3502.49,1674.94,64487.06
1159,148,2026-02-19T10:03:00,1,2.6633,20848.05,1691.04,754.45,20697.31
1160,148,2026-02-28T15:24:00,1,2.6633,20909.66,1769.14,667.87,20697.31
1161,237,2026-02-02T19:27:00,1,8.7772,61569.35,2902.72,1875.12,60919.31
1162,284,2026-02-02T14:59:00,1,22.3956,158475.08,8783.34,4120.47,156327.4
1163,14,2026-02-20T13:51:00,1,37.31,264682.22,16467.74,7914.95,262318.39
1164,401,2026-02-19T20:53:00,1,6.8381,48212.87,2580.18,1251.12,48170.62
1165,331,2026-02-14T20:48:00,1,6.1706,43633.17,2648.79,1554.1,43124.06
1166,32,2026-02-26T20:59:00,1,9.8569,68911.61,3180.28,2106.48,67862.27
1167,361,2026-02-10T16:27:00,1,4.8008,38198.01,3601.52,1436.48,37582.86
1168,306,2026-02-24T11:24:00,1,28.0255,196927.93,10795.17,6349.37,196973.59
1169,249,2026-02-24T09:17:00,1,17.3609,121978.26,6674.97,3494.59,121096.77
1170,426,2026-02-22T12:49:00,1,38.3169,3999.99,501.27,106.78,4058.49
1171,289,2026-02-10T18:17:00,1,4.1901,33033.3,2837.76,1012.5,33239.92
1172,192,2026-02-09T18:00:00,1,4.2888,30543.98,1991.42,1087.83,30519.56
1173,67,2026-02-10T13:54:00,1,5.6959,40546.49,2598.24,1204.58,39838.42
1174,96,2026-02-15T16:02:00,1,14.1124,99084.16,4902.52,3094.48,99348.29
1175,190,2026-02-16T15:03:00,1,2.4559,19317.07,1640.31,632.14,19101.48
1176,309,2026-02-03T14:04:00,1,20.9922,163275.51,12032.17,5455.39,163877.64
1177,235,2026-02-06T13:55:00,1,8.0469,58088.28,76.57,2072.02,57915.77
1178,265,2026-02-05T18:41:00,1,20.2554,2047.71,191.51,57.0,1896.91
1179,28,2026-02-08T19:32:00,1,12.4734,93399.63,3683.7,2437.06,93249.78
1180,458,2026-02-15T20:14:00,1,5.2364,37340.09,2394.03,975.96,36968.21
1181,34,2026-02-23T09:43:00,1,12.0678,84810.78,4639.32,3229.9,84501.09
1182,450,2026-02-28T09:38:00,1,10.9034,1055.34,58.33,34.32,1046.78
1183,126,2026-02-12T10:32:00,1,5.5909,39666.96,2319.24,1272.87,39847.32
1184,42,2026-02-08T19:26:00,1,5.2378,41122.74,3449.44,1352.97,41098.97
1185,39,2026-02-21T09:20:00,1,38.8962,3942.24,383.24,115.21,3941.11
1186,323,2026-02-26T19:23:00,1,11.8931,89459.64,3699.45,3406.74,89968.8
1187,250,2026-02-10T09:18:00,1,77.1732,7993.8,948.66,221.04,8120.8
1188,494,2026-02-05T18:13:00,1,3.4802,24836.62,1695.1,643.94,24604.21
1189,430,2026-02-11T17:50:00,1,7.8341,55040.15,3140.41,1959.16,55613.16
1190,310,2026-02-23T18:02:00,1,30.6255,215919.59,12461.53,6121.39,214159.66
1191,349,2026-02-24T19:05:00,1,3.9789,31088.14,2405.28,1099.32,30859.88
1192,42,2026-02-08T19:35:00,1,5.2378,41387.72,3714.42,1588.13,41098.97
1193,391,2026-02-14T17:51:00,1,39.395,3795.67,198.51,103.06,3531.14
1194,29,2026-02-20T16:20:00,1,13.1621,102575.93,7853.56,3314.53,103492.16
1195,143,2026-02-07T12:21:00,1,12.2929,92573.34,4198.08,2717.14,92374.57
1196,130,2026-02-26T16:20:00,1,2.9689,23441.58,2033.08,708.71,22961.63
1197,399,2026-02-04T15:23:00,1,14.9726,112654.24,4976.24,3525.64,112741.34
1198,44,2026-02-12T14:41:00,1,4.73,33751.07,2154.24,897.05,33225.74
1199,259,2026-02-20T12:36:00,1,3.1863,25040.65,2110.12,893.07,24958.48
1200,441,2026-02-27T12:49:00,1,5.6742,40685.25,2801.96,1523.63,40522.82
1201,483,2026-02-14T18:16:00,1,9.9881,69957.32,3617.56,2387.19,70426.37
1202,424,2026-02-10T15:26:00,1,17.9523,126906.1,7301.06,3440.42,126786.76
1203,270,2026-02-05T12:57:00,1,4.256,33652.79,3024.49,1134.02,33198.81
1204,97,2026-02-15T13:48:00,1,12.0171,83996.72,3798.44,2280.18,83627.77
1205,296,2026-02-23T11:55:00,1,106.5754,10690.39,925.95,375.32,9769.7
1206,20,2026-02-27T10:08:00,1,10.7348,80749.21,3388.02,2780.4,79058.39
1207,275,2026-02-28T15:22:00,1,5.1673,38799.43,1663.23,1186.02,38595.29
1208,69,2026-02-13T13:07:00,1,62.0656,6461.19,774.12,185.37,6460.93
1209,179,2026-02-27T18:06:00,1,4.8051,38259.89,3631.55,1269.12,37811.65
1210,384,2026-02-02T16:58:00,1,139.1589,13722.19,1018.37,513.01,12905.34
1211,218,2026-02-21T13:48:00,1,41.5219,292892.55,17263.95,10627.75,292651.2
1212,256,2026-02-23T18:58:00,1,3.4873,27217.15,2101.09,760.67,27499.72
1213,437,2026-02-17T18:37:00,1,4.6132,36217.45,2960.43,1342.35,36470.1
1214,196,2026-02-22T16:11:00,1,29.6387,3011.55,305.24,91.72,2814.98
1215,272,2026-02-24T10:14:00,1,5.634,39998.45,2579.96,1507.66,39799.37
1216,159,2026-02-16T17:37:00,1,106.8915,10595.71,827.96,347.76,9855.57
1217,272,2026-02-28T15:20:00,1,5.634,40158.89,2752.34,1174.7,39799.37
1218,403,2026-02-06T20:56:00,1,49.0885,5025.54,535.41,131.35,4680.14
1219,389,2026-02-07T18:20:00,1,19.9391,141165.54,8258.08,4116.62,138409.52
1220,54,2026-02-12T13:31:00,1,23.9682,186555.4,13761.94,5058.91,187282.13
1221,234,2026-02-08T13:38:00,1,16.4047,115889.96,6714.22,3394.71,115501.01
1222,401,2026-02-04T11:06:00,1,6.8381,48470.99,2967.47,1654.33,48170.62
1223,110,2026-02-18T09:38:00,1,19.8326,142996.76,211.76,5042.39,139927.76
1224,480,2026-02-02T12:00:00,1,23.4422,166414.52,9727.32,5410.11,164740.93
1225,262,2026-02-27T13:36:00,1,7.1953,51102.47,3063.7,1549.94,50055.68
1226,227,2026-02-24T16:18:00,1,14.5655,113641.76,8642.86,3092.77,112682.14
1227,488,2026-02-04T10:28:00,1,4.4681,31830.18,2097.61,1189.35,31759.9
1228,473,2026-02-14T11:17:00,1,4.9432,34806.75,1974.61,929.75,34561.14
1229,389,2026-02-22T10:47:00,1,19.9391,139976.13,7732.04,4217.15,138409.52
1230,423,2026-02-08T17:21:00,1,46.576,4505.64,243.47,134.21,4505.28
1231,147,2026-02-15T10:45:00,1,27.792,197452.5,11977.59,6350.94,193655.66
1232,367,2026-02-11T10:59:00,1,9.0261,65024.97,97.34,1696.56,64992.84
1233,376,2026-02-26T17:42:00,1,28.2449,200266.2,11913.39,5614.88,200448.88
1234,446,2026-02-21T09:15:00,1,15.9701,123524.36,8692.15,4165.43,125003.74
1235,74,2026-02-19T19:12:00,1,7.7284,58001.93,2411.86,2185.08,58085.62
1236,141,2026-02-16T20:31:00,1,2.1494,16770.38,1299.71,604.03,16725.03
1237,151,2026-02-05T17:54:00,1,18.1146,127602.14,7149.47,4697.17,128519.85
1238,385,2026-02-24T16:35:00,1,45.0218,4623.02,509.38,144.05,4324.75
1239,325,2026-02-07T20:16:00,1,16.9172,119462.99,6698.52,3117.6,118084.12
1240,327,2026-02-13T14:30:00,1,2.2934,18009.34,1529.77,515.15,17890.91
1241,283,2026-02-22T12:56:00,1,29.6388,3029.64,323.32,111.6,3012.82
1242,156,2026-02-22T15:38:00,1,40.2472,3875.6,200.63,138.74,3570.93
1243,189,2026-02-18T10:56:00,1,10.9377,77051.76,4140.5,2067.73,76279.2
1244,477,2026-02-25T16:20:00,1,13.4506,94742.66,5381.04,2934.26,94914.32
1245,132,2026-02-22T14:42:00,1,8.3701,58399.36,2885.51,1626.73,59029.06
1246,62,2026-02-12T16:53:00,1,4.7149,37421.48,3430.45,1295.59,37523.03
1247,429,2026-02-28T12:01:00,1,11.4674,86075.19,3661.62,2657.45,86268.38
1248,155,2026-02-09T15:03:00,1,43.3929,4186.87,217.29,154.87,3892.97
1249,300,2026-02-25T15:25:00,1,18.9634,132389.44,6402.49,4533.0,131950.52
1250,432,2026-02-15T09:17:00,1,12.1559,94778.39,7184.43,2742.6,95303.21
1251,260,2026-02-24T09:19:00,1,24.8355,173150.04,8203.82,5842.81,174878.99
1252,239,2026-02-14T17:13:00,1,20.6013,143639.92,6808.56,5287.09,142380.11
1253,416,2026-02-21T18:21:00,1,5.6718,39742.16,2091.9,1509.95,38864.83
1254,70,2026-02-20T09:51:00,1,30.9727,2984.84,156.1,112.72,2738.64
1255,201,2026-02-03T14:49:00,1,18.3302,129589.81,7356.15,3870.34,129569.1
1256,409,2026-02-18T12:23:00,1,46.9191,4714.76,428.23,123.67,4742.35
1257,286,2026-02-07T15:55:00,1,25.0601,178589.01,11546.65,6487.84,177158.65
1258,382,2026-02-08T14:21:00,1,52.9414,5351.87,507.2,148.06,5290.2
1259,220,2026-02-07T09:02:00,1,39.659,3833.55,200.39,110.34,3879.64
1260,450,2026-02-01T17:25:00,1,10.9034,1054.74,57.3,34.11,981.47
1261,422,2026-02-16T09:14:00,1,43.7528,4395.61,397.48,128.46,4400.94
1262,336,2026-02-25T20:07:00,1,106.314,10593.22,882.5,275.77,10623.18
1263,434,2026-02-26T20:56:00,1,133.699,13271.57,1043.46,407.83,13484.87
1264,144,2026-02-28T20:45:00,1,7.8189,54780.96,2867.92,1454.2,55403.35
1265,406,2026-02-24T17:38:00,1,17.4692,126102.66,171.74,3252.02,124975.1
1266,488,2026-02-05T15:12:00,1,4.4681,31558.55,1848.01,1045.5,31759.9
1267,443,2026-02-20T15:32:00,1,15.7014,123094.53,10097.83,4387.71,123622.15
1268,396,2026-02-01T10:16:00,1,24.6006,2368.6,118.14,74.55,2200.94
1269,348,2026-02-19T10:14:00,1,9.5558,67094.12,3325.4,1967.73,66314.47
1270,217,2026-02-18T20:34:00,1,32.1275,3242.22,307.05,94.8,3280.44
1271,271,2026-02-08T20:25:00,1,4.3867,34550.16,2998.47,1323.7,34477.91
1272,197,2026-02-25T12:36:00,1,3.3083,26167.89,2337.38,706.17,26110.51
1273,13,2026-02-13T16:36:00,1,24.6984,173623.19,9113.32,5438.35,174080.63
1274,59,2026-02-21T19:05:00,1,17.543,126310.85,168.79,3466.0,124660.4
1275,52,2026-02-18T16:37:00,1,8.4833,61154.82,79.22,2242.53,61107.55
1276,133,2026-02-03T16:33:00,1,14.5876,113224.57,8124.7,3792.01,113326.2
1277,385,2026-02-27T16:16:00,1,45.0218,4660.65,547.46,133.18,4324.75
1278,219,2026-02-10T09:20:00,1,78.5036,7824.83,658.24,283.88,7781.34
1279,367,2026-02-19T13:44:00,1,9.0261,65016.42,92.04,2389.63,65124.45
1280,112,2026-02-25T16:20:00,1,3.2447,25507.77,2135.38,812.57,25379.69
1281,346,2026-02-08T17:35:00,1,3.0109,21344.62,1306.63,740.09,21621.42
1282,457,2026-02-24T10:27:00,1,28.4822,2758.87,156.45,73.5,2777.92
1283,373,2026-02-03T11:33:00,1,191.6333,19025.56,1494.95,671.38,17774.54
1284,399,2026-02-04T10:02:00,1,14.9726,112149.37,4471.37,3499.21,112741.34
1285,471,2026-02-14T17:31:00,1,4.1632,29523.11,1871.64,992.42,29492.86
1286,75,2026-02-24T09:18:00,1,5.2811,37629.05,2554.36,1164.71,37112.22
1287,64,2026-02-14T19:17:00,1,3.1873,22570.99,1401.33,785.82,22032.51
1288,279,2026-02-11T19:10:00,1,3.3772,26538.99,2245.71,805.64,26077.11
1289,76,2026-02-10T18:45:00,1,36.1511,256106.44,15254.07,7226.58,253596.23
1290,197,2026-02-17T12:59:00,1,3.3083,26214.09,2364.22,829.49,26110.51
1291,176,2026-02-24T11:10:00,1,79.6742,8278.01,998.18,302.24,8259.16
1292,280,2026-02-23T15:11:00,1,57.5885,5890.09,613.83,151.53,5785.46
1293,80,2026-02-16T13:44:00,1,3.9658,27842.75,1448.96,1060.96,27956.4
1294,101,2026-02-07T14:06:00,1,6.4304,45534.9,2671.98,1479.11,45333.33
1295,34,2026-02-20T14:40:00,1,12.0678,84481.46,4197.28,2331.91,84501.09
1296,299,2026-02-08T12:17:00,1,2.7577,19555.39,1202.48,504.15,19335.39
1297,152,2026-02-27T20:19:00,1,14.682,103584.68,5561.63,3216.81,103061.96
1298,195,2026-02-20T17:34:00,1,5.6896,40248.9,2397.36,1511.71,40165.21
1299,341,2026-02-22T10:46:00,1,23.4326,164670.66,9256.28,5464.72,166136.18
1300,116,2026-02-09T11:51:00,1,4.3399,34039.33,2842.48,1117.0,33950.86
1301,279,2026-02-19T18:49:00,1,3.3772,26550.83,2258.77,809.85,26077.11
1302,454,2026-02-19T20:55:00,1,40.6398,4134.26,414.91,156.99,3882.48
1303,328,2026-02-22T09:50:00,1,3.0974,24450.29,2178.09,691.43,24319.39
1304,124,2026-02-07T11:09:00,1,16.7443,129602.4,9225.45,4650.51,128948.28
1305,89,2026-02-16T09:08:00,1,3.0342,21498.27,1304.61,639.33,21200.13
1306,273,2026-02-26T14:19:00,1,5.1573,38819.31,1630.43,1324.13,38716.4
1307,268,2026-02-25T15:49:00,1,7.2654,52401.58,67.09,1717.19,52415.61
1308,204,2026-02-23T17:20:00,1,23.1628,2352.63,230.45,69.62,2149.33
1309,283,2026-02-03T11:40:00,1,29.6388,3030.47,319.11,110.25,3012.82
1310,444,2026-02-09T17:28:00,1,21.3326,149803.15,7782.01,5445.41,149570.04
1311,262,2026-02-23T17:57:00,1,7.1953,50845.86,3044.46,1747.71,50055.68
1312,232,2026-02-21T14:54:00,1,38.8965,3747.61,188.58,97.15,3473.25
1313,248,2026-02-25T12:39:00,1,12.1774,85309.9,4407.03,2979.42,84291.64
1314,299,2026-02-07T20:00:00,1,2.7577,19593.71,1211.79,546.49,19335.39
1315,105,2026-02-15T18:19:00,1,3.087,24195.31,1950.76,679.76,23973.36
1316,175,2026-02-04T17:58:00,1,10.3823,73020.61,3932.53,2725.3,72240.21
1317,7,2026-02-20T19:30:00,1,13.6765,102602.11,4177.81,3476.61,102782.02
1318,211,2026-02-02T13:40:00,1,6.0918,44000.66,66.96,1523.06,43932.92
1319,32,2026-02-19T16:38:00,1,9.8569,69451.05,3673.0,2545.3,67862.27
1320,336,2026-02-15T19:48:00,1,106.314,10558.52,848.86,334.28,10623.18
1321,292,2026-02-26T18:57:00,1,17.0016,119951.16,6574.97,3638.12,120190.48
1322,380,2026-02-05T11:05:00,1,27.6089,2673.8,143.72,74.5,2674.7
1323,223,2026-02-27T19:45:00,1,5.2555,41807.46,3933.28,1100.26,42046.11
1324,34,2026-02-11T12:41:00,1,12.0678,83831.06,3883.7,2729.9,84501.09
1325,327,2026-02-24T14:57:00,1,2.2934,17879.13,1346.61,649.32,17890.91
1326,378,2026-02-06T14:33:00,1,22.3074,156821.04,8441.14,5192.6,157085.33
1327,8,2026-02-22T19:03:00,1,4.5632,35944.57,3132.38,1305.61,36048.01
1328,36,2026-02-07T20:17:00,1,3.5236,27958.49,2626.87,895.22,27680.59
1329,46,2026-02-06T12:44:00,1,3.1675,24870.71,2035.57,724.4,24850.85
1330,270,2026-02-14T09:19:00,1,4.256,33369.87,2784.34,1173.26,33198.81
1331,146,2026-02-18T18:53:00,1,45.6533,4392.34,221.45,131.64,4442.33
1332,371,2026-02-03T10:58:00,1,3.5364,27987.09,2508.25,882.33,27587.51
1333,50,2026-02-06T18:40:00,1,12.6872,95710.85,4246.29,2677.65,95672.47
1334,11,2026-02-25T19:23:00,1,22.9405,161407.39,8997.82,4153.6,162693.73
1335,245,2026-02-03T13:53:00,1,39.8096,4155.53,513.75,156.55,3779.27
1336,362,2026-02-21T20:48:00,1,198.9095,19932.37,1732.15,730.85,20107.23
1337,393,2026-02-05T13:11:00,1,5.8217,41231.75,2520.47,1255.72,40589.86
1338,148,2026-02-05T12:17:00,1,2.6633,20920.1,1753.66,646.41,20697.31
1339,470,2026-02-07T20:28:00,1,11.707,87667.46,3504.32,2575.24,87563.24
1340,141,2026-02-03T14:49:00,1,2.1494,16880.15,1394.28,557.17,16725.03
1341,341,2026-02-17T11:02:00,1,23.4326,165792.03,9742.63,5583.4,166136.18
1342,445,2026-02-19T12:44:00,1,56.0557,5787.51,657.29,188.01,5771.96
1343,232,2026-02-12T13:13:00,1,38.8965,3755.3,200.16,128.92,3473.25
1344,182,2026-02-23T20:50:00,1,12.8188,92463.12,140.2,3019.9,92483.25
1345,143,2026-02-03T12:29:00,1,12.2929,92511.32,3944.17,2617.82,92374.57
1346,139,2026-02-02T19:11:00,1,9.7207,73478.22,3373.11,2367.32,72596.75
1347,255,2026-02-05T18:24:00,1,5.3041,37377.25,2107.74,1111.39,37024.42
1348,350,2026-02-19T10:40:00,1,40.4539,3920.84,218.5,116.55,3943.14
1349,190,2026-02-28T16:21:00,1,2.4559,19374.36,1724.37,535.35,19101.48
1350,179,2026-02-21T14:19:00,1,4.8051,38185.49,3634.66,1069.0,37811.65
1351,88,2026-02-15T16:51:00,1,28.7165,202659.09,11014.36,7138.91,201394.38
1352,328,2026-02-15T20:25:00,1,3.0974,24370.48,2050.99,840.53,24319.39
1353,254,2026-02-27T18:21:00,1,49.5838,5000.39,470.41,174.31,5015.91
1354,259,2026-02-22T12:48:00,1,3.1863,25097.76,2186.32,655.39,24958.48
1355,496,2026-02-17T13:36:00,1,11.1941,84000.56,3301.17,2608.34,84505.86
1356,214,2026-02-19T13:56:00,1,15.0718,108547.36,136.51,3490.47,108686.25
1357,318,2026-02-23T18:48:00,1,17.6338,123867.2,6718.46,3485.66,123628.41
1358,75,2026-02-05T09:05:00,1,5.2811,37570.73,2454.16,1341.04,37112.22
1359,165,2026-02-26T16:25:00,1,34.0778,242323.45,15073.6,8689.49,240878.13
1360,89,2026-02-15T11:19:00,1,3.0342,21341.8,1092.52,586.64,21200.13
1361,164,2026-02-03T15:05:00,1,3.6678,28659.23,2233.68,1048.34,28940.57
1362,385,2026-02-08T14:00:00,1,45.0218,4622.83,502.89,151.21,4324.75
1363,256,2026-02-06T19:25:00,1,3.4873,27336.99,2196.35,864.57,27499.72
1364,372,2026-02-07T16:45:00,1,4.8056,34113.49,2080.95,1165.18,33637.33
1365,130,2026-02-25T14:48:00,1,2.9689,23476.44,2090.71,717.46,22961.63
1366,496,2026-02-05T13:52:00,1,11.1941,84068.73,3510.39,2504.16,84505.86
1367,359,2026-02-24T17:04:00,1,1.683,13307.8,1175.49,442.36,13162.42
1368,184,2026-02-16T09:14:00,1,14.3522,112206.29,8903.89,4265.96,110630.79
1369,471,2026-02-20T14:21:00,1,4.1632,29449.62,1752.85,842.55,29492.86
1370,268,2026-02-27T15:58:00,1,7.2654,52424.1,65.41,1744.12,52415.61
1371,42,2026-02-21T09:13:00,1,5.2378,41130.67,3468.53,1316.15,41098.97
1372,161,2026-02-14T11:27:00,1,28.3219,199037.23,10926.57,6073.83,199490.24
1373,81,2026-02-10T16:02:00,1,18.3862,128687.89,6192.04,4406.72,129100.71
1374,139,2026-02-14T17:53:00,1,9.7207,72768.56,2911.24,2233.79,72596.75
1375,58,2026-02-15T20:06:00,1,55.451,5535.12,470.78,166.23,5047.45
1376,348,2026-02-28T11:20:00,1,9.5558,66725.7,3280.63,2397.36,66314.47
1377,69,2026-02-19T09:31:00,1,62.0656,6426.07,745.83,220.96,6460.93
1378,347,2026-02-22T13:27:00,1,8.607,64589.67,2700.09,2291.22,65058.93
1379,138,2026-02-24T16:32:00,1,3.6759,28952.04,2453.43,964.87,28870.75
1380,197,2026-02-25T17:23:00,1,3.3083,26134.07,2303.56,781.12,26110.51
1381,61,2026-02-26T15:55:00,1,13.7262,96414.91,4880.92,2991.57,97468.86
1382,359,2026-02-03T20:37:00,1,1.683,13143.04,1017.46,393.18,13162.42
1383,138,2026-02-07T16:27:00,1,3.6759,28822.97,2396.45,964.59,28870.75
1384,27,2026-02-15T16:29:00,1,5.6731,40301.89,2441.44,1094.43,40006.98
1385,194,2026-02-02T13:27:00,1,3.7547,29911.53,2832.86,1028.53,29655.1
1386,179,2026-02-22T17:17:00,1,4.8051,37778.03,3226.43,1363.23,37811.65
1387,96,2026-02-10T14:19:00,1,14.1124,98820.13,4797.96,2551.96,99348.29
1388,338,2026-02-02T09:34:00,1,10.8588,81854.39,3541.38,2469.77,81297.73
1389,394,2026-02-13T10:08:00,1,16.5177,115981.44,5961.17,3093.9,116296.83
1390,387,2026-02-05T13:22:00,1,11.9529,89945.65,3926.61,2798.94,89528.73
1391,244,2026-02-23T20:52:00,1,15.9038,111840.77,6185.15,4178.41,111267.13
1392,280,2026-02-19T14:02:00,1,57.5885,5841.6,571.1,155.27,5785.46
1393,79,2026-02-20T10:24:00,1,19.4648,136957.04,7462.4,4624.22,135290.39
1394,274,2026-02-24T20:19:00,1,4.3282,33975.36,2774.49,1273.1,33537.27
1395,225,2026-02-13T13:46:00,1,26.4171,185993.03,10035.33,7023.95,187721.1
1396,347,2026-02-24T15:07:00,1,8.607,65010.8,2965.17,2360.65,65058.93
1397,423,2026-02-07T18:32:00,1,46.576,4503.01,236.18,172.62,4505.28
1398,288,2026-02-28T09:23:00,1,14.593,109820.61,4944.08,3787.33,109109.53
1399,306,2026-02-16T13:47:00,1,28.0255,196562.61,10043.1,7385.67,196973.59
1400,367,2026-02-25T09:38:00,1,9.0261,65101.84,84.59,2084.56,65124.45
1401,212,2026-02-06T15:13:00,1,170.6976,17027.96,1414.25,495.35,15848.48
1402,10,2026-02-26T13:29:00,1,7.7867,54987.39,3061.31,1499.01,55016.39
1403,319,2026-02-26T12:14:00,1,72.4721,7580.74,952.44,224.94,7612.44
1404,10,2026-02-23T13:46:00,1,7.7867,54735.74,3005.42,1445.88,55016.39
1405,379,2026-02-20T19:38:00,1,2.4927,19665.17,1726.21,651.41,19172.38
1406,175,2026-02-18T09:21:00,1,10.3823,72762.09,3553.16,2728.75,72240.21
1407,181,2026-02-11T16:54:00,1,19.7854,142514.48,191.77,4459.01,142839.21
1408,396,2026-02-16T19:24:00,1,24.6006,2363.88,115.88,81.63,2200.94
1409,136,2026-02-13T10:40:00,1,27.1123,190910.18,10321.93,6970.0,190224.53
1410,261,2026-02-18T20:33:00,1,3.9864,31542.61,2842.48,841.04,31349.87
1411,196,2026-02-10T19:29:00,1,29.6387,2989.77,284.05,88.61,2814.98
1412,18,2026-02-05T14:36:00,1,66.0832,6868.66,812.8,190.5,7010.81
1413,230,2026-02-14T13:35:00,1,3.6613,29128.81,2817.06,754.43,28608.91
1414,396,2026-02-16T17:08:00,1,24.6006,2383.05,135.05,72.45,2200.94
1415,200,2026-02-20T15:13:00,1,16.4058,116652.8,7508.95,3170.71,115360.06
1416,114,2026-02-04T11:49:00,1,22.4097,174799.23,13636.06,4874.52,174081.22
1417,415,2026-02-24T14:48:00,1,4.4374,35391.75,3403.69,1155.22,34410.05
1418,117,2026-02-14T14:40:00,1,31.0203,2999.98,167.52,87.51,2758.76
1419,58,2026-02-22T19:20:00,1,55.451,5540.97,477.74,209.95,5047.45
1420,269,2026-02-18T15:31:00,1,4.0936,28936.23,1648.09,824.14,29392.39
1421,403,2026-02-15T11:59:00,1,49.0885,4953.15,469.9,185.42,4680.14
1422,465,2026-02-06T14:48:00,1,6.5188,45915.85,2555.4,1177.41,45599.09
1423,247,2026-02-21T15:37:00,1,21.3958,149626.02,7597.49,5568.06,150400.66
1424,347,2026-02-14T19:01:00,1,8.607,64869.26,3015.48,2001.33,65058.93
1425,329,2026-02-08T10:38:00,1,18.6736,144705.62,10394.26,4852.7,145833.14
1426,305,2026-02-24T18:15:00,1,24.7258,192806.67,14564.81,4992.2,193918.09
1427,90,2026-02-19T14:01:00,1,25.9884,184617.48,11189.09,6343.43,185674.24
1428,396,2026-02-20T17:32:00,1,24.6006,2379.21,132.44,80.83,2200.94
1429,460,2026-02-07T14:46:00,1,20.4061,159803.58,13101.47,4421.07,160633.54
1430,465,2026-02-08T12:20:00,1,6.5188,45821.73,2438.14,1722.69,45599.09
1431,71,2026-02-10T18:29:00,1,13.8926,104174.33,4058.7,2708.05,103311.6
1432,245,2026-02-08T12:50:00,1,39.8096,4138.24,495.26,129.44,3779.27
1433,95,2026-02-15T18:53:00,1,30.4621,3086.73,304.63,83.41,3083.7
1434,176,2026-02-28T16:46:00,1,79.6742,8321.84,1036.43,230.0,8259.16
1435,38,2026-02-01T15:55:00,1,9.9544,71726.1,104.49,2462.35,72033.02
1436,278,2026-02-16T15:16:00,1,14.5841,114355.83,9384.29,3030.51,113770.29
1437,470,2026-02-23T18:41:00,1,11.707,88089.79,3774.22,3062.19,87563.24
1438,285,2026-02-23T20:03:00,1,15.0484,105146.52,5173.68,3338.86,106315.65
1439,156,2026-02-26T09:23:00,1,40.2472,3878.16,197.15,140.1,3570.93
1440,212,2026-02-23T16:27:00,1,170.6976,17121.62,1482.31,576.22,15848.48
1441,420,2026-02-04T18:48:00,1,5.4005,42319.27,3480.66,1542.22,42365.92
1442,422,2026-02-04T19:21:00,1,43.7528,4452.89,456.95,134.88,4400.94
1443,76,2026-02-08T10:21:00,1,36.1511,256671.96,16080.97,7261.02,253596.23
1444,341,2026-02-23T16:48:00,1,23.4326,164675.92,9003.32,6111.07,166136.18
1445,131,2026-02-25T16:21:00,1,9.6225,69404.88,91.61,2039.1,68370.63
1446,420,2026-02-15T18:02:00,1,5.4005,42846.58,3931.23,1408.51,42365.92
1447,405,2026-02-05T12:56:00,1,69.8843,7183.78,779.58,210.43,7338.21
1448,196,2026-02-19T20:10:00,1,29.6387,3000.78,288.25,88.01,2814.98
1449,303,2026-02-21T19:18:00,1,14.7384,110507.84,4532.11,3837.65,111247.67
1450,83,2026-02-24T18:18:00,1,16.4877,129352.0,10496.46,3524.26,128344.3
1451,457,2026-02-13T12:37:00,1,28.4822,2745.32,135.5,78.29,2777.92
1452,162,2026-02-05T20:32:00,1,11.2042,78489.63,3987.53,2269.97,78313.61
1453,397,2026-02-28T18:57:00,1,7.6603,54228.18,3368.15,1669.95,53303.38
1454,92,2026-02-12T17:20:00,1,13.6036,95771.51,4898.24,3171.51,94779.98
1455,279,2026-02-12T19:10:00,1,3.3772,26488.79,2141.61,992.11,26077.11
1456,463,2026-02-17T15:00:00,1,4.2011,33216.36,2930.21,1056.12,32847.63
1457,356,2026-02-03T12:09:00,1,10.5422,79220.96,3267.15,2341.7,78802.91
1458,148,2026-02-20T19:12:00,1,2.6633,20994.1,1827.4,749.55,20697.31
1459,189,2026-02-16T09:53:00,1,10.9377,76916.73,4122.51,2867.66,76279.2
1460,398,2026-02-28T12:47:00,1,7.997,57557.67,85.07,2053.79,57680.36
1461,108,2026-02-12T10:21:00,1,16.1291,113574.46,5830.62,3486.81,112888.54
1462,271,2026-02-03T20:34:00,1,4.3867,34535.37,2930.34,1309.21,34477.91
1463,464,2026-02-03T18:33:00,1,13.6974,107677.9,8991.69,2833.7,105905.51
1464,132,2026-02-08T20:59:00,1,8.3701,58490.89,2786.62,2050.97,57399.6
1465,346,2026-02-28T16:11:00,1,3.0109,21276.49,1285.83,732.49,21621.42
1466,23,2026-02-20T20:12:00,1,26.3325,185725.33,10541.53,5414.21,186093.89
1467,391,2026-02-27T11:33:00,1,39.395,3812.55,213.42,141.82,3531.14
1468,162,2026-02-02T18:30:00,1,11.2042,78580.9,3692.25,2257.04,78313.61
1469,247,2026-02-04T14:50:00,1,21.3958,150566.89,8190.46,5360.49,150400.66
1470,337,2026-02-03T10:30:00,1,6.8574,51466.92,2061.14,1394.24,51059.98
1471,106,2026-02-04T16:19:00,1,25.5639,180940.49,10827.82,5130.01,181086.15
1472,304,2026-02-01T10:46:00,1,23.2115,163198.19,8256.79,5976.74,163217.9
1473,471,2026-02-15T19:39:00,1,4.1632,29761.24,1977.38,836.1,29492.86
1474,402,2026-02-15T15:38:00,1,3.1346,22296.6,1377.28,642.64,21687.27
1475,144,2026-02-16T16:32:00,1,7.8189,55247.1,3209.58,1646.73,55403.35
1476,152,2026-02-21T12:21:00,1,14.682,102394.1,4932.78,3757.96,103061.96
1477,146,2026-02-22T16:07:00,1,45.6533,4399.66,231.06,130.02,4363.13
1478,403,2026-02-06T17:30:00,1,49.0885,4979.8,489.67,147.83,4680.14
1479,265,2026-02-06T19:19:00,1,20.2554,2042.3,189.54,72.16,1896.91
1480,52,2026-02-28T17:52:00,1,8.4833,61051.4,83.87,2061.39,61107.55
1481,98,2026-02-07T12:19:00,1,6.3389,44929.96,2676.94,1588.93,44080.64
1482,268,2026-02-10T10:43:00,1,7.2654,52427.42,70.04,1698.08,52415.61
1483,160,2026-02-20T14:10:00,1,41.4832,4257.62,468.96,145.61,4392.45
1484,103,2026-02-25T11:39:00,1,40.7114,287217.87,16743.95,7984.3,290443.66
1485,353,2026-02-06T16:41:00,1,5.7849,40712.13,2233.29,1311.37,40515.33
1486,317,2026-02-26T12:59:00,1,14.7122,114769.13,8680.63,4005.3,114345.81
1487,140,2026-02-16T14:09:00,1,21.4836,2079.92,116.75,75.46,2063.66
1488,163,2026-02-11T14:28:00,1,45.0083,4359.36,235.25,157.87,4393.01
1489,164,2026-02-14T09:48:00,1,3.6678,28772.71,2414.25,1017.47,28940.57
1490,499,2026-02-13T19:51:00,1,13.2935,102789.16,7266.72,3169.25,103756.15
1491,75,2026-02-15T20:12:00,1,5.2811,37747.79,2503.42,975.76,37112.22
1492,111,2026-02-22T14:01:00,1,8.7362,65735.34,2916.73,1930.87,65471.14
1493,171,2026-02-14T17:47:00,1,3.3292,23697.46,1585.31,705.44,23715.65
1494,107,2026-02-26T13:06:00,1,29.1472,204814.41,10444.56,6561.78,203805.95
1495,41,2026-02-08T20:37:00,1,3.6873,25914.28,1374.75,903.18,25728.91
1496,250,2026-02-02T20:31:00,1,77.1732,8023.31,978.17,245.46,8120.8
1497,133,2026-02-09T09:06:00,1,14.5876,114466.15,9604.94,3789.09,113326.2
1498,31,2026-02-21T16:59:00,1,19.1019,148451.81,11100.55,4822.47,150233.59
1499,152,2026-02-04T10:20:00,1,14.682,102809.81,5109.76,3791.1,103061.96
1500,413,2026-02-24T11:37:00,1,9.2313,69449.12,2903.08,1912.82,69692.43
1501,160,2026-02-19T12:20:00,1,41.4832,4264.47,467.93,113.97,4392.45
1502,306,2026-02-18T17:52:00,1,28.0255,198028.79,11209.41,5730.4,196973.59
1503,156,2026-02-23T10:55:00,1,40.2472,3869.44,181.99,137.3,3570.93
1504,419,2026-02-23T14:57:00,1,3.1838,22478.69,1327.37,665.79,22366.68
1505,412,2026-02-15T14:29:00,1,3.3552,23976.04,1584.51,679.71,23928.38
1506,122,2026-02-15T20:16:00,1,4.447,35071.66,3027.11,987.16,35554.5
1507,136,2026-02-20T10:41:00,1,27.1123,192322.79,11951.17,4980.42,190224.53
1508,219,2026-02-14T09:53:00,1,78.5036,7783.16,615.0,247.7,7781.34
1509,282,2026-02-02T09:36:00,1,41.6824,297556.92,18952.59,9568.52,294156.91
1510,233,2026-02-02T14:50:00,1,12.6163,95396.47,4408.47,3508.25,94096.53
1511,287,2026-02-16T10:47:00,1,11.5804,81280.88,4209.26,2428.03,82202.86
1512,41,2026-02-19T10:34:00,1,3.6873,25961.07,1354.61,850.12,25728.91
1513,85,2026-02-26T18:59:00,1,26.0333,2511.53,130.52,91.67,2549.01
1514,249,2026-02-20T10:49:00,1,17.3609,121756.72,6258.82,3414.47,121096.77
1515,365,2026-02-14T20:09:00,1,7.5425,54284.02,80.22,1713.27,53540.84
1516,346,2026-02-11T14:29:00,1,3.0109,21185.96,1239.2,718.04,21621.42
1517,282,2026-02-25T15:56:00,1,41.6824,295105.85,18180.91,10652.93,294156.91
1518,11,2026-02-13T15:01:00,1,22.9405,162579.97,9779.03,4175.27,162693.73
1519,5,2026-02-08T12:37:00,1,4.2729,33617.96,2884.78,925.38,33643.34
1520,359,2026-02-25T19:12:00,1,1.683,13179.09,1056.02,414.6,13162.42
1521,411,2026-02-27T20:55:00,1,13.1482,92453.15,4670.38,2786.49,92667.81
1522,308,2026-02-05T13:11:00,1,22.5917,159121.1,8898.04,4375.52,158490.58
1523,55,2026-02-01T09:49:00,1,41.8192,296832.99,17681.47,11187.5,292340.34
1524,69,2026-02-18T14:59:00,1,62.0656,6392.53,722.22,169.32,6460.93
1525,123,2026-02-22T15:17:00,1,7.2724,50973.02,2739.55,1502.56,51109.23
1526,125,2026-02-07T16:07:00,1,21.1855,165708.98,13403.67,4300.05,163495.59
1527,445,2026-02-13T20:13:00,1,56.0557,5745.2,608.82,210.87,5771.96
1528,201,2026-02-02T12:49:00,1,18.3302,129410.07,6891.38,3974.12,129569.1
1529,201,2026-02-19T11:32:00,1,18.3302,129726.52,7403.6,3475.18,129569.1
1530,485,2026-02-19T12:07:00,1,12.8272,90692.96,5093.21,2463.02,88122.43
1531,499,2026-02-16T14:26:00,1,13.2935,104042.21,8359.98,3140.76,103756.15
1532,102,2026-02-07T14:30:00,1,18.5,130418.17,7103.27,4673.84,127765.91
1533,136,2026-02-17T09:24:00,1,27.1123,191057.86,10503.5,6008.58,190224.53
1534,428,2026-02-14T14:23:00,1,2.987,23368.77,1902.84,854.73,23252.12
1535,165,2026-02-27T19:19:00,1,34.0778,240585.71,13068.35,9072.02,240878.13
1536,123,2026-02-23T15:56:00,1,7.2724,50980.81,2667.2,1725.08,51109.23
1537,253,2026-02-01T19:57:00,1,12.2356,92303.57,4268.8,2687.54,91721.49
1538,172,2026-02-02T18:00:00,1,27.5585,2643.71,127.89,76.1,2681.44
1539,69,2026-02-17T09:03:00,1,62.0656,6363.82,693.51,219.53,6460.93
1540,318,2026-02-26T13:23:00,1,17.6338,123405.7,5813.65,4327.85,123628.41
1541,329,2026-02-14T11:59:00,1,18.6736,146125.4,11928.51,4524.96,145833.14
1542,277,2026-02-05T11:23:00,1,56.7869,5918.37,714.42,212.9,5388.83
1543,468,2026-02-04T12:19:00,1,25.5173,181134.07,11331.49,4706.54,180900.58
1544,215,2026-02-21T18:20:00,1,40.8508,4215.63,477.78,153.32,4318.19
1545,15,2026-02-26T16:02:00,1,47.6096,4785.32,430.95,124.25,4864.61
1546,392,2026-02-28T17:24:00,1,61.6451,6323.95,687.12,194.89,6495.48
1547,406,2026-02-20T10:00:00,1,17.4692,125901.31,182.47,3496.62,124975.1
1548,185,2026-02-08T10:30:00,1,138.7501,13716.47,1019.45,524.64,13794.47
1549,247,2026-02-14T11:54:00,1,21.3958,150817.86,8709.52,4897.07,150400.66
1550,321,2026-02-26T16:57:00,1,3.0001,23636.92,2003.44,699.33,23745.41
1551,480,2026-02-09T14:39:00,1,23.4422,164311.37,8245.63,5586.85,164740.93
1552,356,2026-02-23T18:12:00,1,10.5422,79027.7,3101.19,2521.6,78802.91
1553,68,2026-02-08T11:14:00,1,19.087,134301.28,7274.43,4822.72,131507.3
1554,350,2026-02-03T13:56:00,1,40.4539,3912.83,212.11,136.09,3943.14
1555,327,2026-02-04T20:42:00,1,2.2934,17909.49,1416.11,515.95,17890.91
1556,161,2026-02-11T18:33:00,1,28.3219,200024.23,12395.89,6303.87,199490.24
1557,276,2026-02-19T11:20:00,1,20.2773,143105.73,7789.22,4152.08,142702.65
1558,225,2026-02-12T09:47:00,1,26.4171,187921.5,11452.89,6204.4,187721.1
1559,481,2026-02-26T12:11:00,1,9.6978,70024.81,94.75,1835.67,68391.88
1560,8,2026-02-05T12:10:00,1,4.5632,36119.32,3280.25,1310.87,36048.01
1561,211,2026-02-11T14:12:00,1,6.0918,43875.24,54.97,1393.21,43932.92
1562,334,2026-02-28T16:13:00,1,14.5628,102573.39,5884.7,3383.71,101921.6
1563,242,2026-02-20T20:17:00,1,137.6048,13616.07,1048.62,425.23,12769.12
1564,348,2026-02-25T11:16:00,1,9.5558,66839.99,3354.22,1999.72,66314.47
1565,181,2026-02-26T16:42:00,1,19.7854,142883.51,212.57,5069.75,142839.21
1566,53,2026-02-22T13:04:00,1,39.5475,3822.9,211.82,135.22,3823.01
1567,417,2026-02-12T17:08:00,1,14.235,107112.35,4488.25,2776.92,106028.35
1568,52,2026-02-08T10:35:00,1,8.4833,61109.7,92.89,2213.7,61107.55
1569,379,2026-02-10T16:27:00,1,2.4927,19462.55,1499.16,584.84,19172.38
1570,296,2026-02-03T11:25:00,1,106.5754,10681.64,932.12,406.3,9769.7
1571,437,2026-02-17T12:49:00,1,4.6132,36289.2,3032.18,1319.19,36470.1
1572,9,2026-02-07T18:49:00,1,3.5458,28089.15,2597.93,846.34,28395.62
1573,81,2026-02-19T17:23:00,1,18.3862,129595.04,6898.41,4188.59,128128.95
1574,288,2026-02-08T11:23:00,1,14.593,109811.98,4850.66,4212.81,108569.06
1575,85,2026-02-04T18:14:00,1,26.0333,2512.48,134.86,84.74,2549.01
1576,449,2026-02-25T18:27:00,1,12.1078,91257.45,4041.94,2967.92,90196.59
1577,457,2026-02-07T15:18:00,1,28.4822,2745.35,136.1,103.98,2777.92
1578,206,2026-02-17T16:20:00,1,25.6022,182265.87,11768.02,6751.11,179998.58
1579,73,2026-02-24T13:45:00,1,10.0421,75885.95,3495.06,1943.02,74729.18
1580,297,2026-02-22T18:38:00,1,28.6626,201686.53,11584.7,7546.12,202255.09
1581,37,2026-02-02T16:52:00,1,3.501,24872.48,1471.87,681.4,24874.3
1582,87,2026-02-25T12:25:00,1,5.8771,41940.03,2894.4,1597.86,41296.96
1583,419,2026-02-06T12:15:00,1,3.1838,22488.09,1310.73,688.24,22366.68
1584,445,2026-02-12T13:08:00,1,56.0557,5738.38,614.89,217.66,5771.96
1585,475,2026-02-13T19:09:00,1,4.7599,33465.08,1760.58,1173.54,33417.72
1586,110,2026-02-15T14:00:00,1,19.8326,143095.48,184.14,4167.8,139927.76
1587,339,2026-02-04T19:38:00,1,4.9004,34577.51,1968.24,1117.21,34308.16
1588,253,2026-02-08T10:34:00,1,12.2356,92046.54,4041.01,2708.46,91721.49
1589,396,2026-02-20T20:21:00,1,24.6006,2368.65,121.88,62.77,2200.94
1590,466,2026-02-09T13:07:00,1,4.9899,39676.24,3806.94,1036.52,39724.52
1591,333,2026-02-15T20:44:00,1,52.5275,5418.33,620.99,150.39,5435.85
1592,461,2026-02-26T17:06:00,1,4.6784,37002.13,3266.56,1085.13,36561.03
1593,49,2026-02-24T14:15:00,1,22.3665,2271.92,228.29,75.58,2294.33
1594,463,2026-02-28T15:26:00,1,4.2011,33230.1,3037.76,1206.58,32847.63
1595,32,2026-02-21T20:46:00,1,9.8569,68609.08,3177.5,2432.56,67862.27
1596,147,2026-02-09T19:53:00,1,27.792,197024.5,12000.09,5873.11,193655.66
1597,134,2026-02-12T16:15:00,1,8.2685,59685.72,75.79,1605.22,58615.28
1598,312,2026-02-16T13:06:00,1,22.4573,156883.26,7422.07,4887.26,159340.48
1599,416,2026-02-27T18:24:00,1,5.6718,40230.6,2363.34,1318.62,38864.83
1600,323,2026-02-17T09:38:00,1,11.8931,89826.27,4087.72,3067.09,89968.8
1601,59,2026-02-19T10:36:00,1,17.543,126373.4,187.3,4274.74,124660.4
1602,52,2026-02-04T18:43:00,1,8.4833,61101.84,92.75,1750.83,61107.55
1603,378,2026-02-20T20:02:00,1,22.3074,156091.31,7685.53,4782.63,157085.33
1604,184,2026-02-21T18:55:00,1,14.3522,112306.35,9107.57,4100.15,110630.79
1605,279,2026-02-02T19:47:00,1,3.3772,26744.6,2388.44,963.03,26077.11
1606,415,2026-02-14T18:11:00,1,4.4374,35100.36,3211.21,910.09,34410.05
1607,13,2026-02-21T15:51:00,1,24.6984,173367.12,9415.44,4657.45,174080.63
1608,15,2026-02-24T14:52:00,1,47.6096,4822.06,471.97,178.44,4864.61
1609,363,2026-02-12T13:28:00,1,13.8933,108250.56,8089.87,4109.14,109183.11
1610,418,2026-02-02T19:16:00,1,23.6409,184183.45,13686.7,6363.27,183599.47
1611,410,2026-02-26T17:41:00,1,25.5672,2576.7,238.32,84.38,2604.67
1612,171,2026-02-24T11:54:00,1,3.3292,23579.62,1468.57,708.83,23715.65
1613,267,2026-02-28T17:47:00,1,11.3594,79381.58,3961.64,2389.63,80167.77
1614,429,2026-02-27T13:06:00,1,11.4674,86652.24,4011.5,2569.38,86268.38
1615,486,2026-02-24T18:31:00,1,25.5385,2450.68,117.23,75.48,2478.69
1616,340,2026-02-06T20:31:00,1,165.8251,16562.69,1394.67,466.86,16808.1
1617,186,2026-02-11T11:10:00,1,20.4986,143413.59,7613.44,5315.77,142115.47
1618,172,2026-02-01T17:44:00,1,27.5585,2648.14,127.09,87.51,2681.44
1619,341,2026-02-18T11:25:00,1,23.4326,165643.43,9440.55,5427.64,166136.18
1620,329,2026-02-23T20:38:00,1,18.6736,144743.97,10253.9,3878.42,145833.14
1621,486,2026-03-29T11:45:00,1,25.5385,2495.45,131.86,91.1,2478.69
1622,181,2026-03-18T15:06:00,1,19.7854,142860.83,192.07,3900.5,142839.21
1623,450,2026-03-31T13:39:00,1,10.9034,1065.98,57.09,39.25,1046.78
1624,304,2026-03-03T09:15:00,1,23.2115,161968.18,7837.79,4612.49,163217.9
1625,293,2026-03-05T16:14:00,1,22.9979,162445.01,9032.0,4727.88,159151.94
1626,444,2026-03-23T12:28:00,1,21.3326,150438.74,8188.06,4323.68,149570.04
1627,344,2026-03-26T12:01:00,1,14.46,100741.34,4773.5,2594.99,100533.79
1628,457,2026-03-20T17:35:00,1,28.4822,2771.98,141.93,86.54,2777.92
1629,303,2026-03-07T18:25:00,1,14.7384,111011.82,4633.59,4046.73,111247.67
1630,334,2026-03-19T20:16:00,1,14.5628,103125.07,5963.96,3932.46,101921.6
1631,376,2026-03-26T13:27:00,1,28.2449,200461.43,13006.24,7193.33,200448.88
1632,196,2026-03-12T14:34:00,1,29.6387,3058.42,320.1,114.97,2814.98
1633,189,2026-03-03T20:15:00,1,10.9377,77166.29,4537.12,2108.3,76279.2
1634,424,2026-03-18T17:45:00,1,17.9523,127466.76,7659.03,3420.79,126786.76
1635,255,2026-03-18T18:14:00,1,5.3041,37440.31,2042.5,1345.34,37330.54
1636,383,2026-03-12T17:52:00,1,62.5518,6562.44,783.28,222.18,6362.59
1637,120,2026-03-15T16:39:00,1,3.0118,23741.71,2010.91,862.03,23993.62
1638,234,2026-03-16T11:01:00,1,16.4047,115932.52,6347.32,3063.82,115501.01
1639,299,2026-03-15T14:30:00,1,2.7577,19585.52,1255.61,515.82,19335.39
1640,462,2026-03-23T10:46:00,1,52.4788,5429.19,585.4,186.38,5136.59
1641,147,2026-03-19T09:45:00,1,27.792,196518.32,11093.71,7286.03,193655.66
1642,319,2026-03-16T11:25:00,1,72.4721,7542.46,857.63,266.88,7612.44
1643,116,2026-03-22T19:19:00,1,4.3399,34254.11,3008.83,1112.97,33950.86
1644,176,2026-03-08T15:09:00,1,79.6742,8328.16,969.45,306.58,8259.16
1645,409,2026-03-18T09:39:00,1,46.9191,4843.48,514.25,160.38,4742.35
1646,30,2026-03-23T10:39:00,1,7.7113,58153.66,2593.2,1926.01,57913.08
1647,35,2026-03-17T12:15:00,1,10.6628,83287.19,6287.27,2304.01,82126.32
1648,320,2026-03-25T11:01:00,1,11.7703,88788.49,3961.47,2476.8,86799.61
1649,345,2026-03-30T10:06:00,1,6.9195,48723.37,2765.02,1321.85,48077.3
1650,215,2026-03-19T15:24:00,1,40.8508,4279.62,509.91,147.1,4327.85
1651,371,2026-03-16T10:19:00,1,3.5364,27787.41,2296.51,833.46,27587.51
1652,188,2026-03-06T16:05:00,1,32.234,3151.11,167.85,116.12,3099.91
1653,99,2026-03-09T19:40:00,1,19.3079,135587.77,7192.36,3864.39,135735.36
1654,45,2026-03-11T13:01:00,1,16.0869,112838.04,5576.06,3024.46,113372.22
1655,468,2026-03-20T19:23:00,1,25.5173,179998.67,9776.08,5891.58,180900.58
1656,52,2026-03-06T09:00:00,1,8.4833,61236.9,76.38,2339.84,61107.55
1657,174,2026-03-13T18:36:00,1,36.7959,259581.69,14855.47,9303.53,261235.38
1658,198,2026-03-28T19:39:00,1,15.7741,1531.03,72.08,42.57,1524.81
1659,267,2026-03-06T10:55:00,1,11.3594,79787.7,4346.97,3039.11,80167.77
1660,363,2026-03-30T11:57:00,1,13.8933,107965.82,7760.25,3281.01,109183.11
1661,235,2026-03-23T17:09:00,1,8.0469,58064.52,86.04,2060.21,57915.77
1662,434,2026-03-27T17:56:00,1,133.699,13426.34,1057.85,450.62,13484.87
1663,423,2026-03-31T13:06:00,1,46.576,4524.87,215.19,169.95,4505.28
1664,185,2026-03-22T10:31:00,1,138.7501,13841.52,1039.05,446.2,13794.47
1665,103,2026-03-20T14:29:00,1,40.7114,287500.3,15919.84,9616.56,290443.66
1666,493,2026-03-22T16:07:00,1,3.8343,27105.54,1548.44,828.81,26508.07
1667,356,2026-03-18T11:15:00,1,10.5422,79098.12,3080.32,2274.2,78802.91
1668,436,2026-03-16T14:03:00,1,2.5687,20081.15,1565.58,617.99,20274.97
1669,487,2026-03-30T19:45:00,1,139.4639,14010.36,1111.34,509.95,13934.72
1670,402,2026-03-27T10:42:00,1,3.1346,22256.22,1276.69,811.27,21687.27
1671,348,2026-03-11T20:34:00,1,9.5558,67334.86,3620.03,2209.01,66902.72
1672,279,2026-03-13T13:20:00,1,3.3772,26672.35,2307.98,902.4,26519.97
1673,73,2026-03-15T19:27:00,1,10.0421,75838.8,3382.84,2225.86,74729.18
1674,215,2026-03-14T16:06:00,1,40.8508,4252.37,478.16,135.56,4327.85
1675,171,2026-03-18T16:50:00,1,3.3292,23711.36,1493.38,725.02,23715.65
1676,411,2026-03-10T17:53:00,1,13.1482,92726.62,4851.15,3203.33,92667.81
1677,24,2026-03-07T18:47:00,1,6.8653,48952.83,2991.5,1445.63,48073.34
1678,478,2026-03-19T20:03:00,1,4.5452,35921.17,3208.87,1214.28,35575.85
1679,285,2026-03-01T12:22:00,1,15.0484,105892.24,5200.54,3121.46,106315.65
1680,287,2026-03-02T15:47:00,1,11.5804,81715.87,4685.48,2807.54,82202.86
1681,272,2026-03-17T19:44:00,1,5.634,40198.71,2712.38,1290.86,39799.37
1682,25,2026-03-30T11:57:00,1,12.8433,99898.39,7265.96,3142.06,100257.6
1683,119,2026-03-23T16:13:00,1,3.7223,26435.99,1614.84,918.38,26552.84
1684,305,2026-03-21T15:13:00,1,24.7258,193455.7,15170.81,5064.48,193918.09
1685,478,2026-03-23T12:42:00,1,4.5452,35685.98,2937.5,1046.23,35575.85
1686,434,2026-03-30T15:52:00,1,133.699,13506.28,1140.46,515.94,13484.87
1687,122,2026-03-12T11:09:00,1,4.447,35485.82,3372.88,1091.01,35554.5
1688,319,2026-03-08T15:43:00,1,72.4721,7584.36,890.84,219.22,7612.44
1689,305,2026-03-23T12:56:00,1,24.7258,194065.86,15914.74,6523.57,193918.09
1690,347,2026-03-24T09:26:00,1,8.607,64976.39,2982.15,2003.73,65058.93
1691,439,2026-03-14T12:52:00,1,5.9325,42225.65,2604.02,1536.41,41926.14
1692,415,2026-03-16T20:25:00,1,4.4374,34938.44,2953.0,899.09,34410.05
1693,24,2026-03-23T20:14:00,1,6.8653,48672.23,2892.83,1326.31,48746.72
1694,39,2026-03-21T16:04:00,1,38.8962,3958.03,358.96,109.38,3941.11
1695,98,2026-03-18T13:43:00,1,6.3389,44751.75,2448.02,1686.1,44080.64
1696,381,2026-03-30T13:18:00,1,51.5308,5408.57,642.49,158.18,5266.72
1697,456,2026-03-19T15:52:00,1,2.4701,19306.56,1528.98,682.31,19595.24
1698,471,2026-03-29T16:12:00,1,4.1632,29544.36,1761.83,789.05,29492.86
1699,69,2026-03-17T10:07:00,1,62.0656,6544.15,818.6,206.81,6460.93
1700,123,2026-03-02T20:51:00,1,7.2724,51477.23,3102.75,1439.37,51109.23
1701,37,2026-03-08T20:09:00,1,3.501,24681.37,1382.46,749.02,24874.3
1702,236,2026-03-20T17:49:00,1,45.6461,4792.2,577.24,163.34,4839.22
1703,101,2026-03-25T18:00:00,1,6.4304,45418.27,2423.2,1347.53,45333.33
1704,82,2026-03-11T11:22:00,1,61.9363,6515.87,796.67,187.72,5874.53
1705,246,2026-03-07T15:09:00,1,84.5028,8549.36,730.32,225.04,7735.34
1706,156,2026-03-17T12:21:00,1,40.2472,3896.47,183.67,108.92,3570.93
1707,349,2026-03-24T10:53:00,1,3.9789,31213.77,2554.67,1147.2,30859.88
1708,131,2026-03-20T11:35:00,1,9.6225,69482.69,96.77,2274.01,68370.63
1709,169,2026-03-02T17:34:00,1,4.4869,35225.98,2896.7,931.15,35620.32
1710,9,2026-03-20T14:23:00,1,3.5458,28159.56,2591.51,981.87,27738.73
1711,22,2026-03-05T09:24:00,1,13.9576,105602.74,4825.1,3628.43,104306.81
1712,2,2026-03-19T18:07:00,1,5.3919,37940.34,1966.28,1159.47,38149.13
1713,456,2026-03-08T17:04:00,1,2.4701,19519.23,1689.75,508.49,19595.24
1714,11,2026-03-21T18:41:00,1,22.9405,163175.0,10259.36,5172.37,162693.73
1715,204,2026-03-10T20:15:00,1,23.1628,2377.69,240.23,72.64,2149.33
1716,363,2026-03-16T19:29:00,1,13.8933,108668.71,8523.72,3262.0,109183.11
1717,257,2026-03-30T14:14:00,1,3.6998,26171.44,1597.89,822.15,26155.07
1718,77,2026-03-10T15:16:00,1,5.0459,39982.57,3628.98,1112.78,40007.15
1719,469,2026-03-06T13:09:00,1,3.5698,25098.22,1390.25,649.24,24959.42
1720,24,2026-03-15T12:25:00,1,6.8653,48329.23,2696.89,1781.49,48746.72
1721,68,2026-03-27T15:26:00,1,19.087,135183.75,7436.56,3820.79,131507.3
1722,470,2026-03-14T15:29:00,1,11.707,88259.75,3716.71,2770.44,87563.24
1723,193,2026-03-11T20:33:00,1,14.9404,104664.69,5047.18,3213.8,102287.59
1724,110,2026-03-08T12:55:00,1,19.8326,143341.19,187.1,4019.91,139927.76
1725,388,2026-03-22T16:35:00,1,12.1851,87855.89,128.78,2657.79,87746.43
1726,459,2026-03-25T13:13:00,1,6.8639,51791.98,2324.75,1574.35,51697.62
1727,208,2026-03-05T16:19:00,1,11.0838,86638.72,6610.69,2819.94,85709.59
1728,481,2026-03-27T15:03:00,1,9.6978,70129.37,105.82,2576.37,68391.88
1729,107,2026-03-07T19:24:00,1,29.1472,205849.0,10716.37,7614.57,203805.95
1730,497,2026-03-17T09:44:00,1,3.6197,28459.87,2320.71,1072.17,28205.6
1731,110,2026-03-13T20:43:00,1,19.8326,143280.71,201.0,3984.06,139927.76
1732,301,2026-03-25T12:09:00,1,33.2508,3386.98,309.62,104.13,3387.51
1733,219,2026-03-11T11:48:00,1,78.5036,7873.1,624.08,289.03,7781.34
1734,494,2026-03-16T18:33:00,1,3.4802,24756.65,1508.53,929.43,24604.21
1735,392,2026-03-21T10:05:00,1,61.6451,6499.38,795.36,222.64,6495.48
1736,11,2026-03-01T14:54:00,1,22.9405,163943.92,10444.68,6021.52,162693.73
1737,50,2026-03-11T20:09:00,1,12.6872,95964.45,4410.32,2894.84,95672.47
1738,115,2026-03-10T14:37:00,1,15.2051,109708.77,162.41,3318.21,108495.55
1739,481,2026-03-27T11:18:00,1,9.6978,70119.49,95.94,2098.98,68391.88
1740,162,2026-03-04T11:10:00,1,11.2042,78658.23,4158.59,2174.55,78313.61
1741,221,2026-03-04T11:35:00,1,12.4688,93863.73,4015.8,3145.76,93644.97
1742,295,2026-03-21T20:54:00,1,14.8897,104430.7,5179.68,3987.82,104285.45
1743,480,2026-03-08T11:58:00,1,23.4422,165762.5,9756.3,5652.09,166738.59
1744,237,2026-03-04T15:30:00,1,8.7772,61590.99,3229.11,1683.63,60919.31
1745,201,2026-03-16T20:52:00,1,18.3302,128954.14,6506.39,3334.16,129569.1
1746,192,2026-03-30T16:57:00,1,4.2888,30392.77,1907.16,1000.54,30519.56
1747,11,2026-03-16T14:05:00,1,22.9405,163740.68,10495.62,5379.67,162693.73
1748,471,2026-03-12T13:43:00,1,4.1632,29602.27,1711.91,808.95,29492.86
1749,208,2026-03-30T19:12:00,1,11.0838,86126.1,6184.08,3299.41,85709.59
1750,337,2026-03-11T10:22:00,1,6.8574,51588.02,2103.24,1844.15,51059.98
1751,321,2026-03-26T18:26:00,1,3.0001,23536.05,1948.02,789.87,23799.06
1752,91,2026-03-12T13:33:00,1,9.0049,65123.09,96.37,1827.22,64892.0
1753,480,2026-03-30T11:03:00,1,23.4422,163758.81,8059.0,4859.98,166738.59
1754,345,2026-03-08T15:21:00,1,6.9195,48927.59,2878.8,1417.33,48077.3
1755,23,2026-03-09T16:42:00,1,26.3325,186720.86,11612.63,6595.91,184390.78
1756,45,2026-03-11T18:00:00,1,16.0869,112950.13,5688.15,3080.41,113372.22
1757,392,2026-03-19T16:24:00,1,61.6451,6357.22,668.61,193.72,6495.48
1758,205,2026-03-02T15:21:00,1,9.4979,71592.88,3158.04,2080.46,71093.06
1759,194,2026-03-26T15:26:00,1,3.7547,29652.86,2634.9,1136.26,29655.1
1760,377,2026-03-11T13:35:00,1,10.3794,80670.16,5769.71,2422.67,79835.86
1761,103,2026-03-16T16:58:00,1,40.7114,288308.68,16352.05,7688.13,290443.66
1762,357,2026-03-03T17:57:00,1,43.877,4517.62,465.58,168.47,4465.7
1763,62,2026-03-01T10:15:00,1,4.7149,37514.46,3505.56,1347.51,37523.03
1764,41,2026-03-06T12:49:00,1,3.6873,25925.89,1437.57,714.81,25728.91
1765,48,2026-03-28T20:51:00,1,12.8521,89477.85,4116.26,3118.82,89666.74
1766,181,2026-03-28T18:40:00,1,19.7854,142754.19,214.03,3783.11,142839.21
1767,464,2026-03-15T19:06:00,1,13.6974,107263.52,8433.77,3200.26,105905.51
1768,326,2026-03-04T20:59:00,1,9.6607,67317.61,3081.1,1842.86,67690.31
1769,45,2026-03-06T09:27:00,1,16.0869,112007.93,5170.64,4231.42,113372.22
1770,422,2026-03-22T10:24:00,1,43.7528,4451.24,414.17,116.8,4400.94
1771,171,2026-03-21T12:45:00,1,3.3292,23698.54,1506.93,751.09,23715.65
1772,265,2026-03-20T20:43:00,1,20.2554,2081.29,210.91,65.78,1896.91
1773,316,2026-03-28T17:00:00,1,4.8799,38818.8,3662.49,1213.64,37802.56
1774,44,2026-03-06T17:36:00,1,4.73,33743.52,2330.36,977.54,33225.74
1775,101,2026-03-23T12:11:00,1,6.4304,45258.13,2378.74,1599.84,45333.33
1776,452,2026-03-11T15:40:00,1,17.8714,127051.14,7890.72,3622.83,127221.62
1777,446,2026-03-19T19:18:00,1,15.9701,124131.06,9192.49,3832.82,125003.74
1778,117,2026-03-14T12:33:00,1,31.0203,3013.35,147.38,90.44,2758.76
1779,4,2026-03-21T13:48:00,1,11.895,85896.9,128.24,2950.49,85807.67
1780,87,2026-03-03T20:03:00,1,5.8771,41438.29,2412.82,1322.8,41296.96
1781,330,2026-03-25T20:28:00,1,4.6319,32940.39,1970.49,876.98,32722.75
1782,7,2026-03-24T14:44:00,1,13.6765,103037.9,4529.22,3057.7,102782.02
1783,362,2026-03-20T13:46:00,1,198.9095,20015.29,1647.99,529.27,20107.23
1784,447,2026-03-11T16:23:00,1,35.9406,254586.18,14946.48,8935.99,254909.66
1785,267,2026-03-10T20:12:00,1,11.3594,80464.08,4543.98,2382.74,80167.77
1786,122,2026-03-19T15:29:00,1,4.447,34913.34,2907.79,1202.52,35554.5
1787,468,2026-03-15T15:29:00,1,25.5173,179949.45,10340.81,6440.75,180900.58
1788,462,2026-03-29T20:48:00,1,52.4788,5482.17,625.26,151.06,5136.59
1789,204,2026-03-14T14:24:00,1,23.1628,2392.47,252.46,87.99,2149.33
1790,463,2026-03-21T15:50:00,1,4.2011,33026.5,2734.55,1000.08,32847.63
1791,436,2026-03-22T11:13:00,1,2.5687,20298.48,1805.02,558.88,20274.97
1792,52,2026-03-01T14:12:00,1,8.4833,61273.63,82.99,1686.17,61107.55
1793,12,2026-03-16T17:17:00,1,28.8297,203304.73,10719.16,5994.46,201674.99
1794,122,2026-03-07T15:27:00,1,4.447,35201.9,3104.52,1227.27,35554.5
1795,454,2026-03-06T14:06:00,1,40.6398,4166.58,405.37,142.17,3882.48
1796,37,2026-03-31T13:09:00,1,3.501,24686.01,1350.9,782.59,24874.3
1797,126,2026-03-17T15:31:00,1,5.5909,39938.54,2738.98,1433.25,39847.32
1798,7,2026-03-31T19:19:00,1,13.6765,102710.55,4208.43,2837.9,102782.02
1799,365,2026-03-20T11:33:00,1,7.5425,54461.81,74.35,1479.16,53540.84
1800,151,2026-03-11T11:23:00,1,18.1146,128732.12,7950.13,4625.5,128519.85
1801,302,2026-03-16T15:15:00,1,24.6146,172290.6,7862.36,5396.59,173269.35
1802,112,2026-03-31T14:40:00,1,3.2447,25405.01,2035.74,726.28,25379.69
1803,486,2026-03-29T17:21:00,1,25.5385,2503.35,139.76,89.3,2478.69
1804,308,2026-03-26T11:20:00,1,22.5917,159104.06,9167.92,4468.92,158490.58
1805,417,2026-03-21T20:37:00,1,14.235,107262.23,4621.05,3997.2,106028.35
1806,325,2026-03-08T18:30:00,1,16.9172,119414.16,6831.38,3437.75,119145.47
1807,473,2026-03-01T15:48:00,1,4.9432,34979.4,1903.51,1289.81,34561.14
1808,79,2026-03-20T16:38:00,1,19.4648,136416.83,6569.68,4416.39,135290.39
1809,479,2026-03-29T10:28:00,1,24.1015,189620.89,15754.12,6620.84,187108.32
1810,206,2026-03-25T20:09:00,1,25.6022,181275.03,10093.09,6427.16,179998.58
1811,193,2026-03-28T12:40:00,1,14.9404,104751.38,5519.63,3316.84,102287.59
1812,2,2026-03-11T17:09:00,1,5.3919,38046.08,2094.72,1276.23,38149.13
1813,418,2026-03-09T14:38:00,1,23.6409,185690.28,15480.06,5905.72,183599.47
1814,470,2026-03-18T12:59:00,1,11.707,87938.46,3521.51,3163.79,87563.24
1815,318,2026-03-20T20:56:00,1,17.6338,123336.01,5703.22,4315.25,123628.41
1816,104,2026-03-17T15:27:00,1,47.6116,4896.74,504.57,143.06,4803.13
1817,373,2026-03-27T12:09:00,1,191.6333,19369.21,1641.21,569.78,17774.54
1818,158,2026-03-01T15:05:00,1,35.8635,253612.72,13643.23,8583.03,253196.23
1819,195,2026-03-15T16:40:00,1,5.6896,40219.06,2401.37,1540.8,40165.21
1820,202,2026-03-18T14:06:00,1,4.3318,34060.02,2824.23,1065.57,34338.44
1821,497,2026-03-09T18:29:00,1,3.6197,28393.26,2332.07,798.75,28205.6
1822,152,2026-03-06T09:07:00,1,14.682,102734.56,5227.58,3054.49,103061.96
1823,29,2026-03-28T11:20:00,1,13.1621,102447.14,7623.29,3248.28,103492.16
1824,443,2026-03-24T15:41:00,1,15.7014,122278.94,9185.37,3170.2,123622.15
1825,172,2026-03-13T09:41:00,1,27.5585,2672.29,128.92,89.38,2681.44
1826,151,2026-03-11T17:03:00,1,18.1146,128489.97,7707.98,4224.39,128519.85
1827,385,2026-03-23T10:08:00,1,45.0218,4718.86,563.35,150.8,4324.75
1828,81,2026-03-04T12:05:00,1,18.3862,128719.11,6464.49,4844.16,128128.95
1829,402,2026-03-12T15:21:00,1,3.1346,22371.78,1372.28,669.55,21687.27
1830,400,2026-03-03T17:26:00,1,27.1971,2783.21,271.56,90.67,2604.31
1831,341,2026-03-26T10:52:00,1,23.4326,165153.98,9636.97,4555.57,166136.18
1832,111,2026-03-15T13:14:00,1,8.7362,65638.56,2604.96,2321.2,65471.14
1833,128,2026-03-02T09:41:00,1,11.2314,81040.73,115.57,2653.14,79829.9
1834,449,2026-03-23T12:48:00,1,12.1078,90899.35,3661.8,2376.35,90196.59
1835,125,2026-03-31T17:20:00,1,21.1855,164412.31,11828.2,6040.87,163495.59
1836,172,2026-03-13T09:32:00,1,27.5585,2688.22,144.85,91.88,2681.44
1837,407,2026-03-10T20:26:00,1,9.1757,64531.92,3206.5,2205.15,64487.06
1838,294,2026-03-03T12:14:00,1,11.2674,1091.7,51.16,36.19,1099.9
1839,311,2026-03-16T18:56:00,1,6.7935,50928.21,1959.64,1761.27,51184.74
1840,195,2026-03-17T12:09:00,1,5.6896,40313.53,2457.26,1116.74,40165.21
1841,286,2026-03-01T13:17:00,1,25.0601,179081.15,11399.26,6290.49,177158.65
1842,297,2026-03-12T12:48:00,1,28.6626,204082.7,12064.49,5642.12,202255.09
1843,324,2026-03-09T13:25:00,1,11.2024,87154.2,6498.94,2596.0,86023.64
1844,65,2026-03-21T18:41:00,1,7.9839,60012.93,2445.18,1558.47,59986.27
1845,357,2026-03-17T10:02:00,1,43.877,4510.12,462.47,127.27,4465.7
1846,205,2026-03-26T12:12:00,1,9.4979,71144.97,2800.27,2671.03,71377.12
1847,404,2026-03-19T20:43:00,1,42.524,302416.61,18702.01,8897.76,300825.57
1848,115,2026-03-29T16:03:00,1,15.2051,109843.57,154.89,3238.53,108495.55
1849,344,2026-03-21T13:13:00,1,14.46,101174.26,4787.51,3742.91,100533.79
1850,273,2026-03-01T11:55:00,1,5.1573,38787.56,1587.59,1100.41,38716.4
1851,177,2026-03-07T20:20:00,1,21.5109,153043.51,9033.84,5328.25,149601.12
1852,244,2026-03-13T16:30:00,1,15.9038,111941.24,6166.5,3102.48,111267.13
1853,300,2026-03-20T12:04:00,1,18.9634,132854.63,6352.25,5079.14,131950.52
1854,328,2026-03-04T18:03:00,1,3.0974,24487.41,2168.1,894.14,24319.39
1855,456,2026-03-01T13:28:00,1,2.4701,19566.03,1749.03,733.84,19183.88
1856,202,2026-03-24T09:23:00,1,4.3318,34274.53,3073.57,947.4,34338.44
1857,116,2026-03-21T14:04:00,1,4.3399,34142.82,2850.06,1058.99,33950.86
1858,149,2026-03-14T09:57:00,1,24.2917,190447.29,15022.84,5600.6,190817.31
1859,65,2026-03-10T12:07:00,1,7.9839,59892.49,2371.84,1883.54,59986.27
1860,488,2026-03-21T09:56:00,1,4.4681,31892.11,2108.87,1094.77,31759.9
1861,494,2026-03-30T10:46:00,1,3.4802,24673.73,1558.73,636.18,24604.21
1862,126,2026-03-15T17:17:00,1,5.5909,39863.63,2701.98,1316.34,39847.32
1863,144,2026-03-01T20:44:00,1,7.8189,55572.21,3254.46,1763.89,55403.35
1864,82,2026-03-07T09:02:00,1,61.9363,6409.57,678.6,219.71,5874.53
1865,266,2026-03-14T09:36:00,1,3.1433,25045.32,2345.73,773.38,25026.34
1866,477,2026-03-02T13:45:00,1,13.4506,94741.89,5271.32,3588.89,94914.32
1867,151,2026-03-24T09:42:00,1,18.1146,128403.18,7576.44,4605.16,128519.85
1868,145,2026-03-31T16:51:00,1,8.7446,65987.61,3006.46,1887.62,65283.92
1869,1,2026-03-21T15:35:00,1,4.1528,32585.6,2641.92,1069.1,32569.41
1870,374,2026-03-16T20:03:00,1,158.1349,15925.31,1338.95,553.55,15997.31
1871,153,2026-03-12T16:34:00,1,36.3674,3760.47,400.49,113.95,3461.47
1872,88,2026-03-12T17:34:00,1,28.7165,203637.71,11258.41,6180.87,201394.38
1873,78,2026-03-11T11:37:00,1,3.8207,30371.46,2800.3,912.32,29924.02
1874,214,2026-03-12T13:09:00,1,15.0718,108987.13,149.74,3274.76,108686.25
1875,434,2026-03-22T17:26:00,1,133.699,13459.84,1123.43,429.77,13484.87
1876,191,2026-03-31T11:21:00,1,10.7173,77294.81,105.71,2574.5,77465.39
1877,491,2026-03-12T17:55:00,1,28.3832,201245.84,11099.4,6313.05,199373.19
1878,362,2026-03-06T19:09:00,1,198.9095,20124.38,1715.31,603.66,20107.23
1879,319,2026-03-11T11:54:00,1,72.4721,7568.73,876.66,274.36,7612.44
1880,425,2026-03-19T12:52:00,1,11.6469,87282.33,3458.31,3146.36,87666.76
1881,369,2026-03-13T10:32:00,1,3.836,26918.94,1406.05,833.49,27004.67
1882,291,2026-03-02T13:59:00,1,2.3094,18146.81,1506.98,598.23,18316.84
1883,294,2026-03-22T19:45:00,1,11.2674,1100.96,61.32,38.61,1099.9
1884,420,2026-03-11T14:35:00,1,5.4005,42743.58,3772.17,1272.32,42365.92
1885,497,2026-03-13T12:36:00,1,3.6197,28477.54,2363.68,1027.69,28205.6
1886,186,2026-03-24T10:14:00,1,20.4986,143770.83,7042.5,5063.61,142115.47
1887,340,2026-03-21T12:45:00,1,165.8251,16658.1,1314.3,604.35,16808.1
1888,1,2026-03-29T10:31:00,1,4.1528,33035.7,3077.65,1059.05,33069.85
1889,77,2026-03-30T12:48:00,1,5.0459,39623.53,3229.93,1496.24,40007.15
1890,216,2026-03-10T10:52:00,1,3.2471,25814.81,2420.82,839.94,25710.38
1891,102,2026-03-01T12:11:00,1,18.5,129635.51,5848.5,3809.47,127765.91
1892,441,2026-03-25T16:07:00,1,5.6742,40584.51,2645.56,1073.78,40522.82
1893,225,2026-03-31T20:38:00,1,26.4171,186856.1,10779.0,5747.4,187721.1
1894,160,2026-03-11T15:39:00,1,41.4832,4317.18,486.62,122.04,4392.45
1895,314,2026-03-30T09:43:00,1,3.5003,27685.59,2439.64,926.62,27611.68
1896,263,2026-03-02T13:44:00,1,11.0827,86503.35,6649.61,2603.68,85885.6
1897,254,2026-03-28T10:27:00,1,49.5838,5111.38,525.37,180.11,5015.91
1898,367,2026-03-19T19:31:00,1,9.0261,65054.26,92.43,1957.71,65124.45
1899,14,2026-03-13T10:30:00,1,37.31,262369.83,14224.38,8353.68,262318.39
1900,135,2026-03-18T20:40:00,1,22.9212,2325.45,210.51,66.84,2313.05
1901,490,2026-03-04T12:38:00,1,5.6869,40067.82,2254.14,1409.9,40314.64
1902,250,2026-03-02T20:54:00,1,77.1732,8031.79,893.27,262.43,8120.8
1903,241,2026-03-07T19:08:00,1,21.0662,149219.74,8187.22,4001.39,146917.66
1904,316,2026-03-28T17:28:00,1,4.8799,38691.96,3535.65,1004.5,37802.56
1905,38,2026-03-17T18:24:00,1,9.9544,71977.51,93.2,2095.75,71867.8
1906,427,2026-03-30T13:37:00,1,60.6339,6340.83,732.8,221.11,5914.73
1907,64,2026-03-23T16:18:00,1,3.1873,22532.84,1279.19,627.0,22032.51
1908,455,2026-03-06T15:07:00,1,21.0382,146978.89,7258.73,4893.57,146482.23
1909,366,2026-03-05T16:31:00,1,20.7568,2033.51,113.51,54.06,2026.31
1910,133,2026-03-01T19:57:00,1,14.5876,113776.66,8555.28,3996.97,113326.2
1911,95,2026-03-25T12:21:00,1,30.4621,3116.38,297.11,91.84,3083.7
1912,461,2026-03-22T20:28:00,1,4.6784,37011.95,3329.62,1181.23,36561.03
1913,430,2026-03-23T11:08:00,1,7.8341,55654.02,3414.44,1507.44,55613.16
1914,71,2026-03-24T09:28:00,1,13.8926,104936.54,4871.34,3499.28,103983.35
1915,266,2026-03-12T20:33:00,1,3.1433,25028.43,2329.84,778.48,25026.34
1916,477,2026-03-23T15:30:00,1,13.4506,94668.28,4976.59,3082.08,94914.32
1917,20,2026-03-09T10:04:00,1,10.7348,80680.0,3391.37,2790.42,79058.39
1918,48,2026-03-09T16:25:00,1,12.8521,90303.15,4838.1,3080.08,89666.74
1919,271,2026-03-30T11:07:00,1,4.3867,34552.12,2913.0,1294.9,34477.91
1920,13,2026-03-06T12:28:00,1,24.6984,171957.83,7929.33,4813.26,174080.63
1921,350,2026-03-18T10:50:00,1,40.4539,3929.82,197.14,113.83,3943.14
1922,349,2026-03-06T09:14:00,1,3.9789,31314.72,2628.76,848.09,30859.88
1923,108,2026-03-05T15:00:00,1,16.1291,113012.79,5419.76,3973.19,112888.54
1924,197,2026-03-02T17:42:00,1,3.3083,26157.69,2320.53,673.71,26110.51
1925,142,2026-03-19T11:20:00,1,6.2076,43914.5,2498.2,1294.72,43188.45
1926,489,2026-03-08T12:42:00,1,9.8667,74604.06,3385.04,2674.98,74124.43
1927,255,2026-03-16T15:35:00,1,5.3041,37544.59,2112.62,1008.74,37330.54
1928,337,2026-03-21T11:42:00,1,6.8574,51657.69,2212.54,1853.97,51059.98
1929,69,2026-03-28T10:30:00,1,62.0656,6486.71,746.26,237.56,6460.93
1930,274,2026-03-03T15:53:00,1,4.3282,34236.42,3069.83,984.72,33537.27
1931,333,2026-03-12T15:03:00,1,52.5275,5538.52,685.5,200.48,5435.85
1932,401,2026-03-14T15:01:00,1,6.8381,48155.08,2485.19,1430.31,48170.62
1933,103,2026-03-22T16:38:00,1,40.7114,289230.71,17873.35,8787.74,290443.66
1934,446,2026-03-28T16:39:00,1,15.9701,124108.06,9054.51,4618.82,125003.74
1935,421,2026-03-17T19:10:00,1,70.6148,7427.48,913.26,251.56,7399.3
1936,129,2026-03-20T10:27:00,1,58.1956,6075.1,701.32,194.18,5543.18
1937,320,2026-03-01T20:57:00,1,11.7703,88604.21,3704.21,2905.3,86799.61
1938,414,2026-03-05T13:25:00,1,3.8752,30840.7,2860.71,805.29,30827.66
1939,149,2026-03-15T14:19:00,1,24.2917,190282.72,15012.76,7274.41,190817.31
1940,446,2026-03-18T16:32:00,1,15.9701,124941.21,9783.85,4668.73,125003.74
1941,261,2026-03-13T18:44:00,1,3.9864,31483.92,2724.56,1144.31,31349.87
1942,299,2026-03-30T18:08:00,1,2.7577,19602.44,1286.18,652.2,19335.39
1943,250,2026-03-11T14:34:00,1,77.1732,7976.49,850.32,254.19,8120.8
1944,276,2026-03-20T13:59:00,1,20.2773,142550.75,7283.52,4108.37,142702.65
1945,144,2026-03-28T14:59:00,1,7.8189,54927.42,2995.54,1767.18,55403.35
1946,481,2026-03-11T14:19:00,1,9.6978,70086.73,104.88,2302.0,68391.88
1947,103,2026-03-27T13:16:00,1,40.7114,289011.44,16534.52,9899.82,290443.66
1948,319,2026-03-14T18:56:00,1,72.4721,7594.88,899.18,212.74,7612.44
1949,419,2026-03-05T12:43:00,1,3.1838,22588.8,1350.5,777.3,22366.68
1950,366,2026-03-12T12:51:00,1,20.7568,2025.92,108.2,66.2,2026.31
1951,246,2026-03-19T20:56:00,1,84.5028,8476.66,678.74,229.72,7735.34
1952,156,2026-03-21T19:53:00,1,40.2472,3915.12,191.05,130.2,3570.93
1953,179,2026-03-06T14:15:00,1,4.8051,38266.55,3624.09,1376.16,37811.65
1954,207,2026-03-16T16:34:00,1,13.2941,100264.65,4438.78,3763.51,98609.31
1955,181,2026-03-05T10:24:00,1,19.7854,143044.08,188.15,3793.85,142839.21
1956,434,2026-03-18T12:51:00,1,133.699,13509.51,1173.1,346.41,13484.87
1957,496,2026-03-09T17:37:00,1,11.1941,84484.11,3888.6,2654.57,84505.86
1958,438,2026-03-09T13:03:00,1,3.7537,26466.51,1504.82,819.99,26461.5
1959,227,2026-03-21T16:27:00,1,14.5655,114605.49,9581.24,3807.13,112682.14
1960,205,2026-03-11T14:48:00,1,9.4979,71347.32,2808.0,1991.88,71093.06
1961,427,2026-03-02T10:35:00,1,60.6339,6269.46,660.82,166.14,5914.73
1962,286,2026-03-09T20:43:00,1,25.0601,176387.86,9740.95,4732.03,177158.65
1963,225,2026-03-07T09:00:00,1,26.4171,186929.64,10074.29,6365.29,187721.1
1964,61,2026-03-11T13:27:00,1,13.7262,97235.02,5713.39,3384.8,97468.86
1965,129,2026-03-08T13:59:00,1,58.1956,6034.25,659.3,201.1,5543.18
1966,295,2026-03-12T17:37:00,1,14.8897,105316.54,5566.57,2900.61,104285.45
1967,169,2026-03-25T15:13:00,1,4.4869,35301.37,2964.86,1267.78,35318.88
1968,289,2026-03-20T18:47:00,1,4.1901,32863.96,2649.99,908.79,33239.92
1969,327,2026-03-09T12:54:00,1,2.2934,18095.07,1583.0,492.08,17890.91
1970,217,2026-03-08T11:58:00,1,32.1275,3272.0,304.7,109.29,3280.44
1971,118,2026-03-09T13:27:00,1,16.9789,118383.81,5475.99,3392.44,117084.89
1972,309,2026-03-28T12:14:00,1,20.9922,164080.83,12846.51,5012.64,163877.64
1973,55,2026-03-28T16:09:00,1,41.8192,293852.14,16095.7,10202.26,296351.07
1974,394,2026-03-29T15:01:00,1,16.5177,116360.26,6131.7,3894.89,116296.83
1975,289,2026-03-25T16:27:00,1,4.1901,32996.67,2799.16,1217.15,33239.92
1976,421,2026-03-29T16:32:00,1,70.6148,7386.83,851.43,219.56,7399.3
1977,328,2026-03-13T14:09:00,1,3.0974,24495.29,2149.5,817.26,24319.39
1978,375,2026-03-03T15:10:00,1,4.191,29753.36,1924.03,1027.87,29466.95
1979,420,2026-03-13T15:17:00,1,5.4005,42520.13,3558.92,1259.53,42365.92
1980,133,2026-03-23T18:56:00,1,14.5876,113490.82,8386.14,3240.78,113326.2
1981,250,2026-03-31T12:41:00,1,77.1732,7978.81,837.97,299.78,8120.8
1982,372,2026-03-03T15:36:00,1,4.8056,33814.31,1903.88,1211.95,33637.33
1983,183,2026-03-12T20:28:00,1,18.2712,129181.29,6777.77,4118.85,129006.3
1984,483,2026-03-14T12:17:00,1,9.9881,69916.72,3208.8,2018.01,70426.37
1985,194,2026-03-30T11:14:00,1,3.7547,29970.4,2889.59,950.82,29655.1
1986,455,2026-03-19T12:54:00,1,21.0382,148590.51,8226.37,4943.39,146482.23
1987,21,2026-03-13T10:45:00,1,5.716,40241.07,2224.47,1422.0,40047.33
1988,486,2026-03-06T09:16:00,1,25.5385,2480.87,117.28,85.59,2478.69
1989,44,2026-03-17T13:09:00,1,4.73,33783.89,2312.41,1060.8,33944.67
1990,457,2026-03-14T12:26:00,1,28.4822,2767.57,136.1,103.3,2777.92
1991,166,2026-03-06T10:39:00,1,42.0913,297290.13,17750.86,8492.76,298034.29
1992,29,2026-03-19T20:11:00,1,13.1621,102870.56,8141.48,3666.16,103492.16
1993,154,2026-03-18T11:15:00,1,24.6383,172999.97,8572.09,5366.07,170050.2
1994,9,2026-03-26T10:04:00,1,3.5458,28225.84,2711.08,940.31,27738.73
1995,412,2026-03-04T17:07:00,1,3.3552,23749.7,1440.1,846.06,23928.38
1996,415,2026-03-15T11:09:00,1,4.4374,35156.2,3139.38,1066.02,34410.05
1997,285,2026-03-30T14:54:00,1,15.0484,105309.57,5360.2,3756.65,106315.65
1998,92,2026-03-25T17:32:00,1,13.6036,95501.13,4544.47,3439.03,94779.98
1999,476,2026-03-02T16:09:00,1,15.7836,110396.12,5406.93,3062.13,110953.24
2000,451,2026-03-05T14:36:00,1,13.8323,96863.1,4591.42,3234.72,96519.23
2001,417,2026-03-09T20:07:00,1,14.235,107010.39,4520.95,3362.62,106028.35
2002,380,2026-03-08T09:04:00,1,27.6089,2678.68,128.72,89.35,2674.7
2003,200,2026-03-05T16:43:00,1,16.4058,115641.01,6202.18,3642.45,115360.06
2004,402,2026-03-13T17:29:00,1,3.1346,22114.4,1266.46,771.7,21687.27
2005,344,2026-03-31T18:45:00,1,14.46,101460.7,5080.9,3618.67,100842.02
2006,446,2026-03-24T15:10:00,1,15.9701,124429.34,9400.38,3585.84,125003.74
2007,269,2026-03-28T12:04:00,1,4.0936,28826.39,1637.35,1034.92,29392.39
2008,320,2026-03-12T15:24:00,1,11.7703,89020.48,4024.08,2410.57,86799.61
2009,199,2026-03-10T12:48:00,1,19.2605,135860.78,7134.0,4025.04,135549.94
2010,9,2026-03-07T11:28:00,1,3.5458,28042.79,2450.06,947.07,27738.73
2011,460,2026-03-19T19:50:00,1,20.4061,159820.03,12955.08,5624.08,160633.54
2012,161,2026-03-13T12:57:00,1,28.3219,199653.74,11287.33,5152.99,199490.24
2013,234,2026-03-09T16:23:00,1,16.4047,115306.75,6217.3,3640.15,115501.01
2014,469,2026-03-07T09:15:00,1,3.5698,25316.29,1417.44,782.84,24959.42
2015,78,2026-03-29T14:03:00,1,3.8207,30311.69,2749.39,815.28,29924.02
2016,186,2026-03-15T15:04:00,1,20.4986,144012.25,7761.95,5321.86,142115.47
2017,319,2026-03-10T16:02:00,1,72.4721,7532.14,844.41,242.24,7612.44
2018,496,2026-03-28T14:12:00,1,11.1941,84476.61,3830.84,2235.87,84505.86
2019,165,2026-03-30T10:09:00,1,34.0778,240671.89,14331.91,6195.26,240878.13
2020,397,2026-03-23T17:13:00,1,7.6603,54182.5,3101.86,1428.61,53303.38
2021,335,2026-03-17T14:51:00,1,17.4016,121716.86,5933.75,3814.48,121123.7
2022,326,2026-03-15T14:03:00,1,9.6607,67490.57,3277.73,2009.85,67690.31
2023,427,2026-03-17T16:27:00,1,60.6339,6333.55,740.07,233.77,5914.73
2024,406,2026-03-17T20:47:00,1,17.4692,126309.87,158.49,4493.49,124975.1
2025,302,2026-03-17T15:21:00,1,24.6146,171645.0,7869.54,6521.15,173269.35
2026,352,2026-03-23T13:09:00,1,5.1549,36411.22,2037.16,1268.88,36627.39
2027,76,2026-03-25T15:17:00,1,36.1511,258157.88,16443.67,6916.78,253596.23
2028,208,2026-03-08T11:12:00,1,11.0838,86045.17,6040.97,2536.38,85709.59
2029,223,2026-03-19T11:27:00,1,5.2555,41277.87,3453.46,1479.12,42046.11
2030,293,2026-03-19T09:04:00,1,22.9979,161750.24,8311.24,6037.44,161801.15
2031,88,2026-03-28T10:14:00,1,28.7165,200633.2,9902.8,7003.83,201394.38
2032,249,2026-03-30T16:07:00,1,17.3609,121969.77,6661.1,4566.27,121096.77
2033,44,2026-03-22T18:46:00,1,4.73,33638.59,2111.3,1248.41,33944.67
2034,197,2026-03-28T18:35:00,1,3.3083,26135.44,2301.42,989.06,26110.51
2035,293,2026-03-29T19:42:00,1,22.9979,162913.93,9440.66,5718.12,161801.15
2036,174,2026-03-17T20:37:00,1,36.7959,259214.61,14389.78,8898.59,261235.38
2037,278,2026-03-22T12:14:00,1,14.5841,113362.44,8363.63,3763.78,113770.29
2038,435,2026-03-01T17:19:00,1,21.1293,164917.03,12509.91,4796.45,164735.59
2039,267,2026-03-24T18:19:00,1,11.3594,80509.4,4740.73,2113.89,80167.77
2040,427,2026-03-28T17:14:00,1,60.6339,6300.37,692.34,227.75,5914.73
2041,450,2026-03-26T16:57:00,1,10.9034,1057.62,51.45,40.02,1046.78
2042,82,2026-03-30T14:26:00,1,61.9363,6412.06,683.57,208.65,5874.53
2043,396,2026-03-13T10:15:00,1,24.6006,2391.41,121.02,71.36,2200.94
2044,88,2026-03-20T10:49:00,1,28.7165,202435.22,10871.18,7588.01,201394.38
2045,167,2026-03-30T15:09:00,1,12.0913,84870.18,4561.46,2645.91,82726.23
2046,221,2026-03-16T14:07:00,1,12.4688,94248.73,4371.75,2815.44,93644.97
2047,164,2026-03-08T15:37:00,1,3.6678,28852.26,2377.64,1107.11,28940.57
2048,115,2026-03-13T12:39:00,1,15.2051,109845.15,149.93,3142.61,108495.55
2049,428,2026-03-06T18:24:00,1,2.987,23412.75,1877.91,778.57,23252.12
2050,454,2026-03-03T20:00:00,1,40.6398,4127.03,373.94,110.0,3882.48
2051,80,2026-03-18T20:41:00,1,3.9658,28030.09,1563.65,1039.25,27956.4
2052,81,2026-03-02T11:18:00,1,18.3862,128095.48,5794.34,3570.4,128128.95
2053,449,2026-03-12T20:22:00,1,12.1078,91446.57,4013.0,3415.66,90196.59
2054,355,2026-03-19T13:21:00,1,34.4809,3561.54,379.64,98.71,3345.31
2055,55,2026-03-02T09:39:00,1,41.8192,297480.07,19307.53,7929.04,296351.07
2056,1,2026-03-27T15:52:00,1,4.1528,33138.17,3152.63,1183.24,32569.41
2057,263,2026-03-04T17:04:00,1,11.0827,86200.13,6340.19,2528.27,85885.6
2058,443,2026-03-20T18:54:00,1,15.7014,122234.36,9014.7,3230.81,123622.15
2059,139,2026-03-06T10:31:00,1,9.7207,73281.46,3199.88,2532.55,72596.75
2060,323,2026-03-08T14:42:00,1,11.8931,89795.5,3949.68,2335.58,89968.8
2061,88,2026-03-23T17:19:00,1,28.7165,202340.83,10852.6,6351.91,201394.38
2062,157,2026-03-21T12:50:00,1,5.5603,44144.73,4052.3,1356.74,43921.22
2063,451,2026-03-10T16:09:00,1,13.8323,97449.9,5002.28,2757.35,96519.23
2064,375,2026-03-05T10:09:00,1,4.191,29668.3,1711.23,781.82,29466.95
2065,59,2026-03-15T13:49:00,1,17.543,126738.91,162.31,4417.04,124660.4
2066,177,2026-03-23T16:27:00,1,21.5109,152148.87,8709.24,4360.96,149601.12
2067,218,2026-03-04T19:35:00,1,41.5219,295028.44,18938.53,10076.36,292651.2
2068,388,2026-03-19T16:41:00,1,12.1851,87814.55,117.04,3045.11,87746.43
2069,20,2026-03-12T10:03:00,1,10.7348,80717.94,3199.16,2264.22,79058.39
2070,19,2026-03-27T11:52:00,1,12.8924,91118.39,4830.97,2626.75,89698.17
2071,266,2026-03-15T20:55:00,1,3.1433,24949.58,2269.98,765.65,25026.34
2072,172,2026-03-15T20:27:00,1,27.5585,2674.09,127.68,79.65,2681.44
2073,350,2026-03-11T20:11:00,1,40.4539,3956.31,220.8,139.34,3943.14
2074,4,2026-03-28T15:05:00,1,11.895,85820.96,125.69,3245.31,85807.67
2075,261,2026-03-29T11:15:00,1,3.9864,31601.9,2844.25,868.94,31349.87
2076,274,2026-03-20T12:46:00,1,4.3282,34236.71,3026.93,998.23,33537.27
2077,97,2026-03-14T14:45:00,1,12.0171,84076.82,3817.73,2162.29,83627.77
2078,182,2026-03-26T10:30:00,1,12.8188,92372.27,131.13,2763.4,92483.25
2079,412,2026-03-27T11:21:00,1,3.3552,24107.53,1651.55,679.4,23928.38
2080,362,2026-03-22T13:33:00,1,198.9095,20058.52,1705.14,704.53,20107.23
2081,207,2026-03-29T18:12:00,1,13.2941,100181.4,4278.56,3321.84,98609.31
2082,232,2026-03-25T16:46:00,1,38.8965,3811.85,211.98,136.63,3473.25
2083,315,2026-03-18T16:02:00,1,42.8276,4156.85,205.15,159.45,4154.72
2084,152,2026-03-11T10:30:00,1,14.682,102537.82,4643.24,3398.44,103061.96
2085,442,2026-03-29T18:36:00,1,22.5468,175955.44,13304.18,5548.46,176097.65
2086,124,2026-03-30T16:16:00,1,16.7443,130443.65,9675.22,4325.96,128948.28
2087,160,2026-03-29T12:42:00,1,41.4832,4352.21,512.94,113.57,4271.71
2088,481,2026-03-19T17:14:00,1,9.6978,69888.34,92.21,2026.53,68391.88
2089,23,2026-03-08T15:00:00,1,26.3325,187300.4,12059.46,5871.94,184390.78
2090,230,2026-03-02T13:34:00,1,3.6613,29178.62,2798.0,1046.65,28608.91
2091,434,2026-03-29T17:55:00,1,133.699,13453.39,1079.55,416.17,13484.87
2092,391,2026-03-26T18:42:00,1,39.395,3842.85,207.48,137.14,3531.14
2093,29,2026-03-16T19:35:00,1,13.1621,103543.79,8669.4,2933.57,103492.16
2094,154,2026-03-25T15:35:00,1,24.6383,172698.0,7960.91,4940.18,170050.2
2095,386,2026-03-11T09:43:00,1,6.0161,42364.41,2251.1,1440.31,42664.58
2096,229,2026-03-03T16:01:00,1,16.1684,113295.97,5933.59,3256.54,113748.63
2097,54,2026-03-05T11:42:00,1,23.9682,188677.67,15620.79,6595.61,187282.13
2098,156,2026-03-22T15:13:00,1,40.2472,3905.07,191.46,108.06,3570.93
2099,388,2026-03-06T13:19:00,1,12.1851,87967.19,118.47,3113.44,87746.43
2100,289,2026-03-23T11:55:00,1,4.1901,33151.59,2961.63,877.79,33239.92
2101,66,2026-03-28T10:49:00,1,14.0417,101313.45,152.69,3830.25,100611.13
2102,411,2026-03-26T11:07:00,1,13.1482,92101.45,4839.74,2676.16,92667.81
2103,407,2026-03-15T17:29:00,1,9.1757,64096.27,3107.14,2051.46,64487.06
2104,273,2026-03-04T10:22:00,1,5.1573,38806.72,1644.14,1298.62,38716.4
2105,420,2026-03-03T12:34:00,1,5.4005,42557.42,3669.39,1300.76,42365.92
2106,134,2026-03-24T10:04:00,1,8.2685,59630.82,74.72,2224.09,58615.28
2107,88,2026-03-05T20:34:00,1,28.7165,202127.97,10567.66,6525.24,201394.38
2108,104,2026-03-16T14:01:00,1,47.6116,4914.57,522.88,173.45,4803.13
2109,181,2026-03-28T10:51:00,1,19.7854,142733.63,193.47,5036.57,142839.21
2110,274,2026-03-25T12:39:00,1,4.3282,34411.45,3218.68,974.47,33537.27
2111,339,2026-03-16T10:47:00,1,4.9004,34802.58,2067.37,1224.04,34308.16
2112,122,2026-03-27T16:35:00,1,4.447,35320.49,3210.66,1316.92,35554.5
2113,411,2026-03-15T12:57:00,1,13.1482,91891.71,4498.12,3108.18,92667.81
2114,24,2026-03-02T14:01:00,1,6.8653,48386.79,2720.26,1241.01,48073.34
2115,354,2026-03-30T20:53:00,1,3.0016,23550.37,1901.3,705.0,23185.98
2116,4,2026-03-11T10:38:00,1,11.895,85964.97,127.56,2294.48,85807.67
2117,278,2026-03-18T16:31:00,1,14.5841,114379.37,9216.2,3796.13,113770.29
2118,296,2026-03-18T18:51:00,1,106.5754,10724.83,891.12,321.33,9769.7
2119,19,2026-03-26T13:34:00,1,12.8924,90378.89,4814.87,2680.5,89698.17
2120,438,2026-03-14T09:19:00,1,3.7537,26509.44,1439.45,970.0,26461.5
2121,354,2026-03-31T15:09:00,1,3.0016,23763.91,2145.52,820.04,23185.98
2122,149,2026-03-11T17:23:00,1,24.2917,190889.72,15594.5,7284.5,190817.31
2123,41,2026-03-16T09:01:00,1,3.6873,26049.97,1418.4,766.85,25728.91
2124,152,2026-03-11T11:59:00,1,14.682,102709.31,4814.73,2751.72,103061.96
2125,280,2026-03-20T10:06:00,1,57.5885,5905.07,587.35,158.74,5785.46
2126,141,2026-03-25T11:36:00,1,2.1494,16841.12,1350.67,622.64,16725.03
2127,114,2026-03-19T13:19:00,1,22.4097,175538.65,14253.57,5013.99,174081.22
2128,448,2026-03-25T10:51:00,1,1.8774,14762.74,1232.56,480.21,14722.59
2129,379,2026-03-18T17:19:00,1,2.4927,19735.68,1761.29,725.09,19172.38
2130,482,2026-03-18T15:48:00,1,14.7715,104370.55,5790.43,2806.06,103667.1
2131,494,2026-03-02T10:42:00,1,3.4802,24656.73,1507.17,908.3,24604.21
2132,177,2026-03-09T10:37:00,1,21.5109,152515.34,9470.22,4171.63,149601.12
2133,3,2026-03-04T14:25:00,1,15.4507,121331.07,9996.11,3172.12,119964.69
2134,289,2026-03-04T17:57:00,1,4.1901,32987.9,2794.79,1093.98,33239.92
2135,423,2026-03-08T19:58:00,1,46.576,4515.17,213.41,125.32,4505.28
2136,304,2026-03-23T09:30:00,1,23.2115,163499.45,8719.83,5505.8,163217.9
2137,117,2026-03-24T19:32:00,1,31.0203,3021.94,161.56,83.91,2758.76
2138,128,2026-03-14T13:36:00,1,11.2314,81209.65,101.2,2622.59,79829.9
2139,423,2026-03-24T17:15:00,1,46.576,4540.52,245.75,127.14,4505.28
2140,33,2026-03-14T12:52:00,1,20.5951,144340.98,6791.66,4927.24,144592.47
2141,282,2026-03-10T18:26:00,1,41.6824,295543.99,16961.34,9096.21,294156.91
2142,484,2026-03-19T10:45:00,1,8.7331,65528.99,2675.91,1886.42,64838.82
2143,224,2026-03-09T10:25:00,1,48.1507,4935.77,495.79,157.8,4971.13
2144,315,2026-03-07T18:11:00,1,42.8276,4187.55,224.71,144.26,4154.72
2145,434,2026-03-21T12:08:00,1,133.699,13457.92,1086.75,511.13,13484.87
2146,379,2026-03-02T09:46:00,1,2.4927,19493.59,1533.04,561.41,19172.38
2147,39,2026-03-22T13:07:00,1,38.8962,3969.72,380.77,150.67,3941.11
2148,307,2026-03-01T20:00:00,1,20.694,162060.76,12793.49,5636.57,159864.7
2149,220,2026-03-04T11:46:00,1,39.659,3851.73,192.0,120.65,3879.64
2150,344,2026-03-26T15:24:00,1,14.46,100647.49,4679.65,3051.64,100533.79
2151,350,2026-03-17T12:54:00,1,40.4539,3941.43,209.56,123.27,3943.14
2152,338,2026-03-05T19:54:00,1,10.8588,81674.51,3271.04,2460.09,81297.73
2153,353,2026-03-08T15:03:00,1,5.7849,40807.39,2309.29,1540.44,40515.33
2154,135,2026-03-01T09:47:00,1,22.9212,2339.94,226.15,64.65,2313.05
2155,244,2026-03-17T13:09:00,1,15.9038,111605.86,5788.5,3447.68,111267.13
2156,152,2026-03-09T16:50:00,1,14.682,102440.48,4806.8,3630.89,103061.96
2157,406,2026-03-17T13:41:00,1,17.4692,126310.88,159.5,3968.27,124975.1
2158,120,2026-03-15T16:24:00,1,3.0118,23712.95,1982.15,869.25,23993.62
2159,144,2026-03-06T11:01:00,1,7.8189,55042.62,3115.27,1717.77,55403.35
2160,416,2026-03-08T17:32:00,1,5.6718,40080.04,2334.61,1223.35,38864.83
2161,341,2026-03-30T14:33:00,1,23.4326,164778.38,9142.33,4782.9,166136.18
2162,136,2026-03-23T17:51:00,1,27.1123,191264.59,10473.54,7006.72,190224.53
2163,165,2026-03-24T10:15:00,1,34.0778,241340.42,14037.06,6372.83,240878.13
2164,478,2026-03-10T19:59:00,1,4.5452,35770.15,3023.89,1027.57,35575.85
2165,297,2026-03-28T17:58:00,1,28.6626,202684.19,12311.79,7261.59,202255.09
2166,98,2026-03-21T11:01:00,1,6.3389,44787.58,2534.06,1449.44,44080.64
2167,174,2026-03-25T18:21:00,1,36.7959,262065.9,16040.42,8566.82,261235.38
2168,1,2026-03-16T13:46:00,1,4.1528,32662.73,2728.72,881.51,32569.41
2169,407,2026-03-14T18:12:00,1,9.1757,64333.78,3051.67,2309.51,64487.06
2170,334,2026-03-13T18:36:00,1,14.5628,102577.7,5721.83,3887.32,101921.6
2171,189,2026-03-04T12:20:00,1,10.9377,76784.12,4056.51,2579.57,76279.2
2172,26,2026-03-28T12:34:00,1,42.9332,302596.48,17441.03,9572.25,301652.08
2173,177,2026-03-16T09:44:00,1,21.5109,152237.51,8542.33,5763.11,149601.12
2174,42,2026-03-04T15:55:00,1,5.2378,41456.88,3714.24,1133.99,41098.97
2175,25,2026-03-07T20:04:00,1,12.8433,100355.11,7655.25,3256.3,100257.6
2176,56,2026-03-22T20:08:00,1,175.6407,17749.13,1542.76,579.01,16189.86
2177,119,2026-03-24T09:16:00,1,3.7223,26407.62,1579.4,801.4,26552.84
2178,6,2026-03-30T13:41:00,1,11.7587,88638.37,3828.63,2405.61,88506.8
2179,314,2026-03-29T14:59:00,1,3.5003,27676.58,2425.63,782.59,27611.68
2180,127,2026-03-20T18:34:00,1,3.0645,24079.09,1981.59,864.66,24453.74
2181,398,2026-03-21T16:44:00,1,7.997,57749.19,86.98,1656.68,57680.36
2182,147,2026-03-18T20:00:00,1,27.792,196369.97,10895.33,6930.64,193655.66
2183,492,2026-03-27T15:56:00,1,5.5826,44209.15,3899.65,1693.25,43858.87
2184,176,2026-03-04T18:17:00,1,79.6742,8229.78,877.44,272.08,8259.16
2185,1,2026-03-14T16:35:00,1,4.1528,33010.91,3021.13,1240.01,32569.41
2186,371,2026-03-06T19:36:00,1,3.5364,27737.0,2241.25,744.69,27587.51
2187,11,2026-03-22T11:14:00,1,22.9405,162109.31,9201.93,4507.04,162693.73
2188,393,2026-03-02T12:12:00,1,5.8217,41466.28,2741.55,1165.49,40589.86
2189,71,2026-03-10T12:39:00,1,13.8926,104501.18,4410.83,3560.28,103983.35
2190,72,2026-03-02T12:23:00,1,10.2814,71713.19,3323.48,2673.23,71565.41
2191,334,2026-03-25T19:27:00,1,14.5628,103324.7,5954.62,3041.34,101921.6
2192,82,2026-03-23T16:24:00,1,61.9363,6395.04,678.32,237.48,5874.53
2193,4,2026-03-06T19:53:00,1,11.895,85873.21,115.97,2784.25,85807.67
2194,475,2026-03-14T12:04:00,1,4.7599,33545.02,1754.89,1186.98,33417.72
2195,82,2026-03-14T11:17:00,1,61.9363,6407.32,685.03,182.83,5874.53
2196,380,2026-03-17T17:57:00,1,27.6089,2690.87,143.95,99.33,2674.7
2197,495,2026-03-19T14:56:00,1,22.3137,157307.09,8432.98,5873.75,155842.43
2198,241,2026-03-06T19:36:00,1,21.0662,148437.65,8531.54,4929.12,146917.66
2199,116,2026-03-31T16:17:00,1,4.3399,34264.2,3006.98,952.66,33950.86
2200,168,2026-03-09T09:12:00,1,22.6916,2324.13,231.74,87.05,2348.48
2201,216,2026-03-10T10:55:00,1,3.2471,25610.37,2216.38,831.15,25710.38
2202,310,2026-03-04T09:14:00,1,30.6255,217262.64,13625.73,5914.49,214159.66
2203,393,2026-03-23T17:30:00,1,5.8217,41457.77,2637.34,1516.19,40589.86
2204,209,2026-03-30T11:03:00,1,18.2845,128034.21,6591.12,4445.26,128197.36
2205,277,2026-03-06T11:15:00,1,56.7869,5942.39,686.76,169.76,5388.83
2206,482,2026-03-02T10:15:00,1,14.7715,103879.54,5622.62,3466.29,103667.1
2207,287,2026-03-18T10:16:00,1,11.5804,81317.82,4034.05,2628.27,82202.86
2208,139,2026-03-11T09:27:00,1,9.7207,73288.15,3141.05,2653.02,72596.75
2209,263,2026-03-28T12:44:00,1,11.0827,86942.21,7099.0,2381.2,86854.06
2210,338,2026-03-03T10:27:00,1,10.8588,81679.55,3487.29,2744.27,81297.73
2211,384,2026-03-21T14:29:00,1,139.1589,14000.05,1123.68,490.6,13806.42
2212,89,2026-03-22T09:02:00,1,3.0342,21383.51,1159.38,779.31,21200.13
2213,407,2026-03-01T20:01:00,1,9.1757,64787.72,3391.37,2301.51,64487.06
2214,459,2026-03-26T11:48:00,1,6.8639,51685.5,2294.45,1378.48,51697.62
2215,396,2026-03-26T20:12:00,1,24.6006,2396.51,126.37,63.84,2384.32
2216,258,2026-03-31T17:41:00,1,20.9309,147949.61,8439.51,4618.83,145290.21
2217,197,2026-03-02T18:01:00,1,3.3083,26286.11,2448.95,924.76,26110.51
2218,383,2026-03-05T19:07:00,1,62.5518,6609.98,823.94,195.68,6362.59
2219,423,2026-03-30T13:16:00,1,46.576,4540.88,233.07,133.09,4505.28
2220,85,2026-03-03T19:36:00,1,26.0333,2535.54,131.36,69.71,2549.01
2221,288,2026-03-16T10:09:00,1,14.593,109659.53,4471.0,3540.3,109109.53
2222,94,2026-03-27T09:20:00,1,58.6439,6165.93,740.78,197.42,6179.76
2223,201,2026-03-16T09:02:00,1,18.3302,128772.94,6325.19,4013.08,129569.1
2224,319,2026-03-02T12:24:00,1,72.4721,7486.85,783.18,216.7,7612.44
2225,183,2026-03-21T17:17:00,1,18.2712,128514.2,6722.95,3884.57,129006.3
2226,283,2026-03-05T12:26:00,1,29.6388,3032.36,290.77,99.48,3012.82
2227,80,2026-03-26T14:23:00,1,3.9658,27833.3,1513.16,793.71,27956.4
2228,352,2026-03-02T18:24:00,1,5.1549,36296.1,2006.79,1310.88,36627.39
2229,388,2026-03-02T16:03:00,1,12.1851,87919.94,123.13,2295.06,87746.43
2230,217,2026-03-07T18:35:00,1,32.1275,3277.35,304.59,109.16,3280.44
2231,245,2026-03-20T18:49:00,1,39.8096,4139.89,463.87,158.91,3779.27
2232,338,2026-03-31T11:08:00,1,10.8588,81987.85,3779.62,3069.25,82027.98
2233,36,2026-03-02T10:55:00,1,3.5236,27740.43,2351.98,726.84,27680.59
2234,207,2026-03-09T17:58:00,1,13.2941,100254.18,4539.05,2725.97,98609.31
2235,282,2026-03-24T13:54:00,1,41.6824,293800.38,15773.35,9873.87,294156.91
2236,342,2026-03-06T12:33:00,1,33.6753,3524.59,407.94,111.6,3531.28
2237,104,2026-03-13T19:04:00,1,47.6116,4890.96,496.89,136.96,4803.13
2238,212,2026-03-09T11:44:00,1,170.6976,17035.21,1295.18,582.85,15848.48
2239,212,2026-03-20T17:36:00,1,170.6976,17176.39,1414.17,599.33,15848.48
2240,343,2026-03-22T13:10:00,1,12.5555,88228.48,4541.18,2605.91,87744.14
2241,11,2026-03-08T11:23:00,1,22.9405,163033.62,10366.2,5752.3,162693.73
2242,384,2026-03-24T10:19:00,1,139.1589,14021.94,1190.1,436.3,13806.42
2243,415,2026-03-09T15:18:00,1,4.4374,34795.09,2846.61,1279.77,34410.05
2244,336,2026-03-13T14:48:00,1,106.314,10603.83,792.11,399.88,10623.18
2245,155,2026-03-28T12:46:00,1,43.3929,4246.58,233.17,118.85,3892.97
2246,359,2026-03-12T13:12:00,1,1.683,13212.31,1058.93,453.77,13162.42
2247,461,2026-03-30T16:24:00,1,4.6784,37168.04,3425.03,1269.62,36561.03
2248,164,2026-03-14T17:36:00,1,3.6678,29010.65,2523.34,1063.17,28940.57
2249,435,2026-03-17T12:46:00,1,21.1293,165273.09,12690.81,6173.12,164735.59
2250,59,2026-03-12T17:11:00,1,17.543,126848.92,166.36,4379.69,124660.4
2251,443,2026-03-09T16:39:00,1,15.7014,122150.7,9103.45,4647.55,123622.15
2252,443,2026-03-23T09:18:00,1,15.7014,121724.38,8594.69,4188.5,123622.15
2253,366,2026-03-21T12:13:00,1,20.7568,2015.23,94.6,73.59,2026.31
2254,487,2026-03-07T14:12:00,1,139.4639,13955.35,1050.76,493.92,13934.72
2255,442,2026-03-17T20:07:00,1,22.5468,175691.12,12872.56,5206.25,176097.65
2256,209,2026-03-24T10:05:00,1,18.2845,128003.59,6043.6,3508.59,128197.36
2257,52,2026-03-23T20:56:00,1,8.4833,61209.3,86.53,1979.23,61107.55
2258,420,2026-03-04T12:15:00,1,5.4005,42728.93,3813.9,1425.55,42365.92
2259,316,2026-03-03T12:08:00,1,4.8799,38644.62,3505.34,1087.24,37802.56
2260,216,2026-03-21T15:54:00,1,3.2471,25605.67,2192.52,729.48,25710.38
2261,20,2026-03-24T18:48:00,1,10.7348,80464.71,3144.41,2146.27,79058.39
2262,270,2026-03-16T15:06:00,1,4.256,33811.05,3133.16,1007.27,33198.81
2263,246,2026-03-31T17:46:00,1,84.5028,8495.15,676.11,261.75,7735.34
2264,460,2026-03-17T11:13:00,1,20.4061,160562.92,13203.13,4132.34,160633.54
2265,438,2026-03-01T10:21:00,1,3.7537,26767.53,1650.81,695.32,26461.5
2266,415,2026-03-14T18:33:00,1,4.4374,34910.19,2865.15,950.86,34410.05
2267,491,2026-03-01T16:40:00,1,28.3832,200151.6,10234.22,6090.48,199373.19
2268,374,2026-03-16T18:07:00,1,158.1349,15791.7,1205.34,461.6,15997.31
2269,386,2026-03-30T18:43:00,1,6.0161,42323.87,2365.78,1085.16,42664.58
2270,115,2026-03-13T11:56:00,1,15.2051,109843.25,148.03,3925.65,108495.55
2271,32,2026-03-03T10:55:00,1,9.8569,68772.05,3319.67,1822.99,68990.65
2272,281,2026-03-21T17:18:00,1,13.5853,95999.32,5443.11,2810.04,94266.98
2273,121,2026-03-08T09:37:00,1,5.6102,39808.07,2472.58,1262.32,39753.67
2274,75,2026-03-25T20:10:00,1,5.2811,37923.29,2612.69,1065.35,37112.22
2275,500,2026-03-07T10:15:00,1,31.1716,222056.56,13371.11,7122.44,218466.21
2276,241,2026-03-09T10:16:00,1,21.0662,147829.2,7741.29,4575.88,146917.66
2277,496,2026-03-02T13:08:00,1,11.1941,84378.51,3722.11,3085.99,84505.86
2278,278,2026-03-18T14:40:00,1,14.5841,113751.31,8588.14,3999.89,113770.29
2279,11,2026-03-25T15:27:00,1,22.9405,163582.99,10197.76,4685.33,162693.73
2280,232,2026-03-31T20:06:00,1,38.8965,3804.88,205.79,99.66,3473.25
2281,63,2026-03-24T09:02:00,1,12.9209,90370.65,4186.57,3216.1,91101.24
2282,103,2026-03-28T12:23:00,1,40.7114,289173.95,18775.35,9328.54,290443.66
2283,206,2026-03-13T09:24:00,1,25.6022,181857.84,11579.91,4861.29,179998.58
2284,82,2026-03-22T20:13:00,1,61.9363,6451.5,736.64,191.61,5874.53
2285,55,2026-03-31T14:22:00,1,41.8192,295160.44,16424.18,8382.01,296351.07
2286,29,2026-03-27T15:36:00,1,13.1621,102824.1,7786.37,3356.56,103492.16
2287,59,2026-03-16T17:41:00,1,17.543,126632.44,179.86,4028.36,124660.4
2288,480,2026-03-05T13:18:00,1,23.4422,165500.75,9123.93,6321.16,166738.59
2289,399,2026-03-31T17:00:00,1,14.9726,112187.78,4350.77,3219.66,112741.34
2290,423,2026-03-17T14:19:00,1,46.576,4552.12,255.48,162.0,4505.28
2291,127,2026-03-16T20:57:00,1,3.0645,24390.2,2300.82,909.34,24453.74
2292,282,2026-03-05T19:23:00,1,41.6824,295235.04,17182.59,8359.02,294156.91
2293,327,2026-03-24T14:28:00,1,2.2934,17897.48,1378.65,481.65,17890.91
2294,368,2026-03-23T17:23:00,1,6.4593,48407.45,1867.74,1748.71,48411.74
2295,302,2026-03-19T13:36:00,1,24.6146,173198.13,8972.72,6214.71,173269.35
2296,98,2026-03-30T13:37:00,1,6.3389,44392.09,2290.0,1702.02,44080.64
2297,430,2026-03-06T18:39:00,1,7.8341,55101.05,3072.76,1832.25,55613.16
2298,500,2026-03-21T15:55:00,1,31.1716,220666.62,12884.53,7412.94,218466.21
2299,416,2026-03-22T18:48:00,1,5.6718,39981.1,2176.34,1306.36,38864.83
2300,320,2026-03-24T16:05:00,1,11.7703,88718.33,3939.57,3041.44,86799.61
2301,473,2026-03-17T14:37:00,1,4.9432,34786.46,1896.43,1128.87,34561.14
2302,203,2026-03-21T14:36:00,1,3.5736,28494.99,2727.62,820.0,27946.28
2303,56,2026-03-10T13:36:00,1,175.6407,17478.71,1270.59,559.42,16189.86
2304,329,2026-03-26T11:56:00,1,18.6736,146639.16,12268.23,4118.94,145833.14
2305,102,2026-03-04T12:18:00,1,18.5,129078.33,6067.02,4593.68,127765.91
2306,416,2026-03-05T18:35:00,1,5.6718,40229.18,2394.08,1251.22,38864.83
2307,498,2026-03-02T17:30:00,1,29.3844,2862.27,144.21,98.91,2596.58
2308,83,2026-03-13T15:57:00,1,16.4877,129118.46,10170.09,4061.02,128344.3
2309,18,2026-03-21T13:35:00,1,66.0832,6898.48,783.8,242.76,7010.81
2310,500,2026-03-24T14:42:00,1,31.1716,220298.77,12380.15,7350.52,218466.21
2311,353,2026-03-20T17:08:00,1,5.7849,41093.03,2502.71,1393.98,40515.33
2312,349,2026-03-29T13:52:00,1,3.9789,31321.47,2617.92,808.85,30859.88
2313,2,2026-03-29T19:07:00,1,5.3919,38071.85,2089.76,1173.21,38149.13
2314,76,2026-03-29T14:01:00,1,36.1511,257025.35,15776.05,8586.73,253596.23
2315,294,2026-03-26T18:48:00,1,11.2674,1100.03,60.27,30.23,1099.9
2316,190,2026-03-18T13:05:00,1,2.4559,19361.73,1652.7,603.25,19101.48
2317,418,2026-03-18T15:40:00,1,23.6409,184321.06,13851.02,5611.14,183599.47
2318,40,2026-03-30T16:51:00,1,47.2477,4873.53,503.59,125.69,4849.47
2319,227,2026-03-04T11:49:00,1,14.5655,113996.32,9039.95,3918.8,112682.14
2320,102,2026-03-26T10:16:00,1,18.5,129292.34,6511.91,4255.69,127765.91
2321,449,2026-03-07T11:15:00,1,12.1078,91480.5,4089.31,2808.72,90196.59
2322,313,2026-03-26T13:40:00,1,10.3132,72579.55,4133.11,2647.48,72898.75
2323,478,2026-03-02T11:30:00,1,4.5452,36156.66,3407.31,1310.91,35575.85
2324,401,2026-03-08T17:27:00,1,6.8381,47969.33,2462.25,1638.0,48170.62
2325,320,2026-03-13T09:07:00,1,11.7703,88988.64,4073.34,2721.53,86799.61
2326,444,2026-03-25T10:42:00,1,21.3326,149932.41,7297.95,4226.05,149570.04
2327,103,2026-03-27T09:03:00,1,40.7114,289958.34,17481.42,10479.55,290443.66
2328,36,2026-03-13T13:05:00,1,3.5236,27900.79,2480.24,932.85,27680.59
2329,157,2026-03-21T14:03:00,1,5.5603,44067.57,3975.14,1612.01,43921.22
2330,242,2026-03-14T17:12:00,1,137.6048,13874.4,1161.09,508.43,12769.12
2331,464,2026-03-19T19:09:00,1,13.6974,107538.84,8957.15,3636.81,105905.51
2332,28,2026-03-24T13:01:00,1,12.4734,93729.43,3886.4,3164.31,93249.78
2333,476,2026-03-16T15:10:00,1,15.7836,110894.87,5458.69,3688.93,110953.24
2334,32,2026-03-23T20:25:00,1,9.8569,69483.61,3755.53,2566.28,68990.65
2335,406,2026-03-28T11:22:00,1,17.4692,126025.14,171.61,3436.0,124975.1
2336,10,2026-03-18T16:46:00,1,7.7867,55266.6,3300.73,1942.46,54661.48
2337,333,2026-03-27T09:10:00,1,52.5275,5486.39,627.07,167.45,5435.85
2338,302,2026-03-23T13:01:00,1,24.6146,173496.1,9360.29,4589.83,173269.35
2339,211,2026-03-30T10:12:00,1,6.0918,43998.38,61.21,1426.83,43932.92
2340,106,2026-03-07T11:59:00,1,25.5639,181781.18,10637.77,4861.12,181086.15
2341,167,2026-03-12T14:58:00,1,12.0913,85416.62,4413.86,2373.9,82726.23
2342,214,2026-03-04T16:00:00,1,15.0718,108754.41,149.73,4074.78,108686.25
2343,109,2026-03-28T19:06:00,1,38.1991,3952.92,419.89,147.12,3663.12
2344,44,2026-03-20T12:48:00,1,4.73,33538.42,1985.2,1021.64,33944.67
2345,225,2026-03-08T14:08:00,1,26.4171,187620.69,11816.74,7155.51,187721.1
2346,249,2026-03-16T15:07:00,1,17.3609,122105.07,6132.35,4652.0,121096.77
2347,102,2026-03-07T17:18:00,1,18.5,130259.5,6407.0,4820.89,127765.91
2348,164,2026-03-09T11:55:00,1,3.6678,28835.7,2428.2,1006.15,28940.57
2349,309,2026-03-11T13:32:00,1,20.9922,162941.33,11456.16,5973.55,163877.64
2350,25,2026-03-27T09:15:00,1,12.8433,99816.87,7081.05,2907.17,100257.6
2351,241,2026-03-07T15:30:00,1,21.0662,149329.14,8296.62,5413.12,146917.66
2352,285,2026-03-04T20:50:00,1,15.0484,106268.24,6207.52,3951.54,106315.65
2353,267,2026-03-22T10:00:00,1,11.3594,80042.96,4328.13,2986.74,80167.77
2354,444,2026-03-06T18:34:00,1,21.3326,149349.41,7674.07,5502.14,149570.04
2355,441,2026-03-06T17:59:00,1,5.6742,40034.15,2350.31,1123.97,40522.82
2356,223,2026-03-06T16:50:00,1,5.2555,41621.84,3732.21,1246.73,42046.11
2357,389,2026-03-22T15:55:00,1,19.9391,141454.67,8552.79,4044.68,138409.52
2358,441,2026-03-08T10:54:00,1,5.6742,40506.16,2744.76,1316.6,40522.82
2359,275,2026-03-06T15:01:00,1,5.1673,38921.68,1667.93,1492.56,38595.29
2360,180,2026-03-08T20:01:00,1,21.5984,152938.57,9202.73,4795.46,148955.68
2361,264,2026-03-26T19:27:00,1,10.9703,77145.28,4337.81,2512.69,77272.76
2362,215,2026-03-22T16:44:00,1,40.8508,4301.38,532.08,116.67,4327.85
2363,34,2026-03-13T15:33:00,1,12.0678,84790.45,4528.6,2709.46,84501.09
2364,416,2026-03-26T14:48:00,1,5.6718,39750.83,2108.34,1420.8,38864.83
2365,2,2026-03-13T11:11:00,1,5.3919,38035.32,2174.28,1014.77,38149.13
2366,120,2026-03-21T10:25:00,1,3.0118,23761.24,2044.72,813.25,23993.62
2367,361,2026-03-28T14:34:00,1,4.8008,38054.25,3467.8,981.41,37945.28
2368,239,2026-03-30T18:09:00,1,20.6013,143471.64,6640.69,4159.36,142380.11
2369,391,2026-03-03T11:04:00,1,39.395,3836.0,197.87,136.01,3531.14
2370,305,2026-03-05T16:48:00,1,24.7258,192850.29,14323.34,5919.25,193918.09
2371,317,2026-03-31T19:17:00,1,14.7122,113975.74,8014.21,3779.45,114345.81
2372,126,2026-03-14T17:55:00,1,5.5909,39918.19,2578.02,1298.77,39847.32
2373,9,2026-03-31T09:54:00,1,3.5458,27850.33,2312.45,1031.02,27738.73
2374,176,2026-03-26T20:14:00,1,79.6742,8219.31,866.97,274.08,8259.16
2375,353,2026-03-27T18:45:00,1,5.7849,41051.23,2333.53,1563.24,40515.33
2376,369,2026-03-09T11:19:00,1,3.836,27045.64,1536.66,793.41,27004.67
2377,469,2026-03-20T17:35:00,1,3.5698,25195.25,1381.58,882.17,24959.42
2378,335,2026-03-03T16:40:00,1,17.4016,121821.1,6269.95,3560.79,121123.7
2379,292,2026-03-17T09:44:00,1,17.0016,120202.21,7080.53,4323.83,120190.48
2380,348,2026-03-15T12:57:00,1,9.5558,66586.98,3071.39,2491.87,66902.72
2381,291,2026-03-13T17:49:00,1,2.3094,18146.24,1485.37,575.48,18316.84
2382,349,2026-03-06T13:24:00,1,3.9789,31027.18,2341.22,1038.77,30859.88
2383,416,2026-03-03T19:42:00,1,5.6718,40141.27,2479.04,1060.23,38864.83
2384,246,2026-03-16T17:09:00,1,84.5028,8485.49,690.95,270.72,7735.34
2385,456,2026-03-20T16:45:00,1,2.4701,19440.92,1629.52,606.3,19595.24
2386,450,2026-03-05T17:36:00,1,10.9034,1066.75,58.19,29.08,1046.78
2387,105,2026-03-16T19:34:00,1,3.087,24456.43,2204.87,638.04,23973.36
2388,169,2026-03-22T11:43:00,1,4.4869,35459.77,3156.15,1088.69,35318.88
2389,333,2026-03-26T13:56:00,1,52.5275,5444.48,597.24,142.99,5435.85
2390,18,2026-03-22T15:24:00,1,66.0832,6953.1,855.6,210.07,7010.81
2391,387,2026-03-20T09:01:00,1,11.9529,89886.29,3696.32,2826.47,89528.73
2392,358,2026-03-04T11:49:00,1,5.1854,36657.52,2178.45,1360.62,36512.32
2393,398,2026-03-11T11:59:00,1,7.997,57794.04,85.61,1678.02,57680.36
2394,280,2026-03-13T11:22:00,1,57.5885,5886.2,571.36,180.38,5785.46
2395,441,2026-03-27T12:40:00,1,5.6742,40587.07,2610.27,1135.5,40522.82
2396,72,2026-03-22T13:50:00,1,10.2814,72151.57,3622.03,2379.09,71565.41
2397,207,2026-03-27T12:34:00,1,13.2941,100556.68,4565.83,3689.28,98609.31
2398,479,2026-03-30T15:10:00,1,24.1015,188503.17,14670.86,5074.45,187108.32
2399,139,2026-03-03T11:34:00,1,9.7207,73222.4,3225.39,2733.01,72596.75
2400,405,2026-03-11T11:58:00,1,69.8843,7329.04,875.92,275.07,7338.21
2401,182,2026-03-13T15:37:00,1,12.8188,92599.24,119.67,3052.6,92483.25
2402,119,2026-03-28T18:50:00,1,3.7223,26463.15,1740.23,793.75,26552.84
2403,366,2026-03-12T17:06:00,1,20.7568,2013.25,95.53,73.71,2026.31
2404,299,2026-03-23T19:31:00,1,2.7577,19602.95,1213.97,593.62,19335.39
2405,277,2026-03-09T17:20:00,1,56.7869,5979.95,743.63,225.77,5388.83
2406,9,2026-03-20T19:18:00,1,3.5458,27960.97,2392.92,890.37,27738.73
2407,440,2026-03-09T19:39:00,1,4.4772,31464.99,1692.1,883.7,31473.28
2408,65,2026-03-29T18:04:00,1,7.9839,60239.87,2644.49,1937.17,59986.27
2409,492,2026-03-27T16:10:00,1,5.5826,43915.01,3605.51,1394.72,43858.87
2410,27,2026-03-07T18:15:00,1,5.6731,40543.76,2563.89,1403.62,40006.98
2411,143,2026-03-26T12:25:00,1,12.2929,92026.89,3570.01,3343.67,92374.57
2412,164,2026-03-03T14:52:00,1,3.6678,28711.91,2300.74,901.76,28940.57
2413,174,2026-03-07T14:39:00,1,36.7959,260578.88,14240.26,9102.11,261235.38
2414,471,2026-03-07T17:06:00,1,4.1632,29863.92,1992.42,946.42,29492.86
2415,127,2026-03-26T09:01:00,1,3.0645,24164.95,2113.51,882.02,24453.74
2416,330,2026-03-09T19:51:00,1,4.6319,32822.15,2020.52,903.13,32722.75
2417,59,2026-03-10T09:49:00,1,17.543,126581.18,191.23,4524.44,124660.4
2418,188,2026-03-06T10:44:00,1,32.234,3143.03,159.77,105.23,3099.91
2419,315,2026-03-17T20:53:00,1,42.8276,4163.83,212.98,109.8,4154.72
2420,71,2026-03-25T11:15:00,1,13.8926,104548.24,4426.08,3040.0,103983.35
2421,450,2026-03-17T14:25:00,1,10.9034,1060.65,54.81,38.78,1046.78
2422,88,2026-03-29T15:26:00,1,28.7165,201755.25,10119.71,6019.46,201394.38
2423,32,2026-03-31T17:26:00,1,9.8569,69027.69,3328.79,2450.03,68990.65
2424,422,2026-03-25T13:55:00,1,43.7528,4482.45,433.13,140.12,4400.94
2425,90,2026-03-05T14:47:00,1,25.9884,184261.08,10899.22,5514.01,185674.24
2426,475,2026-03-22T20:37:00,1,4.7599,33546.63,1820.04,1130.25,33417.72
2427,225,2026-03-31T20:53:00,1,26.4171,186869.85,10792.75,6857.18,187721.1
2428,327,2026-03-10T18:58:00,1,2.2934,17917.62,1394.64,488.25,17890.91
2429,64,2026-03-31T14:01:00,1,3.1873,22412.81,1168.59,772.63,22032.51
2430,73,2026-03-30T09:09:00,1,10.0421,75867.82,3439.07,2799.21,74729.18
2431,427,2026-03-10T19:56:00,1,60.6339,6304.35,709.05,179.92,5914.73
2432,124,2026-03-03T10:51:00,1,16.7443,131540.46,10967.77,3588.22,128948.28
2433,173,2026-03-28T14:21:00,1,17.1759,119871.57,5791.99,3388.39,120399.88
2434,258,2026-03-02T15:35:00,1,20.9309,147216.35,7988.4,4962.33,145290.21
2435,393,2026-03-06T13:54:00,1,5.8217,41378.54,2715.12,1209.66,40589.86
2436,278,2026-03-17T18:45:00,1,14.5841,114272.1,8955.06,3489.71,113770.29
2437,263,2026-03-05T12:27:00,1,11.0827,86669.16,6649.07,3162.07,85885.6
2438,239,2026-03-29T13:41:00,1,20.6013,144888.38,7408.49,4527.13,142380.11
2439,220,2026-03-05T17:47:00,1,39.659,3876.55,208.09,105.68,3879.64
2440,375,2026-03-06T10:33:00,1,4.191,29877.6,2044.08,874.97,29466.95
2441,117,2026-03-26T10:47:00,1,31.0203,3027.38,164.83,104.92,2758.76
2442,72,2026-03-07T18:09:00,1,10.2814,72671.75,3840.55,1977.88,71565.41
2443,467,2026-03-27T18:05:00,1,3.5951,28363.29,2404.65,953.7,28120.75
2444,33,2026-03-13T17:15:00,1,20.5951,144527.99,7551.83,5338.02,144592.47
2445,221,2026-03-09T17:29:00,1,12.4688,93754.79,3981.67,2644.88,93644.97
2446,183,2026-03-01T15:33:00,1,18.2712,129244.27,6988.2,4577.41,129006.3
2447,376,2026-03-03T11:57:00,1,28.2449,199808.19,12254.71,5567.62,200448.88
2448,186,2026-03-16T14:35:00,1,20.4986,144056.13,7123.23,4167.88,142115.47
2449,334,2026-03-09T18:02:00,1,14.5628,102356.99,5515.97,3116.77,101921.6
2450,173,2026-03-05T19:47:00,1,17.1759,120730.13,6154.17,3880.25,120399.88
2451,242,2026-03-13T20:06:00,1,137.6048,13888.38,1188.83,453.99,12769.12
2452,207,2026-03-02T16:07:00,1,13.2941,100083.57,4296.12,2794.85,98609.31
2453,343,2026-03-16T12:12:00,1,12.5555,87981.39,4109.27,2767.17,87744.14
2454,236,2026-03-26T18:41:00,1,45.6461,4783.77,571.55,135.77,4839.22
2455,311,2026-03-31T09:20:00,1,6.7935,50966.22,2037.46,1851.33,51184.74
2456,98,2026-03-06T18:13:00,1,6.3389,44458.98,2360.7,1681.73,44080.64
2457,395,2026-03-14T20:27:00,1,3.4824,27772.13,2623.7,1050.57,27317.79
2458,426,2026-03-11T19:19:00,1,38.3169,4012.44,474.26,132.77,4058.49
2459,126,2026-03-18T11:20:00,1,5.5909,39853.22,2541.4,1140.86,39847.32
2460,347,2026-03-12T18:54:00,1,8.607,65019.15,2865.77,1867.99,65058.93
2461,475,2026-03-18T13:17:00,1,4.7599,33556.94,1790.94,1097.85,33417.72
2462,222,2026-03-04T20:47:00,1,12.5433,94389.87,4005.11,3195.19,93951.6
2463,469,2026-03-16T13:15:00,1,3.5698,25194.29,1347.63,905.62,24959.42
2464,500,2026-03-01T13:36:00,1,31.1716,221853.19,13278.09,6420.72,218466.21
2465,433,2026-03-31T20:07:00,1,2.1387,16870.13,1466.59,563.86,16795.95
2466,97,2026-03-29T18:28:00,1,12.0171,84355.69,4161.26,3050.16,83627.77
2467,2,2026-03-06T11:03:00,1,5.3919,37996.41,2187.4,1186.77,38149.13
2468,176,2026-03-08T17:58:00,1,79.6742,8346.68,987.97,277.34,8259.16
2469,266,2026-03-24T14:08:00,1,3.1433,24670.26,2029.79,786.39,25026.34
2470,309,2026-03-31T12:08:00,1,20.9922,163934.12,12742.21,6116.67,163877.64
2471,80,2026-04-01T10:08:00,1,3.9658,27807.06,1685.41,979.79,27956.4
2472,423,2026-04-12T09:35:00,1,46.576,4488.4,228.09,160.32,4505.28
2473,101,2026-04-06T17:31:00,1,6.4304,44828.27,2334.32,1173.12,45333.33
2474,323,2026-04-26T17:32:00,1,11.8931,88996.09,4140.49,3286.25,89968.8
2475,271,2026-04-28T12:44:00,1,4.3867,34377.65,3113.02,1033.78,34477.91
2476,394,2026-04-24T17:22:00,1,16.5177,116000.44,6534.01,3522.25,116296.83
2477,99,2026-04-08T09:51:00,1,19.3079,134203.89,7538.66,4113.03,135735.36
2478,446,2026-04-30T09:12:00,1,15.9701,123995.58,10062.33,4757.53,125003.74
2479,9,2026-04-09T15:41:00,1,3.5458,28055.36,2719.34,803.07,27738.73
2480,45,2026-04-27T14:07:00,1,16.0869,111734.08,5712.24,3996.32,113372.22
2481,245,2026-04-03T12:55:00,1,39.8096,4108.85,463.09,151.04,3779.27
2482,387,2026-04-19T09:49:00,1,11.9529,89505.79,4129.81,3285.33,89528.73
2483,80,2026-04-21T20:37:00,1,3.9658,27796.63,1610.81,988.84,27956.4
2484,399,2026-04-12T12:30:00,1,14.9726,111914.44,4948.39,2997.48,112741.34
2485,147,2026-04-21T09:39:00,1,27.792,196039.48,12531.41,6301.82,193655.66
2486,439,2026-04-07T16:05:00,1,5.9325,42063.08,2889.42,1387.23,41926.14
2487,112,2026-04-22T10:09:00,1,3.2447,25277.59,2148.49,677.17,25379.69
2488,211,2026-04-02T10:13:00,1,6.0918,43538.62,62.54,1522.39,43932.92
2489,84,2026-04-04T16:26:00,1,13.5748,94995.52,5099.66,3555.4,95463.21
2490,248,2026-04-25T18:49:00,1,12.1774,84684.59,4398.63,2225.92,84291.64
2491,397,2026-04-22T15:06:00,1,7.6603,53401.09,2812.39,1444.11,53303.38
2492,70,2026-04-30T20:02:00,1,30.9727,2982.38,144.97,80.97,2987.25
2493,238,2026-04-05T17:48:00,1,17.9613,128281.33,187.62,4370.54,129693.59
2494,234,2026-04-30T20:46:00,1,16.4047,114009.53,5920.44,4269.22,115501.01
2495,115,2026-04-02T15:21:00,1,15.2051,108661.83,145.77,3049.41,108495.55
2496,111,2026-04-18T19:56:00,1,8.7362,64953.45,2523.52,1811.49,65471.14
2497,354,2026-04-26T11:48:00,1,3.0016,23289.57,1873.57,751.52,23185.98
2498,418,2026-04-10T09:50:00,1,23.6409,181971.49,13265.77,4868.34,183599.47
2499,298,2026-04-22T14:55:00,1,12.0285,89510.52,3768.12,2892.77,89544.49
2500,5,2026-04-19T11:38:00,1,4.2729,33609.73,3089.69,1282.86,34025.72
2501,153,2026-04-13T18:12:00,1,36.3674,3738.17,404.01,135.89,3846.81
2502,373,2026-04-28T20:24:00,1,191.6333,19038.14,1492.2,723.19,19140.35
2503,447,2026-04-26T19:00:00,1,35.9406,251612.79,13784.85,8831.37,254909.66
2504,429,2026-04-30T18:22:00,1,11.4674,85270.39,3460.12,2910.87,86268.38
2505,69,2026-04-25T09:49:00,1,62.0656,6468.91,773.77,206.72,6460.93
2506,53,2026-04-08T13:12:00,1,39.5475,3843.58,216.28,104.23,3823.01
2507,226,2026-04-30T14:24:00,1,13.4675,93316.87,4580.72,2779.07,93023.91
2508,164,2026-04-25T09:16:00,1,3.6678,28766.53,2586.25,814.49,28940.57
2509,500,2026-04-03T09:09:00,1,31.1716,219406.0,14108.28,7803.19,218466.21
2510,258,2026-04-30T18:10:00,1,20.9309,145155.79,7243.97,3944.73,145290.21
2511,257,2026-04-08T11:38:00,1,3.6998,25768.67,1496.95,751.35,26155.07
2512,330,2026-04-02T10:27:00,1,4.6319,32439.14,1831.68,1130.04,32722.75
2513,227,2026-04-28T11:08:00,1,14.5655,112708.39,8898.03,3480.21,114409.44
2514,458,2026-04-10T10:21:00,1,5.2364,36820.76,2371.01,1388.07,36968.21
2515,170,2026-04-09T19:40:00,1,3.1856,25020.46,2258.2,691.32,25271.83
2516,341,2026-04-01T13:02:00,1,23.4326,163638.38,9294.17,5676.98,166136.18
2517,133,2026-04-02T15:31:00,1,14.5876,112204.66,8095.58,3757.35,113326.2
2518,301,2026-04-30T15:57:00,1,33.2508,3396.47,350.36,106.58,3387.51
2519,419,2026-04-10T18:43:00,1,3.1838,22250.72,1304.82,675.25,22366.68
2520,415,2026-04-12T11:15:00,1,4.4374,34727.96,3026.64,1078.03,34410.05
2521,134,2026-04-16T13:29:00,1,8.2685,59186.77,88.33,1618.86,59124.2
2522,232,2026-04-01T10:51:00,1,38.8965,3738.36,179.33,122.26,3473.25
2523,418,2026-04-17T20:50:00,1,23.6409,181443.59,13114.0,5126.22,183599.47
2524,220,2026-04-18T13:48:00,1,39.659,3824.71,187.58,119.91,3876.63
2525,500,2026-04-03T09:34:00,1,31.1716,218360.95,13063.23,6774.58,218466.21
2526,7,2026-04-17T14:28:00,1,13.6765,101404.48,4024.11,3539.28,102782.02
2527,58,2026-04-05T10:21:00,1,55.451,5520.06,451.84,202.67,5047.45
2528,375,2026-04-02T09:26:00,1,4.191,29566.17,1872.17,830.87,29466.95
2529,241,2026-04-04T12:21:00,1,21.0662,147105.15,7599.3,4635.71,146917.66
2530,44,2026-04-02T17:17:00,1,4.73,33517.44,2261.74,981.49,33944.67
2531,263,2026-04-10T10:45:00,1,11.0827,85338.11,6249.97,2622.26,86854.06
2532,105,2026-04-01T14:34:00,1,3.087,23800.42,1812.89,741.84,23973.36
2533,458,2026-04-17T20:27:00,1,5.2364,36966.96,2439.5,1157.78,36968.21
2534,318,2026-04-09T17:00:00,1,17.6338,122676.98,6167.11,3461.75,122652.04
2535,177,2026-04-07T12:38:00,1,21.5109,151979.02,9937.6,5454.04,149601.12
2536,215,2026-04-06T16:59:00,1,40.8508,4259.28,521.84,159.17,4327.85
2537,136,2026-04-27T11:05:00,1,27.1123,189930.28,11244.77,5819.16,190610.02
2538,187,2026-04-19T11:44:00,1,12.717,97798.68,6964.96,2804.77,97984.38
2539,455,2026-04-16T13:25:00,1,21.0382,146547.52,7225.41,3859.63,146482.23
2540,221,2026-04-14T19:37:00,1,12.4688,92757.91,3670.95,3520.44,93644.97
2541,13,2026-04-25T16:37:00,1,24.6984,170734.52,7897.23,4625.36,174080.63
2542,260,2026-04-22T09:01:00,1,24.8355,172649.57,8635.68,6439.53,174878.99
2543,399,2026-04-21T17:04:00,1,14.9726,111257.23,4563.83,3184.2,112741.34
2544,438,2026-04-23T20:40:00,1,3.7537,26169.19,1520.37,904.39,26461.5
2545,371,2026-04-09T19:45:00,1,3.5364,27781.05,2512.2,823.22,27587.51
2546,36,2026-04-11T18:38:00,1,3.5236,27724.33,2606.84,724.75,27680.59
2547,268,2026-04-02T18:52:00,1,7.2654,51928.98,77.13,1527.21,52415.61
2548,266,2026-04-30T17:31:00,1,3.1433,24806.68,2381.87,883.78,25026.34
2549,340,2026-04-08T18:28:00,1,165.8251,16575.36,1365.88,466.48,16808.1
2550,365,2026-04-04T17:47:00,1,7.5425,53974.34,80.16,1645.81,53540.84
2551,156,2026-04-04T10:09:00,1,40.2472,3877.45,197.65,118.22,3570.93
2552,116,2026-04-16T16:36:00,1,4.3399,33927.39,2908.3,889.87,33950.86
2553,142,2026-04-08T14:27:00,1,6.2076,43074.18,2350.59,1198.74,43188.45
2554,98,2026-04-07T19:37:00,1,6.3389,44512.94,2655.73,1690.52,44080.64
2555,317,2026-04-10T18:28:00,1,14.7122,113962.52,8973.61,4247.75,114345.81
2556,430,2026-04-01T13:10:00,1,7.8341,54463.36,2862.26,1967.68,55613.16
2557,470,2026-04-14T11:01:00,1,11.707,87651.13,4007.07,3316.16,87563.24
2558,115,2026-04-15T17:54:00,1,15.2051,108459.08,138.4,3416.19,108495.55
2559,92,2026-04-04T11:42:00,1,13.6036,94456.49,4369.91,2484.49,94779.98
2560,354,2026-04-22T19:16:00,1,3.0016,23162.86,1766.64,831.12,23185.98
2561,52,2026-04-28T10:15:00,1,8.4833,60553.81,92.14,2276.06,61107.55
2562,196,2026-04-22T17:38:00,1,29.6387,3019.7,308.35,101.08,2814.98
2563,270,2026-04-29T11:57:00,1,4.256,33662.31,3272.98,1113.69,33198.81
2564,61,2026-04-03T20:53:00,1,13.7262,96113.97,5712.53,3644.67,97468.86
2565,287,2026-04-17T19:32:00,1,11.5804,80869.56,4511.41,3068.73,82202.86
2566,18,2026-04-27T17:59:00,1,66.0832,6906.94,843.81,183.06,7010.81
2567,212,2026-04-29T11:48:00,1,170.6976,16939.35,1300.04,549.67,15848.48
2568,65,2026-04-15T17:32:00,1,7.9839,59660.21,2783.15,2201.94,59986.27
2569,393,2026-04-30T17:23:00,1,5.8217,40838.6,2479.94,1559.24,40589.86
2570,234,2026-04-30T09:16:00,1,16.4047,113713.88,5624.79,3162.26,115501.01
2571,288,2026-04-02T19:05:00,1,14.593,108741.52,4593.91,3229.46,109109.53
2572,442,2026-04-27T18:05:00,1,22.5468,173809.44,12661.82,4869.81,176097.65
2573,160,2026-04-20T19:05:00,1,41.4832,4292.58,488.16,151.9,4277.48
2574,496,2026-04-06T18:17:00,1,11.1941,83533.37,3589.92,2672.73,84505.86
2575,422,2026-04-06T17:09:00,1,43.7528,4449.21,446.27,138.02,4400.94
2576,247,2026-04-24T19:59:00,1,21.3958,150335.1,8540.43,4961.96,150400.66
2577,452,2026-04-16T09:37:00,1,17.8714,126103.55,7753.06,3309.0,127221.62
2578,188,2026-04-08T10:50:00,1,32.234,3124.55,168.05,90.33,3099.91
2579,310,2026-04-14T16:57:00,1,30.6255,213985.25,11865.83,6647.99,214170.23
2580,295,2026-04-21T19:57:00,1,14.8897,103264.21,4948.86,3287.94,104285.45
2581,430,2026-04-23T20:24:00,1,7.8341,54609.92,3166.99,1554.68,55613.16
2582,188,2026-04-04T19:42:00,1,32.234,3117.31,170.16,98.17,3099.91
2583,341,2026-04-13T18:59:00,1,23.4326,163118.9,9215.22,5512.11,166136.18
2584,224,2026-04-23T15:24:00,1,48.1507,4901.71,494.96,177.88,4971.13
2585,292,2026-04-08T15:01:00,1,17.0016,118990.63,7455.37,4471.09,120190.48
2586,142,2026-04-15T16:00:00,1,6.2076,43501.22,2488.85,1198.09,43188.45
2587,82,2026-04-18T11:59:00,1,61.9363,6399.34,719.16,195.44,5874.53
2588,189,2026-04-19T15:17:00,1,10.9377,76460.91,4372.5,2765.34,76878.67
2589,289,2026-04-18T18:50:00,1,4.1901,32656.08,2713.12,1046.05,32756.33
2590,415,2026-04-08T20:32:00,1,4.4374,34554.34,2960.76,1061.57,34410.05
2591,122,2026-04-20T13:25:00,1,4.447,34501.61,2827.19,1075.75,35554.5
2592,257,2026-04-05T16:38:00,1,3.6998,25974.18,1625.13,915.25,26155.07
2593,307,2026-04-03T10:05:00,1,20.694,159936.68,12229.94,5370.27,159864.7
2594,160,2026-04-03T18:57:00,1,41.4832,4268.4,469.37,154.6,4271.71
2595,403,2026-04-24T18:40:00,1,49.0885,4957.77,466.17,168.88,5078.66
2596,435,2026-04-06T20:26:00,1,21.1293,164838.11,13941.73,6062.1,164735.59
2597,59,2026-04-08T09:21:00,1,17.543,125068.72,165.37,4353.94,124660.4
2598,100,2026-04-08T17:32:00,1,3.7986,26300.68,1380.8,758.98,26721.43
2599,52,2026-04-13T09:58:00,1,8.4833,60539.75,81.99,2193.04,61107.55
2600,89,2026-04-12T13:31:00,1,3.0342,21410.02,1312.33,624.4,21200.13
2601,78,2026-04-09T14:41:00,1,3.8207,29773.95,2473.67,799.32,29924.02
2602,19,2026-04-28T09:50:00,1,12.8924,88920.92,4235.51,2605.49,89698.17
2603,303,2026-04-14T20:30:00,1,14.7384,109926.68,4623.91,2903.02,111247.67
2604,477,2026-04-30T17:08:00,1,13.4506,94176.97,5552.18,2489.69,94914.32
2605,373,2026-04-09T17:40:00,1,191.6333,19134.83,1562.06,630.25,19140.35
2606,24,2026-04-18T09:55:00,1,6.8653,48221.89,2768.66,1794.66,48746.72
2607,214,2026-04-15T13:05:00,1,15.0718,107531.82,160.77,2953.03,107549.49
2608,236,2026-04-09T10:50:00,1,45.6461,4724.05,538.3,172.2,4839.22
2609,121,2026-04-27T15:40:00,1,5.6102,39411.38,2436.96,1102.11,39753.67
2610,199,2026-04-09T17:39:00,1,19.2605,134643.98,7386.2,4509.33,135549.94
2611,429,2026-04-30T15:44:00,1,11.4674,85295.61,3485.34,3248.34,86268.38
2612,329,2026-04-18T15:36:00,1,18.6736,144514.28,11070.49,5420.44,145833.14
2613,166,2026-04-23T14:37:00,1,42.0913,295460.39,19066.18,7905.28,298034.29
2614,139,2026-04-11T10:39:00,1,9.7207,72592.14,3299.49,1904.17,72596.75
2615,73,2026-04-24T19:49:00,1,10.0421,75020.24,3277.17,2093.92,75087.54
2616,256,2026-04-12T20:02:00,1,3.4873,27065.46,2151.77,1014.63,26890.68
2617,186,2026-04-04T19:46:00,1,20.4986,142305.11,6558.05,3786.19,142115.47
2618,34,2026-04-08T17:51:00,1,12.0678,83672.78,4504.63,2718.03,84501.09
2619,209,2026-04-07T20:41:00,1,18.2845,127035.54,6298.78,3656.27,128197.36
2620,68,2026-04-04T14:38:00,1,19.087,133673.42,7274.34,3866.74,131507.3
2621,31,2026-04-13T18:41:00,1,19.1019,147561.05,11427.92,3870.4,150233.59
2622,346,2026-04-19T17:37:00,1,3.0109,21145.32,1301.02,578.1,21621.42
2623,134,2026-04-06T15:43:00,1,8.2685,59125.26,75.19,2210.25,58615.28
2624,460,2026-04-09T17:39:00,1,20.4061,158751.74,12942.81,5568.88,160633.54
2625,232,2026-04-14T15:16:00,1,38.8965,3758.09,194.39,98.61,3473.25
2626,87,2026-04-01T14:27:00,1,5.8771,41524.93,2814.06,1558.09,41296.96
2627,460,2026-04-12T17:57:00,1,20.4061,158002.87,12219.24,4941.01,160633.54
2628,15,2026-04-19T14:14:00,1,47.6096,4836.71,471.39,182.82,4864.61
2629,103,2026-04-26T15:08:00,1,40.7114,286518.26,17120.75,9566.91,290443.66
2630,130,2026-04-28T15:56:00,1,2.9689,23198.48,2038.71,670.52,22961.63
2631,202,2026-04-26T15:21:00,1,4.3318,33715.15,2808.36,1136.51,34338.44
2632,373,2026-04-10T14:38:00,1,191.6333,18919.33,1396.38,580.35,19140.35
2633,324,2026-04-12T20:59:00,1,11.2024,86388.3,6357.01,2270.92,86023.64
2634,359,2026-04-14T11:09:00,1,1.683,13044.3,1019.62,365.11,13079.57
2635,157,2026-04-06T15:56:00,1,5.5603,43962.12,4252.85,1574.58,43921.22
2636,256,2026-04-23T11:48:00,1,3.4873,27168.17,2337.76,803.52,26890.68
2637,168,2026-04-20T10:11:00,1,22.6916,2288.33,207.28,59.39,2348.48
2638,149,2026-04-23T17:52:00,1,24.2917,188947.14,15984.41,5060.28,190817.31
2639,134,2026-04-18T09:00:00,1,8.2685,59175.28,87.59,1999.21,59124.2
2640,405,2026-04-29T16:37:00,1,69.8843,7321.82,919.02,188.85,7338.21
2641,276,2026-04-13T17:08:00,1,20.2773,140250.26,7070.37,4478.2,141988.13
2642,105,2026-04-28T14:28:00,1,3.087,23839.13,1837.65,786.6,23973.36
2643,494,2026-04-26T13:28:00,1,3.4802,24719.87,1690.52,927.41,24604.21
2644,73,2026-04-23T11:40:00,1,10.0421,74656.86,3154.7,2162.66,75087.54
2645,433,2026-04-14T11:03:00,1,2.1387,16552.87,1272.31,578.52,16795.95
2646,109,2026-04-17T16:21:00,1,38.1991,3858.97,362.99,135.12,3663.12
2647,122,2026-04-14T15:55:00,1,4.447,34789.73,3016.85,1152.79,35554.5
2648,401,2026-04-18T19:10:00,1,6.8381,47761.18,2488.03,1561.44,48170.62
2649,195,2026-04-09T11:07:00,1,5.6896,40072.02,2479.75,1115.52,40165.21
2650,357,2026-04-18T14:56:00,1,43.877,4479.82,455.86,128.02,4465.7
2651,135,2026-04-12T13:03:00,1,22.9212,2339.42,242.82,89.23,2313.05
2652,19,2026-04-22T19:23:00,1,12.8924,90055.09,4913.55,2598.73,89698.17
2653,153,2026-04-21T12:54:00,1,36.3674,3763.71,433.55,131.99,3846.81
2654,468,2026-04-03T11:59:00,1,25.5173,177942.54,9884.33,6706.5,180900.58
2655,380,2026-04-15T20:46:00,1,27.6089,2664.13,132.12,86.52,2674.7
2656,263,2026-04-22T10:28:00,1,11.0827,86235.38,7234.9,3017.21,86854.06
2657,234,2026-04-29T12:42:00,1,16.4047,114698.22,6574.84,4058.16,115501.01
2658,157,2026-04-21T16:10:00,1,5.5603,43624.57,4002.37,1531.26,43921.22
2659,18,2026-04-07T15:43:00,1,66.0832,6901.22,851.3,225.71,7010.81
2660,91,2026-04-27T20:00:00,1,9.0049,64442.62,82.35,2041.32,64892.0
2661,348,2026-04-18T18:50:00,1,9.5558,66317.01,3050.73,2416.52,66902.72
2662,205,2026-04-08T20:40:00,1,9.4979,70861.45,3237.92,2045.28,71377.12
2663,104,2026-04-02T12:20:00,1,47.6116,4820.35,465.32,184.75,4803.13
2664,383,2026-04-18T18:57:00,1,62.5518,6487.71,751.08,178.11,6362.59
2665,123,2026-04-11T09:02:00,1,7.2724,51176.62,3111.29,1887.29,50807.76
2666,457,2026-04-30T20:06:00,1,28.4822,2762.01,152.76,98.56,2777.92
2667,275,2026-04-03T16:32:00,1,5.1673,38607.12,1724.69,1184.2,38595.29
2668,153,2026-04-17T14:11:00,1,36.3674,3800.1,471.76,138.27,3846.81
2669,148,2026-04-09T14:16:00,1,2.6633,20676.35,1646.11,706.64,20944.68
2670,140,2026-04-14T17:56:00,1,21.4836,2066.16,97.83,66.96,2063.66
2671,192,2026-04-23T12:28:00,1,4.2888,29925.0,1762.42,996.96,30519.56
2672,375,2026-04-26T19:41:00,1,4.191,29638.63,1905.74,764.66,29466.95
2673,402,2026-04-30T12:41:00,1,3.1346,21982.78,1329.18,751.15,21687.27
2674,318,2026-04-04T17:32:00,1,17.6338,122511.81,5736.2,3852.15,122652.04
2675,352,2026-04-09T18:36:00,1,5.1549,36275.65,2216.25,1270.1,36627.39
2676,309,2026-04-14T11:56:00,1,20.9922,163809.92,13825.06,5299.98,163877.64
2677,472,2026-04-25T14:30:00,1,13.3279,92713.83,4842.59,2445.77,92236.75
2678,309,2026-04-23T13:53:00,1,20.9922,161139.93,11670.43,5113.87,163877.64
2679,240,2026-04-22T09:51:00,1,5.1622,38329.71,1532.15,1166.13,38618.57
2680,49,2026-04-28T20:24:00,1,22.3665,2281.78,233.9,75.89,2270.99
2681,378,2026-04-09T12:53:00,1,22.3074,154689.37,7300.14,4221.81,157085.33
2682,298,2026-04-21T17:15:00,1,12.0285,89352.49,3638.48,2801.56,89544.49
2683,127,2026-04-19T10:41:00,1,3.0645,24159.38,2270.58,665.16,24453.74
2684,350,2026-04-18T11:56:00,1,40.4539,3912.3,202.27,119.78,3900.46
2685,303,2026-04-07T17:59:00,1,14.7384,110414.9,5172.26,3557.42,111247.67
2686,28,2026-04-23T11:09:00,1,12.4734,92867.41,4053.81,3475.91,93249.78
2687,66,2026-04-02T12:11:00,1,14.0417,100362.39,149.3,2588.42,100611.13
2688,473,2026-04-01T15:29:00,1,4.9432,34345.51,1785.99,1183.32,34561.14
2689,232,2026-04-13T17:53:00,1,38.8965,3745.52,179.49,139.52,3473.25
2690,336,2026-04-20T19:30:00,1,106.314,10629.74,879.68,348.06,10623.18
2691,381,2026-04-13T13:12:00,1,51.5308,5295.92,571.58,172.71,5266.72
2692,197,2026-04-13T20:15:00,1,3.3083,26030.5,2453.3,762.59,26110.51
2693,477,2026-04-18T12:41:00,1,13.4506,93948.57,4895.91,2789.08,94914.32
2694,47,2026-04-19T16:17:00,1,4.4362,31016.35,1778.15,812.82,30937.05
2695,224,2026-04-26T19:08:00,1,48.1507,4908.59,505.69,179.46,4971.13
2696,104,2026-04-11T18:20:00,1,47.6116,4823.47,457.96,176.97,4803.13
2697,444,2026-04-22T12:46:00,1,21.3326,148780.32,7899.62,3875.18,149570.04
2698,412,2026-04-01T11:00:00,1,3.3552,23596.67,1496.87,831.09,23928.38
2699,196,2026-04-27T20:37:00,1,29.6387,3034.44,315.09,114.33,2814.98
2700,201,2026-04-15T20:02:00,1,18.3302,128534.87,7430.9,3835.74,129569.1
2701,233,2026-04-14T15:17:00,1,12.6163,94559.5,4418.69,3229.78,94096.53
2702,51,2026-04-03T14:19:00,1,62.6149,6412.47,678.2,217.29,6550.57
2703,462,2026-04-03T12:18:00,1,52.4788,5462.07,656.06,189.05,5136.59
2704,1,2026-04-26T15:39:00,1,4.1528,32505.81,2876.16,966.93,33069.85
2705,436,2026-04-30T18:30:00,1,2.5687,20134.19,1808.67,584.73,20274.97
2706,24,2026-04-17T17:48:00,1,6.8653,48077.38,2809.38,1456.8,48746.72
2707,104,2026-04-14T17:09:00,1,47.6116,4830.64,468.47,136.17,4803.13
2708,200,2026-04-18T15:10:00,1,16.4058,115819.56,7201.35,3802.0,115360.06
2709,205,2026-04-20T12:34:00,1,9.4979,70664.69,3014.47,1822.97,71377.12
2710,231,2026-04-18T18:07:00,1,16.9595,131483.11,10288.49,4876.79,131187.83
2711,253,2026-04-17T16:50:00,1,12.2356,91423.8,4303.02,3113.28,91721.49
2712,327,2026-04-03T18:27:00,1,2.2934,17819.7,1450.19,540.81,17890.91
2713,97,2026-04-12T16:57:00,1,12.0171,83764.81,4166.9,2227.51,83627.77
2714,200,2026-04-01T09:05:00,1,16.4058,115217.28,7156.7,3298.71,115360.06
2715,71,2026-04-14T14:29:00,1,13.8926,104044.26,4784.55,3681.0,103983.35
2716,452,2026-04-21T11:24:00,1,17.8714,125542.23,7538.98,4112.27,127221.62
2717,8,2026-04-10T09:48:00,1,4.5632,36063.29,3499.47,1178.63,36048.01
2718,477,2026-04-19T10:50:00,1,13.4506,93627.33,4976.85,2563.68,94914.32
2719,246,2026-04-12T10:29:00,1,84.5028,8383.27,653.8,248.34,7735.34
2720,261,2026-04-15T20:08:00,1,3.9864,30881.73,2482.74,826.23,31349.87
2721,261,2026-04-10T10:06:00,1,3.9864,30979.28,2531.61,866.38,31349.87
2722,289,2026-04-22T11:17:00,1,4.1901,32975.59,3107.43,1116.41,32756.33
2723,51,2026-04-20T11:27:00,1,62.6149,6525.76,783.35,200.71,6550.57
2724,142,2026-04-06T16:21:00,1,6.2076,43337.16,2315.54,1444.01,43188.45
2725,274,2026-04-19T20:56:00,1,4.3282,33686.91,2771.88,885.41,33981.46
2726,485,2026-04-29T13:58:00,1,12.8272,89188.67,4644.59,3118.22,90681.68
2727,71,2026-04-04T13:23:00,1,13.8926,104001.27,4733.09,3123.85,103983.35
2728,260,2026-04-27T17:08:00,1,24.8355,172954.93,9274.83,5133.77,174878.99
2729,2,2026-04-28T14:31:00,1,5.3919,37607.8,2190.4,1023.57,38149.13
2730,443,2026-04-01T20:03:00,1,15.7014,121652.2,9817.09,3142.42,123622.15
2731,35,2026-04-21T14:26:00,1,10.6628,82250.98,6268.83,3079.84,82126.32
2732,146,2026-04-02T11:17:00,1,45.6533,4402.32,226.41,124.6,4363.13
2733,451,2026-04-28T11:58:00,1,13.8323,95671.52,4812.26,2666.71,96519.23
2734,299,2026-04-20T13:00:00,1,2.7577,19406.57,1198.3,675.94,19335.39
2735,32,2026-04-03T17:11:00,1,9.8569,68357.93,3439.89,2320.41,68990.65
2736,87,2026-04-23T10:08:00,1,5.8771,41110.92,2518.71,1290.62,41296.96
2737,223,2026-04-03T14:00:00,1,5.2555,41109.51,3597.54,1543.86,42046.11
2738,258,2026-04-03T17:41:00,1,20.9309,145104.04,7252.09,4367.39,145290.21
2739,372,2026-04-25T18:23:00,1,4.8056,33778.24,2094.78,904.27,33637.33
2740,1,2026-04-20T10:52:00,1,4.1528,32298.69,2719.75,1018.6,33069.85
2741,349,2026-04-03T20:56:00,1,3.9789,30890.62,2490.58,959.8,30859.88
2742,25,2026-04-24T16:03:00,1,12.8433,99249.91,7494.42,3743.87,100257.6
2743,438,2026-04-19T16:04:00,1,3.7537,26132.18,1392.22,683.65,26461.5
2744,432,2026-04-14T09:30:00,1,12.1559,94281.5,7430.15,3234.82,95303.21
2745,137,2026-04-29T10:56:00,1,19.0534,147938.77,11890.83,5658.08,148541.66
2746,270,2026-04-19T14:44:00,1,4.256,33548.47,3149.14,1100.08,33198.81
2747,157,2026-04-08T18:33:00,1,5.5603,43722.54,4134.09,1198.12,43921.22
2748,249,2026-04-14T15:22:00,1,17.3609,120766.36,6189.45,3977.5,121096.77
2749,71,2026-04-20T10:26:00,1,13.8926,103181.79,4229.66,3904.8,103983.35
2750,446,2026-04-24T20:32:00,1,15.9701,122886.74,8792.67,4128.06,125003.74
2751,491,2026-04-05T13:51:00,1,28.3832,198610.39,11815.44,5598.42,199373.19
2752,287,2026-04-03T10:02:00,1,11.5804,80417.24,4148.15,2851.8,82202.86
2753,138,2026-04-11T17:42:00,1,3.6759,28375.24,2172.1,854.18,29060.19
2754,325,2026-04-13T16:57:00,1,16.9172,117181.82,6070.83,3274.61,119145.47
2755,158,2026-04-07T20:23:00,1,35.8635,253295.97,16481.03,9025.19,253196.23
2756,234,2026-04-09T12:21:00,1,16.4047,114652.7,6263.73,4228.48,115501.01
2757,464,2026-04-30T15:55:00,1,13.6974,105364.86,7645.42,3412.05,105905.51
2758,145,2026-04-18T16:12:00,1,8.7446,65252.09,2762.13,2292.97,65283.92
2759,314,2026-04-18T13:57:00,1,3.5003,27326.08,2312.52,950.6,27611.68
2760,160,2026-04-30T13:11:00,1,41.4832,4302.25,501.97,120.89,4277.48
2761,169,2026-04-26T19:54:00,1,4.4869,34983.28,2969.88,1308.04,35318.88
2762,159,2026-04-13T14:21:00,1,106.8915,10725.92,926.11,348.75,9855.57
2763,30,2026-04-15T20:03:00,1,7.7113,57558.79,2623.72,2156.48,57913.08
2764,208,2026-04-12T10:23:00,1,11.0838,85766.43,6582.43,2564.01,85709.59
2765,211,2026-04-06T09:38:00,1,6.0918,43562.36,57.34,1217.11,43932.92
2766,20,2026-04-18T14:06:00,1,10.7348,80447.48,3735.31,2988.59,79058.39
2767,24,2026-04-16T09:42:00,1,6.8653,48281.29,2816.94,1427.26,48746.72
2768,320,2026-04-04T10:06:00,1,11.7703,88163.39,4059.89,2369.53,86799.61
2769,246,2026-04-25T18:43:00,1,84.5028,8431.02,677.04,257.7,7735.34
2770,10,2026-04-05T16:43:00,1,7.7867,54253.54,3007.87,1593.7,54661.48
2771,206,2026-04-02T19:01:00,1,25.6022,180333.09,11154.52,5025.43,179998.58
2772,216,2026-04-23T14:52:00,1,3.2471,25448.1,2327.97,950.95,25710.38
2773,488,2026-04-30T19:11:00,1,4.4681,31357.28,1917.37,1180.24,31759.9
2774,1,2026-04-29T16:57:00,1,4.1528,32316.79,2664.34,883.25,33069.85
2775,167,2026-04-26T09:00:00,1,12.0913,84491.85,4480.7,2775.0,82726.23
2776,84,2026-04-28T09:05:00,1,13.5748,93840.8,4672.96,3378.22,95463.21
2777,170,2026-04-04T11:58:00,1,3.1856,24765.64,2003.25,907.52,25271.83
2778,467,2026-04-12T19:37:00,1,3.5951,28238.72,2554.89,959.55,28120.75
2779,138,2026-04-15T09:28:00,1,3.6759,28640.23,2453.23,959.61,29060.19
2780,151,2026-04-02T16:45:00,1,18.1146,128002.51,8301.78,4083.49,128519.85
2781,102,2026-04-28T09:59:00,1,18.5,127514.38,5994.73,4235.45,127765.91
2782,188,2026-04-23T19:01:00,1,32.234,3119.07,169.01,106.76,3099.91
2783,485,2026-04-08T09:00:00,1,12.8272,89186.6,5036.58,3229.82,90681.68
2784,208,2026-04-10T13:49:00,1,11.0838,86354.63,7258.64,2898.24,85709.59
2785,384,2026-04-01T10:00:00,1,139.1589,13780.24,1047.2,511.04,13806.42
2786,148,2026-04-12T12:27:00,1,2.6633,20628.6,1601.67,536.39,20944.68
2787,26,2026-04-17T13:04:00,1,42.9332,301524.69,18434.33,11471.65,301652.08
2788,39,2026-04-18T10:14:00,1,38.8962,3940.57,373.4,131.82,3941.11
2789,347,2026-04-11T11:34:00,1,8.607,64317.63,2963.84,2154.16,65058.93
2790,190,2026-04-12T14:43:00,1,2.4559,19224.57,1679.33,552.1,19101.48
2791,303,2026-04-11T10:02:00,1,14.7384,109443.47,4382.85,3307.95,111247.67
2792,33,2026-04-14T18:00:00,1,20.5951,143798.55,7876.86,4729.28,144592.47
2793,342,2026-04-01T17:03:00,1,33.6753,3477.13,395.84,108.08,3531.28
2794,40,2026-04-18T13:02:00,1,47.2477,4794.88,461.79,149.71,4849.47
2795,415,2026-04-23T17:17:00,1,4.4374,34947.19,3351.84,1340.23,34410.05
2796,370,2026-04-22T12:42:00,1,9.1394,65232.66,84.55,2412.89,65899.15
2797,104,2026-04-19T20:23:00,1,47.6116,4874.79,509.28,143.94,4803.13
2798,459,2026-04-08T16:24:00,1,6.8639,50855.68,1985.81,1557.49,51697.62
2799,404,2026-04-28T09:13:00,1,42.524,298422.24,19097.82,8916.09,300825.57
2800,87,2026-04-21T16:13:00,1,5.8771,41370.22,2564.26,1064.93,41296.96
2801,201,2026-04-11T11:18:00,1,18.3302,127773.73,6624.31,4741.07,129569.1
2802,58,2026-04-15T09:40:00,1,55.451,5532.32,446.91,154.64,5047.45
2803,100,2026-04-22T11:14:00,1,3.7986,26741.28,1655.29,925.02,26721.43
2804,421,2026-04-08T10:00:00,1,70.6148,7291.58,814.79,266.56,7399.3
2805,393,2026-04-26T15:53:00,1,5.8217,40898.17,2374.53,1067.85,40589.86
2806,360,2026-04-02T17:35:00,1,6.8958,48246.21,2678.97,1238.57,48223.19
2807,485,2026-04-14T11:56:00,1,12.8272,89540.31,4884.51,2570.71,90681.68
2808,480,2026-04-04T12:50:00,1,23.4422,163415.04,8174.7,5004.59,166738.59
2809,73,2026-04-20T19:21:00,1,10.0421,75014.6,3488.24,2190.75,75087.54
2810,490,2026-04-30T18:35:00,1,5.6869,39725.46,2254.99,1400.49,40314.64
2811,421,2026-04-18T11:05:00,1,70.6148,7315.18,839.1,267.53,7399.3
2812,92,2026-04-19T13:10:00,1,13.6036,94645.77,4986.89,3357.05,94779.98
2813,209,2026-04-02T15:42:00,1,18.2845,126878.64,6055.21,4617.43,128197.36
2814,428,2026-04-29T20:09:00,1,2.987,23145.2,1816.97,595.03,23252.12
2815,244,2026-04-12T13:29:00,1,15.9038,111208.96,5866.64,3112.48,111267.13
2816,247,2026-04-29T09:58:00,1,21.3958,148377.19,7357.47,4930.09,150400.66
2817,237,2026-04-04T11:14:00,1,8.7772,60945.53,2820.63,1828.76,60919.31
2818,380,2026-04-25T15:44:00,1,27.6089,2672.84,139.45,74.61,2674.7
2819,91,2026-04-04T19:10:00,1,9.0049,64436.31,92.7,2151.03,64892.0
2820,37,2026-04-12T10:33:00,1,3.501,24704.01,1514.37,798.25,24874.3
2821,306,2026-04-30T14:36:00,1,28.0255,195283.4,10625.9,5009.94,196973.59
2822,52,2026-04-14T15:13:00,1,8.4833,60689.56,78.16,1640.71,61107.55
2823,286,2026-04-12T20:37:00,1,25.0601,176163.35,10172.26,5751.33,176868.79
2824,468,2026-04-11T16:10:00,1,25.5173,179516.09,10865.11,5661.22,180900.58
2825,375,2026-04-23T09:45:00,1,4.191,29253.25,1732.88,957.08,29466.95
2826,28,2026-04-25T12:30:00,1,12.4734,93418.09,4384.58,2797.66,93249.78
2827,285,2026-04-25T12:04:00,1,15.0484,105285.53,6070.98,3509.12,104994.48
2828,293,2026-04-13T18:30:00,1,22.9979,159977.72,8929.12,4411.95,161801.15
2829,478,2026-04-06T13:55:00,1,4.5452,35834.76,3374.9,1044.02,35575.85
2830,30,2026-04-22T11:46:00,1,7.7113,57236.45,2268.22,1841.76,57913.08
2831,402,2026-04-16T17:13:00,1,3.1346,21927.6,1169.21,576.5,21687.27
2832,327,2026-04-10T12:08:00,1,2.2934,17867.76,1501.64,600.42,17890.91
2833,353,2026-04-05T13:31:00,1,5.7849,40181.41,2109.94,1074.25,40515.33
2834,148,2026-04-21T20:55:00,1,2.6633,20609.67,1631.23,562.34,20944.68
2835,280,2026-04-24T14:36:00,1,57.5885,5800.28,530.93,179.78,5785.46
2836,321,2026-04-23T11:47:00,1,3.0001,23193.04,1831.61,596.77,23799.06
2837,334,2026-04-24T12:03:00,1,14.5628,101505.8,4994.92,2645.47,101921.6
2838,147,2026-04-30T11:08:00,1,27.792,195292.14,12173.15,5372.61,193655.66
2839,382,2026-04-15T11:44:00,1,52.9414,5384.47,529.21,196.46,5290.2
2840,466,2026-04-04T09:57:00,1,4.9899,38968.71,3313.88,1355.66,39724.52
2841,414,2026-04-25T14:56:00,1,3.8752,30172.92,2512.25,808.55,30827.66
2842,27,2026-04-14T19:52:00,1,5.6731,39867.83,2427.02,1121.17,40006.98
2843,32,2026-04-12T16:29:00,1,9.8569,68887.78,3598.43,2288.06,68990.65
2844,245,2026-04-12T18:34:00,1,39.8096,4109.34,467.96,135.95,3779.27
2845,120,2026-04-05T19:10:00,1,3.0118,23700.32,2221.22,814.16,23993.62
2846,319,2026-04-03T19:47:00,1,72.4721,7491.99,855.0,276.52,7612.44
2847,40,2026-04-16T09:55:00,1,47.2477,4787.0,453.44,175.56,4849.47
2848,85,2026-04-19T10:50:00,1,26.0333,2523.64,136.65,81.75,2549.01
2849,15,2026-04-09T17:52:00,1,47.6096,4817.9,452.1,182.87,4864.61
2850,147,2026-04-03T11:36:00,1,27.792,194992.49,11952.99,5969.91,193655.66
2851,45,2026-04-26T15:31:00,1,16.0869,112496.57,6045.53,4231.87,113372.22
2852,8,2026-04-17T14:53:00,1,4.5632,35401.73,2910.51,1090.2,36048.01
2853,222,2026-04-27T09:24:00,1,12.5433,94041.03,4390.93,2880.82,93951.6
2854,125,2026-04-23T18:32:00,1,21.1855,163287.66,12441.82,4499.89,163495.59
2855,428,2026-04-13T18:18:00,1,2.987,23175.37,1887.98,611.22,23252.12
2856,415,2026-04-25T09:28:00,1,4.4374,34955.71,3282.13,1029.32,34410.05
2857,230,2026-04-13T18:49:00,1,3.6613,28901.7,2808.79,993.24,28608.91
2858,101,2026-04-23T09:19:00,1,6.4304,44656.03,2430.55,1381.45,45333.33
2859,344,2026-04-20T11:54:00,1,14.46,100411.47,4936.43,3153.55,100842.02
2860,91,2026-04-13T10:05:00,1,9.0049,64258.51,83.47,2370.52,64892.0
2861,158,2026-04-05T19:08:00,1,35.8635,250350.94,14326.79,8927.17,253196.23
2862,488,2026-04-27T17:44:00,1,4.4681,31554.02,2106.69,1187.78,31759.9
2863,171,2026-04-09T17:54:00,1,3.3292,23546.79,1550.13,633.36,23715.65
2864,274,2026-04-21T20:31:00,1,4.3282,34106.17,3263.81,890.27,33981.46
2865,317,2026-04-22T15:09:00,1,14.7122,113907.64,9035.11,3994.83,114345.81
2866,340,2026-04-08T20:05:00,1,165.8251,16595.61,1386.13,617.61,16808.1
2867,349,2026-04-20T12:12:00,1,3.9789,30963.27,2622.96,943.37,30859.88
2868,299,2026-04-11T20:18:00,1,2.7577,19543.07,1316.66,722.28,19335.39
2869,245,2026-04-06T14:34:00,1,39.8096,4157.06,514.88,141.9,3779.27
2870,126,2026-04-08T09:51:00,1,5.5909,39065.73,2387.86,1474.74,39847.32
2871,368,2026-04-08T14:54:00,1,6.4593,47881.52,1892.34,1658.71,48411.74
2872,356,2026-04-17T20:17:00,1,10.5422,78436.48,3373.17,2036.07,78802.91
2873,196,2026-04-28T20:36:00,1,29.6387,3008.15,294.43,105.03,2814.98
2874,359,2026-04-09T15:37:00,1,1.683,13119.45,1093.81,469.54,13079.57
2875,379,2026-04-29T20:49:00,1,2.4927,19490.48,1691.73,746.03,19172.38
2876,500,2026-04-29T12:23:00,1,31.1716,219633.84,14181.82,6565.83,218466.21
2877,128,2026-04-14T13:25:00,1,11.2314,80355.4,109.41,2542.77,79829.9
2878,204,2026-04-30T15:51:00,1,23.1628,2364.14,242.2,84.03,2316.44
2879,35,2026-04-14T10:11:00,1,10.6628,82208.32,6024.85,2399.54,82126.32
2880,182,2026-04-10T09:36:00,1,12.8188,91602.11,124.85,2972.88,92483.25
2881,177,2026-04-30T13:32:00,1,21.5109,151380.09,9646.71,5073.44,149601.12
2882,48,2026-04-27T18:09:00,1,12.8521,89058.47,4355.81,3146.73,89666.74
2883,172,2026-04-26T15:19:00,1,27.5585,2669.87,149.92,88.02,2681.44
2884,450,2026-04-15T12:00:00,1,10.9034,1051.0,51.05,38.39,1046.78
2885,242,2026-04-28T14:49:00,1,137.6048,13805.8,1206.7,377.59,13734.42
2886,382,2026-04-19T15:07:00,1,52.9414,5435.21,581.01,157.63,5290.2
2887,495,2026-04-27T13:41:00,1,22.3137,154535.4,7475.4,5929.6,155842.43
2888,291,2026-04-19T11:26:00,1,2.3094,17905.02,1409.67,640.03,18316.84
2889,436,2026-04-04T13:13:00,1,2.5687,19957.59,1603.2,591.83,20274.97
2890,382,2026-04-26T12:42:00,1,52.9414,5323.34,482.38,174.88,5290.2
2891,411,2026-04-15T19:57:00,1,13.1482,91217.22,4349.69,3457.26,92603.34
2892,10,2026-04-01T10:31:00,1,7.7867,54424.85,3135.96,1871.35,54661.48
2893,499,2026-04-17T11:59:00,1,13.2935,103142.99,8489.68,3854.75,103756.15
2894,65,2026-04-03T10:58:00,1,7.9839,59473.94,2487.58,1940.46,59986.27
2895,495,2026-04-18T14:52:00,1,22.3137,155200.25,7467.49,4283.86,155842.43
2896,349,2026-04-09T17:51:00,1,3.9789,31140.64,2709.97,867.44,30859.88
2897,245,2026-04-09T19:31:00,1,39.8096,4106.0,455.46,140.87,3779.27
2898,27,2026-04-04T11:55:00,1,5.6731,40120.22,2551.48,1357.19,40006.98
2899,344,2026-04-30T17:26:00,1,14.46,100656.36,5380.72,2609.42,100842.02
2900,424,2026-04-11T12:57:00,1,17.9523,126757.71,8105.93,4576.02,126786.76
2901,237,2026-04-15T15:43:00,1,8.7772,61032.32,3043.12,2013.43,60919.31
2902,172,2026-04-14T10:17:00,1,27.5585,2654.11,129.2,83.85,2681.44
2903,484,2026-04-02T19:44:00,1,8.7331,65202.59,2876.03,1708.11,64838.82
2904,189,2026-04-27T17:04:00,1,10.9377,75953.14,3867.46,2371.52,76878.67
2905,13,2026-04-30T17:42:00,1,24.6984,172133.85,9398.32,5123.77,174080.63
2906,26,2026-04-02T19:11:00,1,42.9332,300021.35,16320.05,8264.2,301652.08
2907,388,2026-04-05T16:42:00,1,12.1851,87011.14,111.27,2434.98,87746.43
2908,451,2026-04-07T13:14:00,1,13.8323,95811.14,4473.28,2485.23,96519.23
2909,306,2026-04-23T12:48:00,1,28.0255,195301.69,11271.12,6922.72,196973.59
2910,211,2026-04-17T16:10:00,1,6.0918,43439.91,64.65,1498.02,43932.92
2911,483,2026-04-02T18:22:00,1,9.9881,69286.08,3285.01,1949.42,70426.37
2912,186,2026-04-23T11:58:00,1,20.4986,141283.16,6678.28,5019.4,142115.47
2913,384,2026-04-01T20:40:00,1,139.1589,13868.78,1135.74,388.15,13806.42
2914,456,2026-04-16T20:23:00,1,2.4701,19351.63,1696.79,580.6,19014.78
2915,328,2026-04-12T19:13:00,1,3.0974,24273.28,2145.08,888.54,24319.39
2916,483,2026-04-08T20:49:00,1,9.9881,68774.71,3249.98,1893.36,70426.37
2917,435,2026-04-15T17:38:00,1,21.1293,162509.48,11984.98,5441.49,164735.59
2918,324,2026-04-06T16:44:00,1,11.2024,86053.93,6051.21,2603.47,86023.64
2919,370,2026-04-27T14:14:00,1,9.1394,65420.18,98.6,2371.12,65899.15
2920,70,2026-04-08T14:02:00,1,30.9727,2993.31,152.49,79.97,2738.64
2921,250,2026-04-13T16:02:00,1,77.1732,7925.68,850.44,207.86,8120.8
2922,273,2026-04-06T10:48:00,1,5.1573,38444.95,1613.73,1229.17,38716.4
2923,270,2026-04-26T15:02:00,1,4.256,33141.62,2775.66,1210.51,33198.81
2924,54,2026-04-01T10:22:00,1,23.9682,185072.54,14356.16,5107.34,187282.13
2925,343,2026-04-28T12:57:00,1,12.5555,87264.24,4791.81,3329.15,87744.14
2926,298,2026-04-22T20:05:00,1,12.0285,89637.88,3895.48,3398.39,89544.49
2927,457,2026-04-16T15:59:00,1,28.4822,2759.54,147.15,100.38,2777.92
2928,377,2026-04-25T15:30:00,1,10.3794,80018.19,5931.38,2928.82,79835.86
2929,107,2026-04-11T11:13:00,1,29.1472,203590.83,10948.82,5896.4,203805.95
2930,116,2026-04-23T11:58:00,1,4.3399,34232.2,3331.07,938.4,33950.86
2931,379,2026-04-17T18:18:00,1,2.4927,19212.4,1463.7,517.94,19172.38
2932,135,2026-04-05T20:36:00,1,22.9212,2317.16,222.16,88.69,2313.05
2933,82,2026-04-23T19:55:00,1,61.9363,6458.57,790.16,247.25,5874.53
2934,99,2026-04-06T09:24:00,1,19.3079,135272.94,7680.74,4075.48,135735.36
2935,98,2026-04-27T14:13:00,1,6.3389,44509.5,2732.54,1705.12,44080.64
2936,197,2026-04-21T19:50:00,1,3.3083,25681.72,2107.07,785.53,26110.51
2937,384,2026-04-16T19:07:00,1,139.1589,13958.08,1194.43,401.04,13806.42
2938,284,2026-04-02T16:17:00,1,22.3956,156110.95,8121.5,5362.57,156327.4
2939,57,2026-04-27T14:14:00,1,19.0088,136040.71,180.06,4328.17,135836.68
2940,456,2026-04-18T19:35:00,1,2.4701,19401.62,1749.99,688.44,19014.78
2941,172,2026-04-05T12:49:00,1,27.5585,2643.24,124.39,90.0,2681.44
2942,204,2026-04-06T13:42:00,1,23.1628,2346.22,227.06,61.79,2149.33
2943,212,2026-04-08T19:23:00,1,170.6976,17041.33,1384.95,593.33,15848.48
2944,204,2026-04-03T16:02:00,1,23.1628,2344.25,223.0,68.32,2149.33
2945,192,2026-04-11T11:59:00,1,4.2888,30179.89,1834.01,800.7,30519.56
2946,333,2026-04-22T20:17:00,1,52.5275,5381.0,575.78,143.71,5435.85
2947,39,2026-04-03T14:21:00,1,38.8962,3956.22,394.11,147.78,3941.11
2948,229,2026-04-09T10:36:00,1,16.1684,112378.06,5550.37,4219.44,114144.12
2949,384,2026-04-13T14:28:00,1,139.1589,13891.94,1133.85,393.25,13806.42
2950,293,2026-04-16T16:51:00,1,22.9979,160790.49,8490.58,4496.71,161801.15
2951,1,2026-04-26T15:10:00,1,4.1528,32325.62,2695.97,932.48,33069.85
2952,355,2026-04-01T16:06:00,1,34.4809,3533.28,378.28,129.66,3345.31
2953,73,2026-04-24T10:12:00,1,10.0421,75060.42,3317.35,2065.35,75087.54
2954,305,2026-04-08T18:25:00,1,24.7258,191626.62,15582.88,5960.35,193918.09
2955,246,2026-04-18T09:36:00,1,84.5028,8434.77,685.02,264.94,7735.34
2956,279,2026-04-16T16:57:00,1,3.3772,26208.6,2070.33,726.28,26519.97
2957,259,2026-04-08T11:08:00,1,3.1863,24728.96,2043.01,823.59,24958.48
2958,234,2026-04-21T16:21:00,1,16.4047,114414.66,6095.9,4048.84,115501.01
2959,371,2026-04-19T16:41:00,1,3.5364,27964.56,2705.12,907.31,27587.51
2960,291,2026-04-14T12:40:00,1,2.3094,17956.98,1456.8,652.92,18316.84
2961,365,2026-04-19T13:12:00,1,7.5425,53955.27,81.46,1863.51,53540.84
2962,63,2026-04-20T14:19:00,1,12.9209,89465.85,4153.02,3172.06,91101.24
2963,101,2026-04-01T18:40:00,1,6.4304,45160.93,2805.62,1544.64,45333.33
2964,178,2026-04-06T11:07:00,1,4.4698,31441.8,1904.07,863.16,31553.38
2965,313,2026-04-03T14:31:00,1,10.3132,71726.24,3802.99,1857.78,72898.75
2966,430,2026-04-13T19:29:00,1,7.8341,54444.75,2990.93,1590.86,55613.16
2967,426,2026-04-30T09:00:00,1,38.3169,3950.16,439.95,101.47,3943.04
2968,75,2026-04-14T13:19:00,1,5.2811,37452.75,2599.02,1181.36,37112.22
2969,291,2026-04-22T13:36:00,1,2.3094,18041.95,1579.92,576.51,18316.84
2970,239,2026-04-19T10:26:00,1,20.6013,142918.01,7138.55,4224.9,142380.11
2971,435,2026-04-07T20:02:00,1,21.1293,163265.86,12387.66,4905.94,164735.59
2972,137,2026-04-28T12:22:00,1,19.0534,146841.03,11044.78,3802.46,148541.66
2973,168,2026-04-23T18:47:00,1,22.6916,2290.98,214.24,64.49,2348.48
2974,204,2026-04-09T16:28:00,1,23.1628,2358.67,234.64,78.99,2149.33
2975,44,2026-04-04T14:08:00,1,4.73,33614.72,2291.43,1103.82,33944.67
2976,304,2026-04-23T09:44:00,1,23.2115,160348.54,7929.3,4763.96,163176.85
2977,196,2026-04-19T14:22:00,1,29.6387,3011.94,294.37,77.41,2814.98
2978,60,2026-04-06T19:13:00,1,6.9398,48652.24,2792.03,1533.63,48538.28
2979,227,2026-04-10T14:39:00,1,14.5655,112217.75,8275.72,2985.33,114409.44
2980,155,2026-04-30T18:48:00,1,43.3929,4193.25,218.03,152.97,4213.46
2981,178,2026-04-20T15:42:00,1,4.4698,31481.31,1968.56,1177.69,31553.38
2982,232,2026-04-08T13:55:00,1,38.8965,3754.24,186.65,111.99,3473.25
2983,479,2026-04-30T20:16:00,1,24.1015,185803.75,13859.79,5283.14,187108.32
2984,419,2026-04-03T10:25:00,1,3.1838,22316.49,1347.82,658.53,22366.68
2985,304,2026-04-30T18:15:00,1,23.2115,161230.64,8292.16,4632.27,163176.85
2986,444,2026-04-23T18:28:00,1,21.3326,148211.92,8130.55,4284.59,149570.04
2987,152,2026-04-08T15:16:00,1,14.682,101533.73,5215.7,2949.7,103061.96
2988,9,2026-04-17T20:35:00,1,3.5458,27857.72,2610.67,1011.53,27738.73
2989,92,2026-04-05T17:26:00,1,13.6036,94026.68,4498.94,3121.17,94779.98
2990,69,2026-04-20T12:36:00,1,62.0656,6470.04,778.0,225.55,6460.93
2991,356,2026-04-27T17:37:00,1,10.5422,78743.63,3395.89,2792.48,78802.91
2992,457,2026-04-30T10:00:00,1,28.4822,2745.1,135.85,79.03,2777.92
2993,475,2026-04-25T20:11:00,1,4.7599,33313.16,1931.0,907.86,33455.21
2994,62,2026-04-28T14:19:00,1,4.7149,36890.14,3286.39,964.86,37523.03
2995,478,2026-04-28T19:45:00,1,4.5452,35587.74,3193.46,998.83,35575.85
2996,418,2026-04-14T18:08:00,1,23.6409,182726.56,13817.29,5783.21,183599.47
2997,457,2026-04-25T09:19:00,1,28.4822,2745.28,131.75,78.87,2777.92
2998,148,2026-04-19T10:09:00,1,2.6633,20731.04,1707.89,611.49,20944.68
2999,385,2026-04-20T09:09:00,1,45.0218,4639.33,510.38,122.01,4324.75
3000,477,2026-04-24T10:13:00,1,13.4506,94634.29,5494.2,2551.81,94914.32
3001,391,2026-04-28T14:33:00,1,39.395,3802.47,195.46,139.13,3858.69
3002,376,2026-04-20T14:40:00,1,28.2449,198098.29,11605.69,5910.03,200448.88
3003,360,2026-04-27T15:51:00,1,6.8958,48189.77,2742.52,1235.09,48223.19
3004,44,2026-04-30T10:16:00,1,4.73,33325.4,2159.86,946.29,33944.67
3005,376,2026-04-12T20:20:00,1,28.2449,199073.85,11987.54,5578.28,200448.88
3006,211,2026-04-13T17:35:00,1,6.0918,43471.83,57.52,1153.21,43932.92
3007,196,2026-04-02T11:12:00,1,29.6387,3030.26,319.21,89.08,2814.98
3008,442,2026-04-14T11:02:00,1,22.5468,173693.75,12601.6,5937.82,176097.65
3009,457,2026-04-08T11:16:00,1,28.4822,2746.11,133.72,86.38,2777.92
3010,217,2026-04-07T12:42:00,1,32.1275,3272.57,331.3,84.56,3280.44
3011,240,2026-04-23T20:43:00,1,5.1622,38434.25,1678.15,1232.08,38618.57
3012,427,2026-04-22T09:02:00,1,60.6339,6259.3,712.51,226.06,5914.73
3013,295,2026-04-26T14:45:00,1,14.8897,104158.85,5629.98,3932.43,104285.45
3014,377,2026-04-29T15:48:00,1,10.3794,79892.88,5780.33,2925.08,79835.86
3015,311,2026-04-02T10:41:00,1,6.7935,50507.04,2023.05,1813.22,51184.74
3016,353,2026-04-16T16:16:00,1,5.7849,40594.91,2285.34,1187.86,40515.33
3017,101,2026-04-02T09:09:00,1,6.4304,44962.24,2470.35,1635.31,45333.33
3018,122,2026-04-18T09:10:00,1,4.447,35074.7,3295.9,1272.66,35554.5
3019,87,2026-04-27T15:25:00,1,5.8771,41409.39,2675.95,1560.61,41296.96
3020,180,2026-04-06T11:12:00,1,21.5984,151706.3,8977.81,4537.64,148955.68
3021,107,2026-04-05T12:00:00,1,29.1472,202943.91,11120.94,5593.64,203805.95
3022,73,2026-04-01T10:13:00,1,10.0421,74504.59,2978.53,2289.99,75087.54
3023,109,2026-04-29T12:16:00,1,38.1991,3844.35,344.55,99.5,3663.12
3024,218,2026-04-15T10:42:00,1,41.5219,291560.21,17233.32,10203.44,292651.2
3025,479,2026-04-14T09:28:00,1,24.1015,187480.45,15280.29,5675.89,187108.32
3026,456,2026-04-14T18:22:00,1,2.4701,19138.95,1490.6,607.15,19014.78
3027,400,2026-04-27T09:11:00,1,27.1971,2757.25,261.92,102.3,2604.31
3028,148,2026-04-21T11:58:00,1,2.6633,20664.64,1686.2,543.84,20944.68
3029,124,2026-04-24T16:10:00,1,16.7443,129835.91,10210.78,4602.77,128948.28
3030,126,2026-04-01T11:02:00,1,5.5909,39199.15,2373.4,1363.12,39847.32
3031,69,2026-04-18T18:51:00,1,62.0656,6406.44,714.4,169.59,6460.93
3032,395,2026-04-26T10:29:00,1,3.4824,27527.6,2681.16,976.22,27108.2
3033,382,2026-04-06T11:18:00,1,52.9414,5421.48,577.87,184.72,5290.2
3034,29,2026-04-29T20:26:00,1,13.1621,101679.14,7697.14,3174.79,103492.16
3035,487,2026-04-27T16:46:00,1,139.4639,13857.73,1061.92,511.4,13934.72
3036,414,2026-04-04T19:44:00,1,3.8752,30582.44,2892.59,969.36,30827.66
3037,265,2026-04-11T18:50:00,1,20.2554,2072.93,215.71,64.05,1896.91
3038,444,2026-04-20T13:03:00,1,21.3326,148969.82,8117.06,4162.34,149570.04
3039,204,2026-04-12T16:09:00,1,23.1628,2356.81,238.11,67.19,2149.33
3040,420,2026-04-22T17:55:00,1,5.4005,42253.25,3757.03,1161.91,42365.92
3041,494,2026-04-03T09:51:00,1,3.4802,24386.59,1465.82,723.14,24604.21
3042,312,2026-04-26T17:18:00,1,22.4573,156761.31,8155.74,4786.17,159340.48
3043,379,2026-04-09T11:15:00,1,2.4927,19565.93,1754.69,682.39,19172.38
3044,260,2026-04-08T10:50:00,1,24.8355,171841.39,8913.56,5391.96,174878.99
3045,100,2026-04-04T09:07:00,1,3.7986,26562.32,1407.0,709.22,26721.43
3046,283,2026-04-15T20:22:00,1,29.6388,3042.18,324.01,79.51,2996.9
3047,367,2026-04-18T18:03:00,1,9.0261,64590.33,88.74,2412.65,65124.45
3048,356,2026-04-30T16:54:00,1,10.5422,78846.95,3637.21,2925.6,78802.91
3049,28,2026-04-28T09:51:00,1,12.4734,93150.11,4250.44,2732.02,93249.78
3050,335,2026-04-30T10:37:00,1,17.4016,120413.81,5756.23,3315.41,121123.7
3051,330,2026-04-20T18:20:00,1,4.6319,32343.85,1760.8,974.96,32722.75
3052,392,2026-04-29T10:11:00,1,61.6451,6446.46,798.54,174.06,6495.48
3053,94,2026-04-05T20:16:00,1,58.6439,6120.82,760.77,230.76,6179.76
3054,133,2026-04-08T09:23:00,1,14.5876,112714.69,8853.31,3147.77,113326.2
3055,456,2026-04-10T11:24:00,1,2.4701,19120.14,1493.06,517.13,19595.24
3056,361,2026-04-11T19:24:00,1,4.8008,37706.8,3484.97,1091.11,37945.28
3057,453,2026-04-07T09:44:00,1,24.0131,187056.34,15585.76,6560.53,188274.4
3058,288,2026-04-27T13:19:00,1,14.593,108685.19,4385.37,4140.35,109109.53
3059,236,2026-04-29T17:53:00,1,45.6461,4774.2,592.1,123.35,4839.22
3060,277,2026-04-16T14:00:00,1,56.7869,5891.1,682.61,194.56,5388.83
3061,144,2026-04-15T14:39:00,1,7.8189,54485.73,2827.82,1510.75,55403.35
3062,363,2026-04-13T10:39:00,1,13.8933,107792.48,8779.38,3703.72,109183.11
3063,409,2026-04-28T16:31:00,1,46.9191,4747.57,451.66,169.43,4742.35
3064,137,2026-04-20T15:40:00,1,19.0534,147604.57,11893.87,4121.89,148541.66
3065,349,2026-04-07T20:20:00,1,3.9789,30822.57,2410.4,1135.32,30859.88
3066,221,2026-04-08T16:30:00,1,12.4688,92580.75,3804.89,2906.12,93644.97
3067,170,2026-04-26T18:09:00,1,3.1856,24662.99,1934.18,919.29,25271.83
3068,9,2026-04-14T17:05:00,1,3.5458,27607.84,2273.84,847.89,27738.73
3069,76,2026-04-26T14:36:00,1,36.1511,254721.93,15501.06,6611.45,253596.23
3070,386,2026-04-30T10:04:00,1,6.0161,41881.22,2241.68,1389.8,42664.58
3071,172,2026-04-30T15:13:00,1,27.5585,2672.47,147.84,100.19,2681.44
3072,24,2026-04-05T19:44:00,1,6.8653,47978.11,2796.33,1422.18,48746.72
3073,310,2026-04-13T19:46:00,1,30.6255,213320.93,12174.79,6128.25,214170.23
3074,433,2026-04-05T18:46:00,1,2.1387,16683.14,1430.68,463.89,16795.95
3075,158,2026-04-22T15:24:00,1,35.8635,252700.72,15857.81,7050.99,253196.23
3076,41,2026-04-11T09:41:00,1,3.6873,25893.47,1523.07,869.52,25728.91
3077,356,2026-04-18T20:06:00,1,10.5422,78601.14,3265.31,2207.91,78802.91
3078,120,2026-04-21T09:17:00,1,3.0118,23586.23,2124.41,860.83,23993.62
3079,306,2026-04-18T11:04:00,1,28.0255,196947.71,11398.72,5607.68,196973.59
3080,437,2026-04-21T10:53:00,1,4.6132,35833.63,2960.38,1307.44,36178.81
3081,93,2026-04-26T17:42:00,1,10.8246,80402.33,3170.32,2829.32,80998.56
3082,484,2026-04-29T11:55:00,1,8.7331,64935.49,2578.1,1971.95,64838.82
3083,232,2026-04-18T15:19:00,1,38.8965,3758.46,191.26,120.25,3473.25
3084,475,2026-04-01T17:20:00,1,4.7599,33105.34,1753.16,1094.48,33455.21
3085,140,2026-04-18T13:48:00,1,21.4836,2078.48,108.22,63.57,2063.66
3086,72,2026-04-27T15:11:00,1,10.2814,71601.19,3840.9,1833.87,71565.41
3087,304,2026-04-30T16:40:00,1,23.2115,161066.53,8128.05,6045.67,163176.85
3088,280,2026-04-16T14:49:00,1,57.5885,5828.48,546.46,172.61,5785.46
3089,393,2026-04-13T15:47:00,1,5.8217,40928.49,2691.97,1195.38,40589.86
3090,166,2026-04-25T20:08:00,1,42.0913,296055.04,18545.84,9836.77,298034.29
3091,117,2026-04-10T11:45:00,1,31.0203,2996.52,160.02,81.0,2758.76
3092,494,2026-04-14T12:11:00,1,3.4802,24631.08,1662.77,687.0,24604.21
3093,9,2026-04-10T11:39:00,1,3.5458,27879.94,2576.47,729.95,27738.73
3094,135,2026-04-18T13:46:00,1,22.9212,2318.34,216.24,88.21,2313.05
3095,260,2026-04-17T20:55:00,1,24.8355,173176.27,9417.44,5693.15,174878.99
3096,61,2026-04-03T11:52:00,1,13.7262,95587.21,5185.77,3199.49,97468.86
3097,405,2026-04-14T18:17:00,1,69.8843,7256.19,853.39,240.93,7338.21
3098,307,2026-04-23T17:44:00,1,20.694,159829.32,12483.07,5424.86,159864.7
3099,106,2026-04-04T12:56:00,1,25.5639,180533.02,11242.23,4667.64,181086.15
3100,231,2026-04-14T20:10:00,1,16.9595,131164.24,9992.17,4596.0,131187.83
3101,376,2026-04-01T12:47:00,1,28.2449,196866.12,10824.59,5916.28,200448.88
3102,87,2026-04-18T12:55:00,1,5.8771,41468.93,2558.3,1350.35,41296.96
3103,53,2026-04-01T11:17:00,1,39.5475,3809.29,190.69,99.78,3823.01
3104,131,2026-04-29T20:00:00,1,9.6225,68804.81,96.79,1968.32,68370.63
3105,496,2026-04-12T15:53:00,1,11.1941,83592.18,3620.19,2313.12,84505.86
3106,432,2026-04-20T18:03:00,1,12.1559,93395.72,6813.5,3321.42,95303.21
3107,33,2026-04-15T11:52:00,1,20.5951,143129.1,7061.39,4941.97,144592.47
3108,244,2026-04-25T12:11:00,1,15.9038,110820.5,5966.27,3183.21,111267.13
3109,450,2026-04-18T17:39:00,1,10.9034,1059.84,59.89,29.94,1046.78
3110,475,2026-04-13T12:13:00,1,4.7599,33232.59,1969.9,1226.26,33455.21
3111,435,2026-04-16T17:21:00,1,21.1293,163463.05,12443.07,5747.59,164735.59
3112,338,2026-04-04T15:11:00,1,10.8588,81331.65,3741.18,3085.11,82027.98
3113,211,2026-04-15T13:49:00,1,6.0918,43453.9,56.1,1353.84,43932.92
3114,59,2026-04-01T19:32:00,1,17.543,125144.15,192.03,3507.84,124660.4
3115,422,2026-04-06T18:09:00,1,43.7528,4414.31,411.37,125.75,4400.94
3116,54,2026-04-22T12:22:00,1,23.9682,185349.39,14497.59,5950.4,187282.13
3117,477,2026-04-06T10:33:00,1,13.4506,93956.92,5071.45,3126.99,94914.32
3118,256,2026-04-11T20:01:00,1,3.4873,27219.88,2361.15,963.11,26890.68
3119,216,2026-04-29T19:02:00,1,3.2471,25450.34,2264.91,777.16,25710.38
3120,225,2026-04-25T18:10:00,1,26.4171,185550.5,11381.77,5629.42,187721.1
3121,4,2026-04-21T10:54:00,1,11.895,84891.14,128.44,2758.05,85807.67
3122,347,2026-04-27T18:08:00,1,8.607,64141.94,2625.56,2274.48,64522.39
3123,249,2026-04-20T16:58:00,1,17.3609,120637.79,6008.98,3721.05,121096.77
3124,269,2026-04-23T15:37:00,1,4.0936,28390.73,1509.94,1079.28,29392.39
3125,454,2026-04-18T13:22:00,1,40.6398,4145.12,418.04,134.82,4115.87
3126,352,2026-04-16T20:52:00,1,5.1549,36066.75,1929.25,1235.18,36627.39
3127,389,2026-04-05T20:52:00,1,19.9391,139934.71,8711.9,4257.37,140278.17
3128,212,2026-04-18T14:36:00,1,170.6976,16988.71,1334.03,472.06,15848.48
3129,442,2026-04-04T13:39:00,1,22.5468,173655.54,12549.64,5441.88,176097.65
3130,271,2026-04-19T14:20:00,1,4.3867,34443.8,3110.92,1301.67,34477.91
3131,120,2026-04-20T19:00:00,1,3.0118,23464.47,2012.47,731.39,23993.62
3132,407,2026-04-15T18:55:00,1,9.1757,63986.48,3364.47,2364.2,64487.06
3133,324,2026-04-01T11:48:00,1,11.2024,86438.01,6647.57,2906.97,86023.64
3134,329,2026-04-14T13:04:00,1,18.6736,144450.68,11031.73,5525.57,145833.14
3135,407,2026-04-15T09:35:00,1,9.1757,63881.1,3259.09,1959.45,64487.06
3136,2,2026-04-18T19:43:00,1,5.3919,37976.6,2278.34,1194.49,38149.13
3137,266,2026-04-09T18:18:00,1,3.1433,24686.35,2226.34,848.6,25026.34
3138,216,2026-04-09T18:51:00,1,3.2471,25281.59,2079.89,811.94,25710.38
3139,270,2026-04-28T12:18:00,1,4.256,33194.49,2861.38,1024.39,33198.81
3140,447,2026-04-15T12:25:00,1,35.9406,252604.74,15152.38,8503.41,254909.66
3141,391,2026-04-19T15:18:00,1,39.395,3810.54,198.41,123.56,3858.69
3142,414,2026-04-19T14:00:00,1,3.8752,30410.32,2730.93,881.74,30827.66
3143,422,2026-04-20T15:56:00,1,43.7528,4420.93,408.36,149.39,4400.94
3144,6,2026-04-11T09:10:00,1,11.7587,87932.86,4112.61,2384.2,88506.8
3145,212,2026-04-05T15:18:00,1,170.6976,17093.3,1491.54,446.14,15848.48
3146,296,2026-04-20T17:11:00,1,106.5754,10695.14,921.11,276.27,10695.11
3147,144,2026-04-18T10:49:00,1,7.8189,55102.96,3336.21,1663.54,55403.35
3148,119,2026-04-01T17:12:00,1,3.7223,26211.68,1693.89,852.07,26552.84
3149,465,2026-04-22T13:42:00,1,6.5188,45816.54,2766.32,1366.36,45599.09
3150,435,2026-04-18T20:30:00,1,21.1293,163799.57,12807.06,5490.78,164735.59
3151,140,2026-04-27T17:22:00,1,21.4836,2086.16,115.04,79.97,2063.66
3152,221,2026-04-28T16:50:00,1,12.4688,92646.67,3779.79,2548.9,93644.97
3153,196,2026-04-30T09:43:00,1,29.6387,2982.7,267.5,76.38,2814.98
3154,183,2026-04-24T10:37:00,1,18.2712,127878.09,6790.83,4384.81,129006.3
3155,472,2026-04-28T12:01:00,1,13.3279,92470.68,4924.64,2788.49,92236.75
3156,484,2026-04-12T13:49:00,1,8.7331,65121.97,2731.66,1748.05,64838.82
3157,302,2026-04-07T19:54:00,1,24.6146,171711.77,9175.9,6547.02,173269.35
3158,477,2026-04-10T17:48:00,1,13.4506,93531.86,5041.71,3076.2,94914.32
3159,257,2026-04-30T10:33:00,1,3.6998,25922.99,1545.34,670.1,26155.07
3160,253,2026-04-06T09:01:00,1,12.2356,91229.79,3848.4,3086.04,91721.49
3161,61,2026-04-21T20:07:00,1,13.7262,96109.74,5476.88,2986.6,97468.86
3162,27,2026-04-08T13:08:00,1,5.6731,39653.29,2436.17,1165.17,40006.98
3163,320,2026-04-20T13:42:00,1,11.7703,87932.28,4096.55,2693.85,88241.28
3164,182,2026-04-14T14:10:00,1,12.8188,91717.32,129.69,3438.74,92483.25
3165,161,2026-04-02T11:07:00,1,28.3219,198754.82,11604.55,7091.31,197778.07
3166,172,2026-04-30T16:08:00,1,27.5585,2658.13,133.5,88.37,2681.44
3167,168,2026-04-30T11:07:00,1,22.6916,2302.31,223.53,64.19,2348.48
3168,324,2026-04-01T19:41:00,1,11.2024,86285.75,6495.31,2446.88,86023.64
3169,350,2026-04-10T16:19:00,1,40.4539,3898.93,199.83,101.28,3900.46
3170,257,2026-04-29T19:50:00,1,3.6998,25832.39,1447.01,840.25,26155.07
3171,173,2026-04-12T14:10:00,1,17.1759,119896.89,6128.54,3991.37,120399.88
3172,53,2026-04-28T12:20:00,1,39.5475,3831.52,210.55,109.45,3823.01
3173,4,2026-04-16T13:21:00,1,11.895,85145.37,126.81,3236.29,85807.67
3174,388,2026-04-12T18:03:00,1,12.1851,87166.8,114.98,2416.93,87746.43
3175,2,2026-04-24T11:05:00,1,5.3919,37781.86,2048.55,1028.98,38149.13
3176,494,2026-04-28T16:15:00,1,3.4802,24290.93,1430.78,844.82,24604.21
3177,490,2026-04-25T16:31:00,1,5.6869,39832.4,2338.5,1342.6,40314.64
3178,84,2026-04-14T17:46:00,1,13.5748,94599.77,5010.03,3070.87,95463.21
3179,132,2026-04-20T19:20:00,1,8.3701,58104.86,2839.6,1726.21,59029.06
3180,296,2026-04-11T13:10:00,1,106.5754,10568.4,796.5,349.61,10695.11
3181,362,2026-04-27T14:06:00,1,198.9095,19792.3,1542.35,687.27,20107.23
3182,216,2026-04-04T14:39:00,1,3.2471,25691.87,2490.04,765.48,25710.38
3183,47,2026-04-15T09:33:00,1,4.4362,30929.74,1620.65,924.82,30937.05
3184,454,2026-04-21T10:16:00,1,40.6398,4090.98,369.59,120.88,4115.87
3185,239,2026-04-15T14:40:00,1,20.6013,143041.17,6932.5,4525.35,142380.11
3186,115,2026-04-12T17:46:00,1,15.2051,108787.39,160.33,3199.31,108495.55
3187,396,2026-04-28T16:07:00,1,24.6006,2381.15,128.72,64.38,2384.32
3188,189,2026-04-19T18:29:00,1,10.9377,76078.72,3990.31,2732.29,76878.67
3189,107,2026-04-09T12:02:00,1,29.1472,203190.47,10609.38,7545.82,203805.95
3190,177,2026-04-08T12:12:00,1,21.5109,150131.02,9013.49,4870.14,149601.12
3191,67,2026-04-17T10:44:00,1,5.6959,39975.76,2418.48,1065.92,39838.42
3192,107,2026-04-08T18:11:00,1,29.1472,203010.77,11796.98,6551.34,203805.95
3193,227,2026-04-30T17:56:00,1,14.5655,111843.41,7930.8,3542.39,114409.44
3194,94,2026-04-26T11:30:00,1,58.6439,6124.34,761.94,162.14,6179.76
3195,291,2026-04-16T17:27:00,1,2.3094,17916.18,1409.93,524.07,18316.84
3196,99,2026-04-11T10:28:00,1,19.3079,135218.72,7607.4,4004.14,135735.36
3197,369,2026-04-10T12:59:00,1,3.836,26743.01,1506.35,969.33,27004.67
3198,174,2026-04-24T17:03:00,1,36.7959,258463.22,14608.7,9303.58,261235.38
3199,55,2026-04-17T15:43:00,1,41.8192,293535.66,17790.73,7917.97,296351.07
3200,256,2026-04-07T16:05:00,1,3.4873,27074.49,2172.69,994.39,27499.72
3201,392,2026-04-16T11:37:00,1,61.6451,6385.35,731.26,194.43,6495.48
3202,432,2026-04-13T13:14:00,1,12.1559,94054.36,7423.15,2486.41,95303.21
3203,112,2026-04-27T18:16:00,1,3.2447,25255.89,2065.21,836.53,25379.69
3204,472,2026-04-13T14:03:00,1,13.3279,92321.92,4785.21,2871.59,92236.75
3205,325,2026-04-19T20:02:00,1,16.9172,118023.33,6525.11,4215.3,119145.47
3206,61,2026-04-02T16:14:00,1,13.7262,95951.94,5249.62,3136.91,97468.86
3207,308,2026-04-01T19:45:00,1,22.5917,158353.33,9547.9,4528.05,158490.58
3208,181,2026-04-06T18:26:00,1,19.7854,141480.66,181.84,3775.81,142839.21
3209,353,2026-04-17T19:18:00,1,5.7849,40361.14,2217.01,1181.77,40515.33
3210,206,2026-04-09T17:19:00,1,25.6022,180419.33,11260.73,5807.13,179409.86
3211,330,2026-04-25T18:46:00,1,4.6319,32553.75,2015.49,1183.13,32722.75
3212,244,2026-04-19T14:52:00,1,15.9038,110706.26,5887.18,3075.96,111267.13
3213,413,2026-04-29T18:22:00,1,9.2313,68862.98,2948.27,2322.71,69692.43
3214,402,2026-04-17T10:53:00,1,3.1346,21828.9,1160.16,703.64,21687.27
3215,316,2026-04-02T20:37:00,1,4.8799,38023.7,3196.73,1008.19,37802.56
3216,246,2026-04-24T19:54:00,1,84.5028,8413.28,681.27,286.49,7735.34
3217,336,2026-04-27T17:34:00,1,106.314,10532.35,778.04,288.19,10623.18
3218,101,2026-04-21T10:29:00,1,6.4304,45087.29,2627.94,1650.49,45333.33
3219,8,2026-04-30T13:58:00,1,4.5632,35639.06,3084.46,1177.22,36048.01
3220,140,2026-04-30T13:50:00,1,21.4836,2071.85,103.74,55.66,2063.66
3221,492,2026-04-07T11:33:00,1,5.5826,43713.29,3849.56,1544.61,43858.87
3222,207,2026-04-17T12:40:00,1,13.2941,98575.46,3917.88,2753.46,98609.31
3223,18,2026-04-07T15:54:00,1,66.0832,6847.39,797.47,205.24,7010.81
3224,286,2026-04-04T18:31:00,1,25.0601,177059.39,11104.89,5842.95,176868.79
3225,445,2026-04-18T14:36:00,1,56.0557,5757.01,616.14,217.04,5771.96
3226,6,2026-04-29T18:42:00,1,11.7587,87965.63,4004.4,3082.75,88161.08
3227,487,2026-04-28T19:54:00,1,139.4639,13989.02,1219.71,487.07,13934.72
3228,90,2026-04-27T09:23:00,1,25.9884,181332.0,10053.63,5728.37,185674.24
3229,168,2026-04-05T15:37:00,1,22.6916,2303.66,229.65,71.51,2348.48
3230,111,2026-04-08T19:53:00,1,8.7362,65176.59,2976.24,1980.26,65471.14
3231,349,2026-04-11T09:48:00,1,3.9789,31075.79,2712.76,1009.72,30859.88
3232,384,2026-04-15T19:20:00,1,139.1589,13978.22,1215.96,359.97,13806.42
3233,104,2026-04-05T20:07:00,1,47.6116,4844.32,492.62,125.25,4803.13
3234,66,2026-04-19T09:15:00,1,14.0417,100428.8,133.15,3322.34,100611.13
3235,457,2026-04-18T16:19:00,1,28.4822,2743.85,131.75,90.38,2777.92
3236,72,2026-04-21T12:46:00,1,10.2814,71749.16,3862.0,2157.81,71565.41
3237,227,2026-04-02T14:52:00,1,14.5655,112819.94,8868.59,3884.74,114409.44
3238,285,2026-04-26T10:02:00,1,15.0484,104841.16,5262.14,3357.99,104994.48
3239,152,2026-04-11T12:45:00,1,14.682,101724.97,4687.52,2780.76,103061.96
3240,246,2026-04-07T20:50:00,1,84.5028,8398.79,662.56,312.38,7735.34
3241,419,2026-04-17T15:08:00,1,3.1838,22265.7,1272.55,678.05,22366.68
3242,486,2026-04-15T17:46:00,1,25.5385,2459.08,116.94,84.68,2478.69
3243,319,2026-04-13T12:51:00,1,72.4721,7525.79,881.55,212.79,7444.73
3244,329,2026-04-02T17:20:00,1,18.6736,144932.11,11661.99,4872.75,145833.14
3245,465,2026-04-25T14:40:00,1,6.5188,45764.28,2785.64,1423.57,45599.09
3246,156,2026-04-15T14:55:00,1,40.2472,3898.97,207.9,104.1,3570.93
3247,204,2026-04-27T18:11:00,1,23.1628,2351.05,225.86,77.79,2316.44
3248,189,2026-04-12T15:18:00,1,10.9377,76845.53,4397.27,2081.04,76878.67
3249,132,2026-04-13T19:08:00,1,8.3701,58171.24,3197.01,1945.95,59029.06
3250,447,2026-04-17T11:29:00,1,35.9406,253318.88,16335.91,8013.91,254909.66
3251,15,2026-04-28T19:24:00,1,47.6096,4802.7,443.57,159.5,4864.61
3252,218,2026-04-01T11:33:00,1,41.5219,290385.55,16892.01,8360.78,292651.2
3253,46,2026-04-13T20:43:00,1,3.1675,24759.15,2185.39,715.1,25049.19
3254,220,2026-04-03T20:29:00,1,39.659,3811.82,179.85,102.7,3876.63
3255,172,2026-04-21T19:58:00,1,27.5585,2672.12,148.59,79.86,2681.44
3256,160,2026-04-14T14:07:00,1,41.4832,4331.17,530.48,113.25,4277.48
3257,22,2026-04-07T11:31:00,1,13.9576,104284.82,4617.65,3399.67,104306.81
3258,115,2026-04-01T12:27:00,1,15.2051,108445.03,144.88,3451.65,108495.55
3259,72,2026-04-30T13:40:00,1,10.2814,71598.8,3855.58,2632.42,71565.41
3260,138,2026-04-22T18:14:00,1,3.6759,28482.52,2279.71,771.46,29060.19
3261,316,2026-04-11T18:26:00,1,4.8799,38402.64,3616.96,1438.56,37802.56
3262,307,2026-04-26T13:44:00,1,20.694,158935.06,11286.27,5076.35,159864.7
3263,403,2026-04-28T19:44:00,1,49.0885,5026.41,531.87,184.02,5031.23
3264,488,2026-04-01T17:48:00,1,4.4681,31468.83,2038.66,875.34,31759.9
3265,457,2026-04-09T13:55:00,1,28.4822,2766.72,154.9,88.86,2777.92
3266,170,2026-04-25T20:15:00,1,3.1856,24999.92,2261.52,675.8,25271.83
3267,443,2026-04-27T16:08:00,1,15.7014,122145.59,9923.76,3967.5,123622.15
3268,451,2026-04-16T12:01:00,1,13.8323,96078.74,4476.55,2786.6,96519.23
3269,341,2026-04-14T10:50:00,1,23.4326,165092.45,10444.09,6254.72,166136.18
3270,58,2026-04-25T13:49:00,1,55.451,5521.47,433.29,200.16,5047.45
3271,384,2026-04-25T12:37:00,1,139.1589,13955.74,1186.52,393.55,13806.42
3272,269,2026-04-25T16:13:00,1,4.0936,28634.11,1644.88,756.86,29392.39
3273,293,2026-04-16T17:14:00,1,22.9979,160939.81,8639.9,5659.75,161801.15
3274,389,2026-04-08T16:28:00,1,19.9391,138702.24,7896.16,4054.93,140278.17
3275,8,2026-04-27T09:38:00,1,4.5632,35649.54,3035.21,1018.74,36048.01
3276,7,2026-04-20T14:12:00,1,13.6765,102151.02,4738.1,3846.87,102782.02
3277,274,2026-04-27T09:11:00,1,4.3282,34047.43,3112.7,1054.27,33981.46
3278,292,2026-04-05T11:02:00,1,17.0016,118882.59,6992.0,3573.98,120190.48
3279,491,2026-04-09T12:57:00,1,28.3832,197386.55,9853.35,7194.05,199373.19
3280,47,2026-04-20T16:29:00,1,4.4362,30900.3,1609.4,1049.08,30937.05
3281,72,2026-04-01T09:03:00,1,10.2814,71152.71,3431.9,2076.06,71565.41
3282,377,2026-04-23T20:17:00,1,10.3794,80124.92,6221.1,2657.91,79835.86
3283,55,2026-04-19T12:53:00,1,41.8192,292186.05,16563.23,8492.46,296351.07
3284,295,2026-04-21T20:39:00,1,14.8897,103084.07,4768.72,3458.85,104285.45
3285,165,2026-04-04T11:48:00,1,34.0778,241286.47,15614.42,9029.43,240878.13
3286,147,2026-04-18T20:47:00,1,27.792,196731.17,12728.12,5107.23,193655.66
3287,298,2026-04-16T13:55:00,1,12.0285,89553.21,3580.47,2739.35,89544.49
3288,495,2026-04-19T14:05:00,1,22.3137,154729.92,7664.34,4324.18,155842.43
3289,265,2026-04-27T13:00:00,1,20.2554,2052.82,194.39,56.34,1896.91
3290,141,2026-04-27T12:11:00,1,2.1494,16868.41,1506.11,571.25,16856.21
3291,223,2026-04-04T09:02:00,1,5.2555,40942.99,3390.34,1482.3,42046.11
3292,103,2026-04-10T20:24:00,1,40.7114,284533.44,16697.21,8856.03,290443.66
3293,116,2026-04-02T15:28:00,1,4.3399,33995.76,3022.67,935.26,33950.86
3294,370,2026-04-21T11:49:00,1,9.1394,65211.9,85.36,2449.25,65899.15
3295,20,2026-04-02T12:25:00,1,10.7348,80112.44,3500.1,2850.14,79058.39
3296,475,2026-04-26T18:23:00,1,4.7599,33368.7,1871.25,912.13,33455.21
3297,105,2026-04-14T09:21:00,1,3.087,24246.5,2190.53,801.77,23973.36
3298,248,2026-04-16T10:31:00,1,12.1774,84994.4,4351.52,2208.52,84291.64
3299,130,2026-04-05T09:01:00,1,2.9689,23038.7,1865.54,825.1,22961.63
3300,425,2026-04-15T12:48:00,1,11.6469,86487.62,3515.45,2724.96,87666.76
3301,415,2026-04-02T10:06:00,1,4.4374,34871.0,3202.07,969.32,34410.05
3302,109,2026-04-18T20:32:00,1,38.1991,3909.14,405.9,128.41,3663.12
3303,253,2026-04-29T11:11:00,1,12.2356,90949.5,3583.03,2782.15,91721.49
3304,65,2026-04-01T20:49:00,1,7.9839,59576.61,2710.32,1718.77,59986.27
3305,149,2026-04-24T16:07:00,1,24.2917,187850.91,14305.42,5077.98,190817.31
3306,304,2026-04-06T10:30:00,1,23.2115,161588.97,8200.65,6190.15,163176.85
3307,445,2026-04-01T15:03:00,1,56.0557,5795.69,666.59,171.1,5771.96
3308,78,2026-04-27T11:11:00,1,3.8207,29835.2,2527.7,878.93,29924.02
3309,191,2026-04-05T11:21:00,1,10.7173,76530.48,98.45,2348.38,77465.39
3310,97,2026-04-07T10:09:00,1,12.0171,83903.71,4552.03,2437.78,83627.77
3311,391,2026-04-30T18:17:00,1,39.395,3823.15,214.17,133.62,3858.69
3312,163,2026-04-24T16:56:00,1,45.0083,4357.85,239.59,156.06,4378.61
3313,97,2026-04-13T11:26:00,1,12.0171,83231.9,4304.43,2352.59,83627.77
3314,341,2026-04-21T11:30:00,1,23.4326,164275.94,9552.59,4403.91,166136.18
3315,218,2026-04-03T13:46:00,1,41.5219,291433.08,17967.77,9708.88,292651.2
3316,298,2026-04-01T13:22:00,1,12.0285,89885.76,4211.33,3080.14,89544.49
3317,441,2026-04-23T10:24:00,1,5.6742,39741.29,2481.43,1292.09,40522.82
3318,21,2026-04-05T10:20:00,1,5.716,39724.15,2106.13,1309.29,40047.33
3319,494,2026-04-18T11:51:00,1,3.4802,24633.03,1591.6,895.96,24604.21
3320,230,2026-04-18T20:18:00,1,3.6613,28922.21,2758.12,1108.16,28608.91
3321,391,2026-04-20T13:30:00,1,39.395,3821.81,208.89,141.13,3858.69
3322,297,2026-04-14T17:43:00,1,28.6626,201904.16,12739.31,7516.14,202255.09
3323,224,2026-04-05T09:58:00,1,48.1507,4854.92,453.95,147.86,4971.13
3324,5,2026-04-17T13:01:00,1,4.2729,33430.5,3006.3,989.31,34025.72
3325,273,2026-04-24T17:05:00,1,5.1573,38406.4,1561.46,1386.74,38716.4
3326,302,2026-04-04T18:54:00,1,24.6146,171743.25,8738.97,5475.33,173269.35
3327,303,2026-04-05T09:25:00,1,14.7384,109434.66,4325.55,3222.84,111247.67
3328,305,2026-04-24T12:25:00,1,24.7258,192153.14,15506.34,6220.44,193918.09
3329,324,2026-04-24T14:14:00,1,11.2024,86922.44,6889.92,3152.69,86023.64
3330,148,2026-04-18T16:02:00,1,2.6633,20683.43,1651.17,645.2,20944.68
3331,270,2026-04-06T17:26:00,1,4.256,33145.67,2751.15,1092.09,33198.81
3332,170,2026-04-09T09:10:00,1,3.1856,24804.61,2042.35,682.0,25271.83
3333,36,2026-04-06T19:47:00,1,3.5236,27482.22,2318.18,959.23,27680.59
3334,79,2026-04-28T09:56:00,1,19.4648,134008.3,6151.23,4978.95,136167.4
3335,111,2026-04-25T09:35:00,1,8.7362,64995.66,2637.8,1714.6,65471.14
3336,277,2026-04-13T20:25:00,1,56.7869,5853.41,647.19,171.7,5388.83
3337,242,2026-04-08T09:33:00,1,137.6048,13742.59,1121.48,459.5,12769.12
3338,278,2026-04-19T10:07:00,1,14.5841,113389.54,9219.69,3727.35,113770.29
3339,135,2026-04-04T18:54:00,1,22.9212,2320.6,224.91,59.49,2313.05
3340,453,2026-04-03T19:09:00,1,24.0131,185472.33,14074.99,6535.67,188274.4
3341,438,2026-05-08T16:47:00,1,3.7537,26089.75,1393.03,833.03,26461.5
3342,443,2026-05-19T18:46:00,1,15.7014,120940.67,9747.28,4559.09,120762.4
3343,245,2026-05-24T09:34:00,1,39.8096,4182.37,498.39,109.46,4189.15
3344,424,2026-05-24T10:54:00,1,17.9523,125086.68,7293.92,4072.14,126786.76
3345,461,2026-05-30T13:24:00,1,4.6784,36496.14,3306.07,1158.55,36331.05
3346,131,2026-05-02T18:32:00,1,9.6225,68375.0,87.58,2556.77,68370.63
3347,147,2026-05-22T10:46:00,1,27.792,192676.54,11016.91,6004.26,193824.6
3348,445,2026-05-08T10:33:00,1,56.0557,5917.09,733.62,157.72,5771.96
3349,469,2026-05-03T17:41:00,1,3.5698,24685.12,1376.04,841.16,24959.42
3350,196,2026-05-23T18:51:00,1,29.6387,3018.95,282.11,96.65,2814.98
3351,165,2026-05-05T13:51:00,1,34.0778,238885.15,15666.02,6693.72,240878.13
3352,452,2026-05-22T14:48:00,1,17.8714,123588.08,6773.46,3738.12,127221.62
3353,128,2026-05-09T14:24:00,1,11.2314,79682.25,110.36,2070.43,79829.9
3354,307,2026-05-20T20:17:00,1,20.694,159236.76,12657.85,4654.06,159864.7
3355,459,2026-05-13T09:06:00,1,6.8639,50892.14,2166.55,1399.42,51697.62
3356,32,2026-05-18T20:01:00,1,9.8569,67655.96,3200.11,2495.14,68990.65
3357,432,2026-05-05T10:44:00,1,12.1559,93860.7,7594.53,3050.49,95303.21
3358,271,2026-05-05T17:28:00,1,4.3867,34459.9,3329.03,1170.03,34477.91
3359,318,2026-05-30T11:57:00,1,17.6338,122380.59,6501.48,4649.52,122652.04
3360,207,2026-05-05T10:31:00,1,13.2941,98200.93,3857.36,2949.67,98609.31
3361,140,2026-05-23T12:50:00,1,21.4836,2087.45,103.65,57.07,2063.66
3362,485,2026-05-12T13:10:00,1,12.8272,88971.96,5008.06,2497.08,90681.68
3363,494,2026-05-08T09:18:00,1,3.4802,24414.65,1517.37,767.03,24604.21
3364,48,2026-05-06T17:08:00,1,12.8521,88752.4,4605.97,3399.56,89666.74
3365,295,2026-05-23T19:26:00,1,14.8897,102303.72,5036.31,3337.82,104285.45
3366,498,2026-05-03T14:22:00,1,29.3844,2868.45,150.69,102.3,2596.58
3367,302,2026-05-01T15:07:00,1,24.6146,169790.54,8247.87,6229.34,173269.35
3368,470,2026-05-02T12:03:00,1,11.707,86497.55,3417.19,2880.43,87563.24
3369,141,2026-05-14T11:35:00,1,2.1494,16612.6,1371.51,436.72,16856.21
3370,130,2026-05-17T10:46:00,1,2.9689,22821.37,1792.12,609.54,22961.63
3371,468,2026-05-24T11:36:00,1,25.5173,179020.44,11590.46,5042.37,180900.58
3372,392,2026-05-30T10:08:00,1,61.6451,6457.02,758.55,170.97,6495.48
3373,18,2026-05-21T20:23:00,1,66.0832,6955.3,857.14,262.32,7010.81
3374,6,2026-05-16T14:14:00,1,11.7587,87222.25,3939.96,2718.8,88161.08
3375,435,2026-05-25T13:19:00,1,21.1293,163585.47,13669.49,6100.45,164260.83
3376,202,2026-05-24T19:11:00,1,4.3318,33514.01,2756.93,1233.45,34338.44
3377,475,2026-05-05T12:54:00,1,4.7599,33264.84,2086.16,1029.97,33455.21
3378,337,2026-05-10T10:39:00,1,6.8574,50723.37,2142.94,1925.96,51059.98
3379,49,2026-05-11T20:47:00,1,22.3665,2278.77,211.88,69.01,2270.99
3380,425,2026-05-21T13:31:00,1,11.6469,86751.4,4087.06,3291.32,87666.76
3381,450,2026-05-05T15:05:00,1,10.9034,1058.93,51.89,31.85,1046.78
3382,263,2026-05-14T14:48:00,1,11.0827,85281.72,6695.85,2361.34,86854.06
3383,55,2026-05-24T19:11:00,1,41.8192,292587.97,18194.22,10583.91,296351.07
3384,208,2026-05-15T15:45:00,1,11.0838,85986.72,7297.84,2761.91,85709.59
3385,432,2026-05-13T15:09:00,1,12.1559,94220.55,7928.0,3535.92,95303.21
3386,456,2026-05-05T18:56:00,1,2.4701,19063.1,1533.66,506.7,19014.78
3387,236,2026-05-29T16:32:00,1,45.6461,4817.25,602.29,175.88,4839.03
3388,456,2026-05-28T16:29:00,1,2.4701,19048.98,1531.57,639.69,18869.74
3389,442,2026-05-03T19:13:00,1,22.5468,173746.93,13967.45,5733.77,176097.65
3390,192,2026-05-01T10:51:00,1,4.2888,29897.93,1751.05,1138.5,30519.56
3391,273,2026-05-10T13:09:00,1,5.1573,38186.8,1650.53,1213.85,38716.4
3392,68,2026-05-08T12:19:00,1,19.087,132561.2,6982.1,3854.88,132429.93
3393,30,2026-05-10T15:35:00,1,7.7113,57208.96,2579.18,2108.0,57913.08
3394,82,2026-05-31T19:27:00,1,61.9363,6400.19,685.33,170.96,5874.53
3395,449,2026-05-09T11:22:00,1,12.1078,89736.53,3955.55,3160.12,90196.59
3396,137,2026-05-19T15:42:00,1,19.0534,147016.58,12085.16,3795.98,148541.66
3397,368,2026-05-09T10:49:00,1,6.4593,47954.07,2191.42,1622.19,48411.74
3398,67,2026-05-04T12:34:00,1,5.6959,39906.51,2650.6,1334.45,39838.42
3399,294,2026-05-03T09:54:00,1,11.2674,1098.81,56.69,34.65,1099.9
3400,356,2026-05-14T19:37:00,1,10.5422,77946.96,3193.7,2220.28,78802.91
3401,420,2026-05-10T11:46:00,1,5.4005,42039.87,3780.68,1541.15,42365.92
3402,36,2026-05-17T15:34:00,1,3.5236,27433.11,2474.82,908.3,27680.59
3403,12,2026-05-13T09:22:00,1,28.8297,199459.19,10747.47,7317.56,201674.99
3404,451,2026-05-04T11:05:00,1,13.8323,95622.54,5147.82,3663.29,96519.23
3405,87,2026-05-27T19:47:00,1,5.8771,41401.38,2844.72,1224.69,41296.96
3406,148,2026-05-03T09:07:00,1,2.6633,20709.42,1835.76,579.6,20944.68
3407,377,2026-05-13T17:27:00,1,10.3794,79349.84,5668.35,2652.24,79835.86
3408,3,2026-05-27T10:45:00,1,15.4507,119745.34,10097.28,3826.75,119964.69
3409,388,2026-05-21T09:12:00,1,12.1851,86615.15,130.92,2644.24,87746.43
3410,88,2026-05-02T18:28:00,1,28.7165,200737.3,12002.41,5656.99,200582.9
3411,294,2026-05-27T09:05:00,1,11.2674,1100.18,57.38,36.68,1099.9
3412,49,2026-05-26T12:19:00,1,22.3665,2281.88,213.65,85.82,2270.99
3413,488,2026-05-30T10:48:00,1,4.4681,31362.29,2000.53,849.75,31759.9
3414,368,2026-05-16T16:48:00,1,6.4593,47918.01,2169.31,1588.39,48411.74
3415,346,2026-05-18T10:56:00,1,3.0109,21020.62,1331.86,748.18,21621.42
3416,335,2026-05-25T14:43:00,1,17.4016,120514.03,5954.08,4515.61,119712.65
3417,381,2026-05-20T20:32:00,1,51.5308,5431.18,677.46,207.91,5266.72
3418,138,2026-05-04T19:29:00,1,3.6759,28474.4,2428.44,832.78,29060.19
3419,438,2026-05-17T09:40:00,1,3.7537,26024.27,1450.03,787.69,26461.5
3420,65,2026-05-03T12:21:00,1,7.9839,58983.11,2404.64,1840.31,59986.27
3421,283,2026-05-06T11:35:00,1,29.6388,3045.75,308.61,78.85,2996.9
3422,282,2026-05-22T20:00:00,1,41.6824,291245.23,18792.39,9109.74,294156.91
3423,253,2026-05-05T09:45:00,1,12.2356,90965.95,4134.18,3025.88,91721.49
3424,122,2026-05-15T15:01:00,1,4.447,34442.56,2871.31,1064.91,35554.5
3425,295,2026-05-23T16:53:00,1,14.8897,102491.3,5223.89,3646.0,104285.45
3426,83,2026-05-05T18:40:00,1,16.4877,127679.12,10671.68,4374.75,128344.3
3427,203,2026-05-09T17:12:00,1,3.5736,27810.21,2492.08,987.78,27946.28
3428,260,2026-05-11T15:35:00,1,24.8355,172121.32,9279.17,4495.13,174878.99
3429,460,2026-05-04T13:35:00,1,20.4061,157811.81,13222.35,4054.07,160633.54
3430,8,2026-05-22T14:29:00,1,4.5632,35681.9,3336.57,1164.22,36048.01
3431,461,2026-05-17T13:42:00,1,4.6784,36105.96,2968.01,1002.75,36331.05
3432,462,2026-05-10T12:56:00,1,52.4788,5443.41,591.22,192.86,5136.59
3433,209,2026-05-31T10:25:00,1,18.2845,125698.73,5997.97,4779.01,128197.36
3434,312,2026-05-02T19:48:00,1,22.4573,155912.14,8314.9,4758.59,159340.48
3435,202,2026-05-18T15:42:00,1,4.3318,33604.53,2942.75,1056.37,34338.44
3436,253,2026-05-01T19:22:00,1,12.2356,90411.07,3828.42,2826.59,91721.49
3437,36,2026-05-14T18:54:00,1,3.5236,27510.94,2525.59,745.97,27680.59
3438,486,2026-05-30T11:05:00,1,25.5385,2485.02,124.24,87.43,2478.69
3439,171,2026-05-02T13:52:00,1,3.3292,23449.46,1568.79,852.05,23715.65
3440,78,2026-05-13T09:13:00,1,3.8207,29568.39,2445.93,938.75,29924.02
3441,106,2026-05-12T19:33:00,1,25.5639,177098.25,9762.84,6666.87,181086.15
3442,409,2026-05-09T12:44:00,1,46.9191,4834.34,506.05,133.45,4742.35
3443,399,2026-05-23T12:36:00,1,14.9726,110589.58,4419.92,3592.93,112741.34
3444,74,2026-05-10T10:14:00,1,7.7284,57244.7,2493.78,1680.03,57947.77
3445,13,2026-05-01T15:38:00,1,24.6984,170393.77,8301.13,4595.75,174080.63
3446,432,2026-05-26T12:02:00,1,12.1559,93018.55,6673.0,2399.69,95303.21
3447,79,2026-05-04T16:46:00,1,19.4648,133949.19,6633.24,3551.29,136167.4
3448,193,2026-05-25T15:44:00,1,14.9404,103907.92,5550.78,3391.62,102287.59
3449,155,2026-05-13T19:55:00,1,43.3929,4230.5,226.2,121.57,4213.46
3450,497,2026-05-20T17:05:00,1,3.6197,28162.29,2523.38,804.83,28205.6
3451,51,2026-05-01T13:58:00,1,62.6149,6513.33,725.21,235.12,6550.57
3452,267,2026-05-14T16:32:00,1,11.3594,78644.85,4109.01,3013.54,80167.77
3453,437,2026-05-26T10:20:00,1,4.6132,36052.66,3284.27,1118.84,36178.81
3454,253,2026-05-08T10:08:00,1,12.2356,90773.05,3955.96,2696.7,91721.49
3455,292,2026-05-25T16:21:00,1,17.0016,118462.29,6535.66,3713.52,120190.48
3456,430,2026-05-04T18:31:00,1,7.8341,54145.77,2904.25,1796.62,55613.16
3457,271,2026-05-04T15:54:00,1,4.3867,34055.67,2973.27,984.99,34477.91
3458,498,2026-05-21T18:29:00,1,29.3844,2845.16,133.57,97.29,2596.58
3459,87,2026-05-08T13:50:00,1,5.8771,41435.85,2768.65,1070.76,41296.96
3460,156,2026-05-14T14:49:00,1,40.2472,3929.27,211.64,142.97,3570.93
3461,149,2026-05-14T09:22:00,1,24.2917,187620.33,15371.29,5928.36,190817.31
3462,36,2026-05-15T09:52:00,1,3.5236,27285.68,2270.06,859.41,27680.59
3463,268,2026-05-15T13:48:00,1,7.2654,51647.51,67.17,1576.22,52415.61
3464,346,2026-05-16T12:30:00,1,3.0109,21031.71,1363.46,711.03,21621.42
3465,354,2026-05-24T14:19:00,1,3.0016,23092.08,1779.82,620.04,23185.98
3466,122,2026-05-17T16:18:00,1,4.447,34310.44,2811.54,959.91,35554.5
3467,438,2026-05-03T14:45:00,1,3.7537,26113.6,1603.74,836.72,26461.5
3468,245,2026-05-22T18:11:00,1,39.8096,4133.61,447.24,108.46,4189.15
3469,177,2026-05-09T17:25:00,1,21.5109,150457.96,9523.49,4611.34,149601.12
3470,79,2026-05-29T13:02:00,1,19.4648,134081.54,6745.74,4385.0,134335.63
3471,239,2026-05-14T16:41:00,1,20.6013,142285.0,7107.51,3890.38,142380.11
3472,474,2026-05-13T10:55:00,1,2.6939,20938.7,1815.19,574.58,21209.1
3473,445,2026-05-23T20:35:00,1,56.0557,5809.37,633.19,173.87,5771.96
3474,489,2026-05-13T14:38:00,1,9.8667,73184.05,3142.12,2521.4,74124.43
3475,68,2026-05-07T17:53:00,1,19.087,132669.1,7823.32,4128.64,132429.93
3476,255,2026-05-20T20:01:00,1,5.3041,36703.68,1931.59,1360.52,37330.54
3477,425,2026-05-09T15:37:00,1,11.6469,86255.3,3739.69,3241.68,87666.76
3478,361,2026-05-08T14:49:00,1,4.8008,37206.88,3143.04,1282.97,37516.15
3479,126,2026-05-09T19:33:00,1,5.5909,38897.64,2267.35,1388.22,39847.32
3480,445,2026-05-20T18:26:00,1,56.0557,5880.4,709.26,186.24,5771.96
3481,396,2026-05-03T16:27:00,1,24.6006,2409.56,134.25,71.78,2384.32
3482,137,2026-05-25T19:47:00,1,19.0534,145496.15,10309.04,4082.0,148541.66
3483,171,2026-05-14T17:38:00,1,3.3292,23328.11,1483.23,817.19,23715.65
3484,469,2026-05-15T13:10:00,1,3.5698,24900.7,1427.87,745.51,24959.42
3485,233,2026-05-28T09:15:00,1,12.6163,93167.67,3695.65,3225.2,94096.53
3486,443,2026-05-26T11:30:00,1,15.7014,121001.52,9471.65,3325.57,120762.4
3487,112,2026-05-28T16:46:00,1,3.2447,25078.6,2067.9,910.79,25379.69
3488,110,2026-05-06T19:09:00,1,19.8326,140750.76,180.86,3920.42,139927.76
3489,258,2026-05-04T16:53:00,1,20.9309,144233.11,7327.65,3830.85,145290.21
3490,196,2026-05-21T10:31:00,1,29.6387,3054.39,319.33,94.84,2814.98
3491,58,2026-05-14T11:39:00,1,55.451,5535.84,413.83,196.95,5047.45
3492,470,2026-05-18T17:25:00,1,11.707,86515.96,3650.3,2534.79,87563.24
3493,308,2026-05-18T10:53:00,1,22.5917,156711.98,8981.24,4763.64,157919.72
3494,226,2026-05-31T11:11:00,1,13.4675,92953.64,4787.71,2626.3,93023.91
3495,18,2026-05-29T18:50:00,1,66.0832,6844.4,742.28,211.42,7010.81
3496,294,2026-05-01T13:11:00,1,11.2674,1093.34,51.78,41.69,1099.9
3497,361,2026-05-13T09:27:00,1,4.8008,37285.08,3205.06,1350.05,37516.15
3498,292,2026-05-01T09:58:00,1,17.0016,119246.19,7666.73,3740.44,120190.48
3499,116,2026-05-26T12:28:00,1,4.3399,34167.47,3340.38,1049.65,33403.12
3500,472,2026-05-25T09:02:00,1,13.3279,91976.55,4234.99,2757.75,92236.75
3501,156,2026-05-19T16:11:00,1,40.2472,3909.14,189.09,109.32,3570.93
3502,135,2026-05-30T10:55:00,1,22.9212,2337.95,219.11,77.14,2313.05
3503,430,2026-05-15T16:27:00,1,7.8341,54432.76,2920.5,1587.62,55613.16
3504,129,2026-05-30T18:02:00,1,58.1956,6085.66,706.06,197.85,5543.18
3505,395,2026-05-13T09:10:00,1,3.4824,27283.53,2562.6,811.99,27108.2
3506,469,2026-05-12T17:20:00,1,3.5698,24828.08,1460.99,830.33,24959.42
3507,59,2026-05-23T12:08:00,1,17.543,124575.25,179.07,4366.17,124660.4
3508,246,2026-05-23T11:34:00,1,84.5028,8432.77,629.78,297.71,7735.34
3509,458,2026-05-03T15:14:00,1,5.2364,36387.36,2196.18,1198.21,36968.21
3510,185,2026-05-21T18:52:00,1,138.7501,13813.46,1009.6,526.01,14073.14
3511,229,2026-05-02T15:28:00,1,16.1684,111948.11,5683.73,3482.67,114144.12
3512,209,2026-05-21T11:35:00,1,18.2845,126396.34,6183.43,3513.45,128197.36
3513,342,2026-05-10T16:16:00,1,33.6753,3506.08,392.46,98.97,3531.28
3514,332,2026-05-24T16:46:00,1,6.9177,48227.14,2837.14,1465.26,48724.67
3515,1,2026-05-17T09:26:00,1,4.1528,32530.8,3115.77,1013.86,33069.85
3516,399,2026-05-16T09:10:00,1,14.9726,111309.42,5264.33,3923.13,112741.34
3517,25,2026-05-18T10:36:00,1,12.8433,97859.88,6951.15,3400.66,100257.6
3518,449,2026-05-28T11:49:00,1,12.1078,89485.99,3620.14,2344.05,90196.59
3519,42,2026-05-29T13:56:00,1,5.2378,40706.59,3572.16,1472.1,41098.97
3520,434,2026-05-08T17:36:00,1,133.699,13458.35,1095.2,392.68,13484.87
3521,485,2026-05-02T11:22:00,1,12.8272,89261.84,4956.99,2483.17,90681.68
3522,103,2026-05-08T11:15:00,1,40.7114,283946.88,16094.37,7292.88,290443.66
3523,190,2026-05-03T19:51:00,1,2.4559,18853.62,1449.71,678.03,19101.48
3524,176,2026-05-12T18:56:00,1,79.6742,8399.93,1023.69,221.42,8259.16
3525,388,2026-05-08T20:43:00,1,12.1851,86592.55,133.78,2531.2,87746.43
3526,477,2026-05-02T17:52:00,1,13.4506,93233.22,4831.17,2869.88,94914.32
3527,296,2026-05-26T12:39:00,1,106.5754,10717.91,862.88,369.74,10695.11
3528,104,2026-05-25T11:18:00,1,47.6116,4905.02,502.38,137.67,4803.13
3529,453,2026-05-08T15:08:00,1,24.0131,184486.49,14102.74,5108.27,188274.4
3530,4,2026-05-26T20:47:00,1,11.895,84612.17,119.84,2541.69,85807.67
3531,287,2026-05-21T13:48:00,1,11.5804,80299.62,4163.35,2185.51,82202.86
3532,144,2026-05-03T16:49:00,1,7.8189,53969.6,2915.94,1782.15,54445.48
3533,177,2026-05-25T18:38:00,1,21.5109,150825.17,9212.46,4465.5,149601.12
3534,327,2026-05-05T12:31:00,1,2.2934,17900.74,1625.28,485.27,17663.02
3535,214,2026-05-07T18:23:00,1,15.0718,106843.99,137.91,3364.01,107549.49
3536,148,2026-05-06T11:38:00,1,2.6633,20457.72,1580.73,527.62,20944.68
3537,413,2026-05-28T12:57:00,1,9.2313,68283.42,2817.07,1829.26,69692.43
3538,239,2026-05-11T18:08:00,1,20.6013,142465.8,7386.58,5100.19,142380.11
3539,97,2026-05-13T10:30:00,1,12.0171,82821.66,4160.85,2865.49,83643.95
3540,197,2026-05-08T15:54:00,1,3.3083,25892.77,2418.89,705.31,26110.51
3541,146,2026-05-16T17:40:00,1,45.6533,4431.5,219.98,151.33,4363.13
3542,487,2026-05-13T11:44:00,1,139.4639,13930.07,1060.34,374.95,13934.72
3543,14,2026-05-29T12:01:00,1,37.31,260125.25,16048.83,7060.31,262318.39
3544,3,2026-05-19T17:57:00,1,15.4507,118861.01,9443.02,4046.74,119964.69
3545,143,2026-05-11T12:10:00,1,12.2929,91444.2,4228.41,2657.57,92374.57
3546,376,2026-05-04T14:22:00,1,28.2449,195570.65,10825.56,6736.6,200448.88
3547,6,2026-05-11T11:06:00,1,11.7587,86883.05,3457.31,2457.62,88161.08
3548,310,2026-05-21T09:33:00,1,30.6255,213196.53,11846.73,6106.67,214170.23
3549,453,2026-05-15T19:08:00,1,24.0131,184844.77,14364.97,6131.0,188274.4
3550,139,2026-05-15T20:47:00,1,9.7207,72187.86,3176.24,1965.22,72596.75
3551,134,2026-05-28T17:34:00,1,8.2685,58714.97,76.59,2232.67,59124.2
3552,126,2026-05-23T19:20:00,1,5.5909,39198.96,2676.24,1318.73,39847.32
3553,373,2026-05-30T11:47:00,1,191.6333,19259.82,1545.24,520.04,19140.35
3554,492,2026-05-01T16:02:00,1,5.5826,43257.57,3753.47,1407.9,43858.87
3555,230,2026-05-16T12:13:00,1,3.6613,28563.18,2631.62,1034.5,28608.91
3556,468,2026-05-08T17:27:00,1,25.5173,179155.29,11269.32,5936.86,180900.58
3557,188,2026-05-04T09:10:00,1,32.234,3140.17,156.59,105.21,3099.91
3558,181,2026-05-15T15:17:00,1,19.7854,140671.88,206.42,4799.52,142839.21
3559,32,2026-05-29T14:47:00,1,9.8569,67945.91,3463.55,2293.02,68990.65
3560,281,2026-05-17T11:49:00,1,13.5853,93783.0,4844.52,3287.74,94266.98
3561,171,2026-05-23T11:25:00,1,3.3292,23227.44,1479.34,830.61,23715.65
3562,420,2026-05-06T15:30:00,1,5.4005,41693.69,3415.92,1338.42,42365.92
3563,68,2026-05-22T13:59:00,1,19.087,132135.91,7375.64,3667.3,132429.93
3564,116,2026-05-28T20:23:00,1,4.3399,33985.76,3208.14,1250.63,33403.12
3565,45,2026-05-26T11:11:00,1,16.0869,111672.24,5726.81,3100.05,113372.22
3566,98,2026-05-28T17:11:00,1,6.3389,44142.13,2459.68,1556.62,44080.64
3567,187,2026-05-24T15:10:00,1,12.717,98376.14,8081.62,3694.32,97984.38
3568,403,2026-05-29T17:26:00,1,49.0885,5071.71,538.88,158.87,5031.23
3569,101,2026-05-19T19:00:00,1,6.4304,44866.56,2706.16,1654.43,45333.33
3570,50,2026-05-28T12:59:00,1,12.6872,94396.69,4421.86,3374.62,95672.47
3571,146,2026-05-03T18:00:00,1,45.6533,4441.03,218.56,146.29,4363.13
3572,420,2026-05-01T15:10:00,1,5.4005,42075.6,3860.1,1429.96,42365.92
3573,443,2026-05-23T15:00:00,1,15.7014,120651.7,9314.17,3296.21,120762.4
3574,140,2026-05-30T09:37:00,1,21.4836,2100.47,114.53,62.99,2063.66
3575,191,2026-05-14T13:41:00,1,10.7173,76095.49,100.62,2013.06,77465.39
3576,23,2026-05-01T09:47:00,1,26.3325,184357.07,11540.03,6169.67,184390.78
3577,405,2026-05-03T12:34:00,1,69.8843,7314.78,851.18,210.25,7338.21
3578,330,2026-05-06T16:05:00,1,4.6319,32043.7,1717.31,942.5,32282.12
3579,48,2026-05-31T09:44:00,1,12.8521,88718.07,4580.9,2705.34,89666.74
3580,26,2026-05-14T11:29:00,1,42.9332,301419.73,19709.24,11311.25,302199.84
3581,260,2026-05-22T15:07:00,1,24.8355,170222.74,7887.98,5229.19,174878.99
3582,490,2026-05-22T09:30:00,1,5.6869,39559.6,2387.75,1433.49,40314.64
3583,233,2026-05-28T20:33:00,1,12.6163,93210.32,3738.3,2721.9,94096.53
3584,380,2026-05-31T14:14:00,1,27.6089,2681.48,134.01,69.15,2674.7
3585,247,2026-05-06T16:52:00,1,21.3958,147726.9,7642.39,4582.91,150400.66
3586,226,2026-05-22T10:13:00,1,13.4675,92409.45,4380.48,2629.37,93023.91
3587,462,2026-05-29T09:41:00,1,52.4788,5437.63,591.74,167.77,5136.59
3588,497,2026-05-26T10:27:00,1,3.6197,28119.34,2407.96,821.76,28205.6
3589,160,2026-05-05T15:22:00,1,41.4832,4372.86,541.47,151.99,4277.48
3590,147,2026-05-29T20:12:00,1,27.792,194224.08,12412.98,5261.28,193824.6
3591,245,2026-05-06T15:33:00,1,39.8096,4150.69,474.27,141.24,4189.15
3592,192,2026-05-16T09:27:00,1,4.2888,30119.99,2104.05,1115.85,30519.56
3593,457,2026-05-23T13:11:00,1,28.4822,2764.16,134.11,79.64,2777.92
3594,332,2026-05-02T10:30:00,1,6.9177,48409.05,2943.5,1784.55,48724.67
3595,174,2026-05-28T16:01:00,1,36.7959,256917.63,14960.3,8259.5,261235.38
3596,48,2026-05-27T18:12:00,1,12.8521,89125.79,4809.72,2988.61,89666.74
3597,93,2026-05-10T11:18:00,1,10.8246,80286.16,3600.58,2097.64,80998.56
3598,299,2026-05-08T13:04:00,1,2.7577,19371.13,1227.39,562.01,19335.39
3599,410,2026-05-16T15:49:00,1,25.5672,2597.28,238.71,75.42,2604.67
3600,178,2026-05-26T18:16:00,1,4.4698,31326.57,1889.27,1132.33,31553.38
3601,239,2026-05-19T14:55:00,1,20.6013,142657.41,7586.63,3671.71,142380.11
3602,157,2026-05-25T15:53:00,1,5.5603,43371.56,3920.29,1524.1,43921.22
3603,405,2026-05-05T13:44:00,1,69.8843,7279.37,824.86,239.26,7338.21
3604,249,2026-05-06T20:17:00,1,17.3609,119375.99,5709.14,3718.99,121096.77
3605,35,2026-05-21T18:21:00,1,10.6628,81453.03,5773.38,3083.25,82126.32
3606,122,2026-05-17T14:30:00,1,4.447,34844.89,3345.99,1171.15,35554.5
3607,395,2026-05-31T20:17:00,1,3.4824,27028.71,2324.53,723.55,27108.2
3608,126,2026-05-11T09:37:00,1,5.5909,39315.49,2656.91,1310.13,39847.32
3609,416,2026-05-08T19:27:00,1,5.6718,39574.73,2258.26,1052.45,38864.83
3610,28,2026-05-10T15:47:00,1,12.4734,92348.8,3982.49,3129.57,93249.78
3611,52,2026-05-10T17:16:00,1,8.4833,60179.04,80.12,1929.73,61107.55
3612,147,2026-05-07T15:05:00,1,27.792,193356.48,11572.34,5930.45,193655.66
3613,289,2026-05-25T14:56:00,1,4.1901,32634.01,2904.54,1107.71,32756.33
3614,221,2026-05-09T11:43:00,1,12.4688,92644.68,4306.1,3378.59,93644.97
3615,466,2026-05-13T10:23:00,1,4.9899,39093.48,3671.08,1203.02,39724.52
3616,350,2026-05-10T14:52:00,1,40.4539,3958.1,217.73,105.74,3900.46
3617,276,2026-05-24T09:09:00,1,20.2773,140299.75,7251.67,3651.94,141988.13
3618,241,2026-05-16T10:00:00,1,21.0662,146296.59,8684.8,4057.8,146917.66
3619,414,2026-05-17T16:41:00,1,3.8752,30057.25,2608.51,785.24,30827.66
3620,448,2026-05-27T12:23:00,1,1.8774,14558.7,1235.47,376.51,14722.59
3621,219,2026-05-25T09:14:00,1,78.5036,7935.28,676.05,206.52,7781.34
3622,376,2026-05-08T18:32:00,1,28.2449,197562.16,11730.49,7371.05,200448.88
3623,131,2026-05-07T16:42:00,1,9.6225,68212.98,87.12,2168.01,68370.63
3624,114,2026-05-01T10:35:00,1,22.4097,172876.96,14299.42,5467.9,174081.22
3625,495,2026-05-05T15:56:00,1,22.3137,153475.69,7314.71,4289.28,155842.43
3626,457,2026-05-16T10:39:00,1,28.4822,2781.6,154.12,94.08,2777.92
3627,9,2026-05-25T17:27:00,1,3.5458,27646.02,2487.97,887.53,27738.73
3628,175,2026-05-07T18:51:00,1,10.3823,71544.92,3635.54,2133.29,72571.72
3629,441,2026-05-02T18:26:00,1,5.6742,39788.62,2495.79,1401.29,40522.82
3630,109,2026-05-10T17:44:00,1,38.1991,3927.61,395.72,109.05,3663.12
3631,329,2026-05-28T15:01:00,1,18.6736,144412.62,11983.56,5094.3,143626.71
3632,395,2026-05-28T14:54:00,1,3.4824,27043.85,2347.44,1036.5,27108.2
3633,12,2026-05-28T11:08:00,1,28.8297,200903.71,11329.4,5921.51,201674.99
3634,442,2026-05-04T19:54:00,1,22.5468,173811.85,14054.24,4580.14,176097.65
3635,300,2026-05-14T17:55:00,1,18.9634,131419.2,6988.95,4650.92,131950.52
3636,214,2026-05-22T15:13:00,1,15.0718,106990.89,157.45,2779.69,107549.49
3637,100,2026-05-27T11:36:00,1,3.7986,26306.77,1386.09,696.93,26721.43
3638,494,2026-05-31T16:12:00,1,3.4802,24404.64,1621.27,899.55,24604.21
3639,432,2026-05-19T17:53:00,1,12.1559,93497.25,7412.21,3311.13,95303.21
3640,328,2026-05-03T17:59:00,1,3.0974,24032.87,2082.93,789.55,24319.39
3641,85,2026-05-16T20:20:00,1,26.0333,2521.84,120.27,69.53,2549.01
3642,470,2026-05-25T16:05:00,1,11.707,86587.68,3524.52,3108.05,87563.24
3643,244,2026-05-24T15:52:00,1,15.9038,110896.02,6544.35,2847.56,111267.13
3644,443,2026-05-10T18:18:00,1,15.7014,120864.18,9629.5,3359.62,120762.4
3645,84,2026-05-01T17:43:00,1,13.5748,93561.83,4472.05,3228.06,95463.21
3646,354,2026-05-08T12:20:00,1,3.0016,23433.1,2135.4,626.01,23185.98
3647,161,2026-05-22T09:07:00,1,28.3219,198183.17,13059.9,6599.35,197778.07
3648,151,2026-05-12T15:28:00,1,18.1146,126600.72,8026.71,4230.28,128519.85
3649,14,2026-05-13T14:52:00,1,37.31,260201.45,15979.89,6872.68,262318.39
3650,287,2026-05-15T18:33:00,1,11.5804,80273.24,4127.59,2432.97,82202.86
3651,88,2026-05-31T17:47:00,1,28.7165,199996.63,12002.05,5713.82,200582.9
3652,414,2026-05-09T09:44:00,1,3.8752,30253.63,2798.73,869.51,30827.66
3653,79,2026-05-26T20:04:00,1,19.4648,135510.62,7318.95,4645.6,134335.63
3654,248,2026-05-24T17:55:00,1,12.1774,84196.3,4295.14,2601.91,84291.64
3655,492,2026-05-01T19:17:00,1,5.5826,43323.11,3819.01,1318.08,43858.87
3656,353,2026-05-08T19:33:00,1,5.7849,40456.83,2396.24,1213.7,40515.33
3657,309,2026-05-28T09:06:00,1,20.9922,162111.27,13239.21,6023.66,163877.64
3658,201,2026-05-21T18:58:00,1,18.3302,127967.7,7454.33,4721.47,129569.1
3659,385,2026-05-22T17:05:00,1,45.0218,4670.59,501.57,170.38,4324.75
3660,175,2026-05-01T09:07:00,1,10.3823,71553.36,3415.57,2242.79,72571.72
3661,255,2026-05-02T15:40:00,1,5.3041,37167.44,2307.04,1416.44,37330.54
3662,159,2026-05-02T09:32:00,1,106.8915,10732.33,845.94,281.33,9855.57
3663,335,2026-05-18T10:29:00,1,17.4016,119311.66,5519.81,4032.73,119712.65
3664,85,2026-05-13T15:35:00,1,26.0333,2523.41,121.06,69.95,2549.01
3665,94,2026-05-21T13:53:00,1,58.6439,6167.48,755.82,181.25,6179.76
3666,281,2026-05-11T09:29:00,1,13.5853,94499.37,5422.87,2455.7,94266.98
3667,79,2026-05-17T14:36:00,1,19.4648,134252.71,6823.09,4432.62,136167.4
3668,99,2026-05-21T10:04:00,1,19.3079,134493.81,7552.48,4529.92,135735.36
3669,223,2026-05-18T19:07:00,1,5.2555,40512.58,3312.57,1523.04,42046.11
3670,383,2026-05-20T10:10:00,1,62.5518,6578.75,808.35,200.83,6362.59
3671,426,2026-05-16T17:02:00,1,38.3169,3985.9,451.17,108.8,3943.04
3672,283,2026-05-05T10:29:00,1,29.6388,3054.02,316.58,87.57,2996.9
3673,32,2026-05-21T15:12:00,1,9.8569,68432.5,3627.52,1905.36,68990.65
3674,358,2026-05-29T12:20:00,1,5.1854,36433.98,2511.87,1063.57,36467.19
3675,428,2026-05-20T19:16:00,1,2.987,23052.93,1895.53,782.24,23252.12
3676,178,2026-05-17T09:05:00,1,4.4698,31346.32,2084.01,1153.56,31553.38
3677,96,2026-05-01T19:59:00,1,14.1124,97790.25,5172.26,2872.98,99348.29
3678,349,2026-05-05T14:13:00,1,3.9789,30718.79,2481.93,1044.98,30859.88
3679,217,2026-05-20T11:14:00,1,32.1275,3254.1,290.34,87.05,3280.44
3680,244,2026-05-12T13:36:00,1,15.9038,109842.25,5739.63,3068.75,111267.13
3681,241,2026-05-13T09:15:00,1,21.0662,146416.03,8522.16,5485.27,146917.66
3682,325,2026-05-13T11:58:00,1,16.9172,117355.73,6620.14,3678.56,119145.47
3683,402,2026-05-10T20:19:00,1,3.1346,21706.77,1189.21,644.12,21687.27
3684,24,2026-05-12T15:16:00,1,6.8653,47605.08,2666.41,1644.26,48746.72
3685,268,2026-05-25T16:50:00,1,7.2654,51615.79,66.54,1673.37,52415.61
3686,195,2026-05-25T12:55:00,1,5.6896,39933.2,2476.86,1369.7,40165.21
3687,212,2026-05-27T17:34:00,1,170.6976,17218.72,1420.66,626.02,17057.24
3688,79,2026-05-04T16:31:00,1,19.4648,133927.35,6611.4,4657.41,136167.4
3689,133,2026-05-17T15:26:00,1,14.5876,111850.61,8524.01,4207.83,113326.2
3690,81,2026-05-07T09:24:00,1,18.3862,127290.08,7028.15,3634.71,128128.95
3691,215,2026-05-26T17:26:00,1,40.8508,4264.11,486.64,151.49,4327.85
3692,152,2026-05-19T13:36:00,1,14.682,100961.92,4700.56,3066.44,103061.96
3693,436,2026-05-16T19:57:00,1,2.5687,20018.96,1825.86,731.65,20274.97
3694,94,2026-05-05T11:38:00,1,58.6439,6155.05,738.7,232.52,6179.76
3695,280,2026-05-13T18:39:00,1,57.5885,5853.82,539.55,221.88,5785.46
3696,69,2026-05-01T16:59:00,1,62.0656,6464.82,727.48,198.45,6460.93
3697,304,2026-05-19T14:24:00,1,23.2115,160159.18,7974.84,4487.83,163176.85
3698,325,2026-05-19T19:52:00,1,16.9172,117870.25,6953.98,4447.74,119145.47
3699,83,2026-05-19T20:35:00,1,16.4877,127475.11,10713.34,4247.6,128344.3
3700,132,2026-05-07T16:55:00,1,8.3701,57572.25,2824.43,1881.26,59029.06
3701,212,2026-05-18T16:39:00,1,170.6976,17155.72,1369.61,595.12,17057.24
3702,100,2026-05-12T13:07:00,1,3.7986,26510.73,1645.97,825.89,26721.43
3703,132,2026-05-09T13:57:00,1,8.3701,57783.27,2944.3,1515.39,59029.06
3704,324,2026-05-27T18:33:00,1,11.2024,85880.76,6381.36,2558.42,86023.64
3705,397,2026-05-07T11:08:00,1,7.6603,53460.95,3355.85,1778.83,53303.38
3706,215,2026-05-01T13:19:00,1,40.8508,4220.31,444.06,156.49,4327.85
3707,28,2026-05-21T15:09:00,1,12.4734,92904.24,4373.78,3208.86,93249.78
3708,448,2026-05-20T13:47:00,1,1.8774,14572.99,1275.07,549.14,14722.59
3709,346,2026-05-22T13:46:00,1,3.0109,20961.33,1280.88,545.67,21621.42
3710,497,2026-05-19T09:13:00,1,3.6197,27784.61,2150.8,818.16,28205.6
3711,276,2026-05-26T19:53:00,1,20.2773,140746.04,7203.39,4182.11,141988.13
3712,291,2026-05-16T17:27:00,1,2.3094,17747.33,1390.75,588.69,18316.84
3713,342,2026-05-11T11:47:00,1,33.6753,3542.93,431.0,108.1,3531.28
3714,419,2026-05-22T09:21:00,1,3.1838,22196.13,1385.54,606.7,22366.68
3715,330,2026-05-23T11:14:00,1,4.6319,32165.99,1907.96,846.35,32282.12
3716,179,2026-05-27T16:27:00,1,4.8051,37283.43,3183.37,1226.58,37551.63
3717,229,2026-05-20T13:35:00,1,16.1684,112682.8,6687.62,3032.24,111246.25
3718,481,2026-05-20T18:52:00,1,9.6978,68786.12,95.05,2566.88,68785.54
3719,414,2026-05-18T09:41:00,1,3.8752,30370.99,2941.16,1158.08,30827.66
3720,456,2026-05-12T09:05:00,1,2.4701,19068.18,1574.19,520.29,18869.74
3721,254,2026-05-22T09:28:00,1,49.5838,5073.86,482.4,170.67,5015.91
3722,328,2026-05-14T15:36:00,1,3.0974,23939.91,1976.68,899.82,24319.39
3723,177,2026-05-16T20:41:00,1,21.5109,148924.19,8407.46,5269.74,149601.12
3724,411,2026-05-10T12:50:00,1,13.1482,90985.28,4923.61,2337.06,92603.34
3725,498,2026-05-10T11:20:00,1,29.3844,2863.53,146.65,77.72,2596.58
3726,121,2026-05-31T19:39:00,1,5.6102,39036.33,2308.76,1096.35,39753.67
3727,168,2026-05-28T16:31:00,1,22.6916,2322.02,222.59,59.82,2348.48
3728,265,2026-05-07T14:03:00,1,20.2554,2083.77,208.32,55.3,1896.91
3729,121,2026-05-14T19:11:00,1,5.6102,39127.53,2315.64,1289.94,39753.67
3730,26,2026-05-05T20:53:00,1,42.9332,299959.71,18735.23,10878.51,302199.84
3731,311,2026-05-20T17:30:00,1,6.7935,50389.99,2270.54,1671.04,51184.74
3732,104,2026-05-07T20:11:00,1,47.6116,4880.63,472.27,136.81,4803.13
3733,432,2026-05-10T16:18:00,1,12.1559,93923.7,7806.69,2777.75,95303.21
3734,294,2026-05-20T15:01:00,1,11.2674,1090.12,50.7,31.69,1099.9
3735,237,2026-05-24T11:49:00,1,8.7772,60944.87,3353.89,1884.69,60919.31
3736,121,2026-05-11T09:44:00,1,5.6102,39555.33,2770.2,1479.94,39753.67
3737,446,2026-05-16T18:04:00,1,15.9701,122526.35,9416.36,3256.21,125003.74
3738,419,2026-05-16T20:35:00,1,3.1838,22104.3,1306.6,842.43,22366.68
3739,454,2026-05-25T20:15:00,1,40.6398,4202.96,445.0,112.43,4115.87
3740,349,2026-05-06T10:17:00,1,3.9789,30976.23,2774.5,1028.15,30859.88
3741,187,2026-05-13T18:52:00,1,12.717,97436.76,7161.07,2813.4,97984.38
3742,40,2026-05-18T14:22:00,1,47.2477,4869.8,500.33,156.39,4849.47
3743,291,2026-05-24T10:20:00,1,2.3094,17772.16,1374.73,622.53,18316.84
3744,476,2026-05-27T18:25:00,1,15.7836,109019.26,5471.11,3169.41,110953.24
3745,356,2026-05-12T15:03:00,1,10.5422,77867.09,3204.07,2657.6,78802.91
3746,344,2026-05-16T13:00:00,1,14.46,99843.96,5386.18,2559.45,100842.02
3747,313,2026-05-08T20:19:00,1,10.3132,72080.11,4226.47,2584.42,71776.08
3748,170,2026-05-29T09:48:00,1,3.1856,24577.63,1992.68,798.93,25271.83
3749,133,2026-05-20T11:11:00,1,14.5876,112819.54,9493.24,3916.15,113326.2
3750,45,2026-05-26T18:24:00,1,16.0869,111620.47,5675.04,3830.42,113372.22
3751,208,2026-05-25T20:02:00,1,11.0838,84839.93,6198.48,3192.45,85709.59
3752,128,2026-05-17T17:25:00,1,11.2314,79663.46,109.43,2876.32,79829.9
3753,365,2026-05-31T20:01:00,1,7.5425,53578.66,72.09,2038.29,53540.84
3754,350,2026-05-15T15:20:00,1,40.4539,3945.23,203.65,101.63,3900.46
3755,84,2026-05-20T15:18:00,1,13.5748,93931.47,4939.15,2513.51,95463.21
3756,369,2026-05-14T12:46:00,1,3.836,26768.93,1598.63,756.09,27004.67
3757,127,2026-05-11T09:59:00,1,3.0645,23981.94,2239.89,654.5,24453.74
3758,102,2026-05-20T09:32:00,1,18.5,128384.11,7103.66,3779.6,127765.91
3759,482,2026-05-17T15:31:00,1,14.7715,102766.37,6062.23,3633.28,103667.1
3760,24,2026-05-17T16:02:00,1,6.8653,47811.71,2866.86,1594.31,48746.72
3761,318,2026-05-06T10:38:00,1,17.6338,121058.89,5605.29,4152.03,122652.04
3762,373,2026-05-20T20:40:00,1,191.6333,19086.34,1408.17,693.61,19140.35
3763,471,2026-05-10T12:43:00,1,4.1632,29260.72,2010.45,778.61,29492.86
3764,456,2026-05-30T10:06:00,1,2.4701,19015.33,1491.65,581.67,18869.74
3765,178,2026-05-18T09:21:00,1,4.4698,31149.91,1921.17,932.41,31553.38
3766,88,2026-05-26T10:07:00,1,28.7165,199814.29,10692.59,5592.17,200582.9
3767,317,2026-05-21T16:51:00,1,14.7122,113076.99,8656.56,3322.14,114345.81
3768,365,2026-05-22T14:14:00,1,7.5425,53546.28,82.78,1471.36,53540.84
3769,320,2026-05-29T16:17:00,1,11.7703,87192.09,3744.19,2239.94,88241.28
3770,193,2026-05-23T20:50:00,1,14.9404,102596.12,4997.51,3257.14,102287.59
3771,32,2026-05-28T11:58:00,1,9.8569,68287.49,3471.87,2527.59,68990.65
3772,340,2026-05-29T10:18:00,1,165.8251,16558.42,1246.13,517.96,16808.1
3773,206,2026-05-24T14:46:00,1,25.6022,177822.59,9835.55,5957.97,179409.86
3774,130,2026-05-19T16:51:00,1,2.9689,22866.91,1841.9,841.91,22961.63
3775,205,2026-05-14T12:20:00,1,9.4979,70164.08,2815.8,2162.13,71377.12
3776,374,2026-05-25T14:14:00,1,158.1349,15907.09,1284.36,595.12,15997.31
3777,7,2026-05-05T17:19:00,1,13.6765,101651.79,4594.46,2698.14,102782.02
3778,9,2026-05-05T16:00:00,1,3.5458,27582.8,2419.5,993.14,27738.73
3779,116,2026-05-30T14:59:00,1,4.3399,33758.68,2970.04,1037.62,33403.12
3780,434,2026-05-02T15:15:00,1,133.699,13412.6,1046.78,350.49,13484.87
3781,232,2026-05-27T20:33:00,1,38.8965,3775.23,175.36,98.77,3473.25
3782,472,2026-05-21T13:53:00,1,13.3279,91905.48,4280.14,3097.77,92236.75
3783,5,2026-05-20T12:37:00,1,4.2729,33283.59,3017.96,903.47,33053.93
3784,25,2026-05-19T20:15:00,1,12.8433,98070.69,7117.65,2717.62,100257.6
3785,340,2026-05-01T18:16:00,1,165.8251,16560.79,1231.92,452.63,16808.1
3786,180,2026-05-06T16:48:00,1,21.5984,150824.42,9413.43,5342.6,151997.74
3787,196,2026-05-19T12:54:00,1,29.6387,3033.97,294.46,100.87,2814.98
3788,61,2026-05-19T15:02:00,1,13.7262,95366.4,5371.67,2669.25,94538.58
3789,28,2026-05-20T11:55:00,1,12.4734,92515.5,4164.41,2878.06,93249.78
3790,247,2026-05-12T13:42:00,1,21.3958,148860.85,8808.86,5616.26,150400.66
3791,171,2026-05-09T18:08:00,1,3.3292,23403.57,1591.42,893.15,23715.65
3792,25,2026-05-11T18:18:00,1,12.8433,98496.67,7375.9,3223.55,100257.6
3793,370,2026-05-10T10:07:00,1,9.1394,64846.16,99.18,1846.93,65899.15
3794,298,2026-05-01T17:38:00,1,12.0285,89066.83,3949.68,2417.8,89544.49
3795,206,2026-05-12T13:56:00,1,25.6022,178617.0,11030.89,5782.94,179409.86
3796,447,2026-05-28T15:10:00,1,35.9406,250773.07,14439.9,7479.61,254909.66
3797,461,2026-05-06T11:07:00,1,4.6784,36498.15,3338.49,1254.76,36331.05
3798,264,2026-05-20T15:24:00,1,10.9703,76082.58,4164.58,2254.38,77272.76
3799,7,2026-05-08T15:53:00,1,13.6765,101828.36,4787.44,3139.1,102782.02
3800,75,2026-05-10T09:18:00,1,5.2811,36963.83,2396.34,960.7,37112.22
3801,239,2026-05-28T15:01:00,1,20.6013,142879.99,7412.85,5043.58,142380.11
3802,71,2026-05-07T14:32:00,1,13.8926,102672.73,4315.21,3935.15,103983.35
3803,193,2026-05-01T19:00:00,1,14.9404,102832.54,4780.49,3889.4,102287.59
3804,37,2026-05-15T10:27:00,1,3.501,24345.33,1324.89,849.43,24874.3
3805,266,2026-05-26T14:33:00,1,3.1433,24349.03,2021.6,755.25,25026.34
3806,235,2026-05-19T13:19:00,1,8.0469,57059.55,73.42,1554.9,57915.77
3807,41,2026-05-07T16:36:00,1,3.6873,25517.98,1399.79,759.87,25728.91
3808,141,2026-05-02T20:47:00,1,2.1494,16709.21,1455.69,634.92,16856.21
3809,194,2026-05-07T20:58:00,1,3.7547,28999.2,2416.49,1043.66,29655.1
3810,249,2026-05-19T10:36:00,1,17.3609,119360.16,5534.81,4159.74,121096.77
3811,495,2026-05-24T17:40:00,1,22.3137,153563.48,7153.7,5195.09,155842.43
3812,307,2026-05-18T13:54:00,1,20.694,158641.1,12162.76,6019.58,159864.7
3813,382,2026-05-13T15:56:00,1,52.9414,5423.39,537.96,168.67,5290.2
3814,67,2026-05-18T20:38:00,1,5.6959,39673.73,2427.33,1463.09,39838.42
3815,265,2026-05-09T15:35:00,1,20.2554,2076.27,207.71,68.02,1896.91
3816,4,2026-05-12T11:15:00,1,11.895,84367.35,123.39,2212.91,85807.67
3817,397,2026-05-23T20:05:00,1,7.6603,53091.94,3050.8,1681.31,53492.63
3818,289,2026-05-09T19:06:00,1,4.1901,32469.0,2783.11,833.69,32756.33
3819,301,2026-05-06T15:31:00,1,33.2508,3380.87,310.16,112.67,3387.51
3820,129,2026-05-07T20:45:00,1,58.1956,6043.33,655.0,217.94,5543.18
3821,322,2026-05-23T11:13:00,1,36.3621,252744.63,15208.12,9013.51,257975.67
3822,302,2026-05-28T11:55:00,1,24.6146,170308.44,8451.2,4924.67,173269.35
3823,300,2026-05-30T11:52:00,1,18.9634,130766.98,6150.51,3749.47,131950.52
3824,209,2026-05-30T15:39:00,1,18.2845,126943.66,6788.53,4816.39,128197.36
3825,458,2026-05-19T16:30:00,1,5.2364,36760.4,2428.36,1062.6,36910.77
3826,488,2026-05-08T12:46:00,1,4.4681,31456.65,2059.68,1090.81,31759.9
3827,285,2026-05-28T11:15:00,1,15.0484,104486.45,5533.29,2863.02,104994.48
3828,366,2026-05-06T20:00:00,1,20.7568,2010.75,93.86,53.89,2026.31
3829,36,2026-05-14T11:33:00,1,3.5236,27509.51,2524.16,784.51,27680.59
3830,148,2026-05-10T16:42:00,1,2.6633,20473.74,1605.91,776.11,20944.68
3831,39,2026-05-20T18:00:00,1,38.8962,3984.21,396.04,109.61,3941.11
3832,426,2026-05-22T10:21:00,1,38.3169,4006.4,458.26,144.61,3943.04
3833,449,2026-05-09T15:03:00,1,12.1078,89802.74,4021.76,2444.75,90196.59
3834,486,2026-05-30T20:38:00,1,25.5385,2487.01,126.23,77.56,2478.69
3835,331,2026-05-03T10:01:00,1,6.1706,42612.06,2321.0,1614.16,43124.06
3836,2,2026-05-23T12:13:00,1,5.3919,37522.86,2300.11,1339.35,38149.13
3837,358,2026-05-05T19:46:00,1,5.1854,36151.92,2186.1,1276.42,36467.19
3838,415,2026-05-05T16:29:00,1,4.4374,34853.8,3363.13,1112.09,34410.05
3839,117,2026-05-07T20:32:00,1,31.0203,3040.9,168.73,93.97,2758.76
3840,373,2026-05-31T13:46:00,1,191.6333,19072.11,1390.11,585.51,19140.35
3841,256,2026-05-01T12:35:00,1,3.4873,27136.8,2459.65,848.56,26890.68
3842,192,2026-05-02T14:39:00,1,4.2888,30016.34,1828.85,1074.85,30519.56
3843,167,2026-05-06T11:40:00,1,12.0913,83502.08,4336.83,2988.6,82726.23
3844,154,2026-05-03T16:50:00,1,24.6383,169892.77,9016.5,4431.01,170050.2
3845,377,2026-05-10T16:17:00,1,10.3794,80043.14,6511.53,2184.63,79835.86
3846,10,2026-05-22T14:32:00,1,7.7867,54103.87,3206.88,1685.84,54661.48
3847,90,2026-05-14T18:59:00,1,25.9884,181338.98,10813.49,4961.95,185674.24
3848,2,2026-05-27T09:53:00,1,5.3919,37714.0,2340.49,1366.35,38149.13
3849,23,2026-05-08T17:42:00,1,26.3325,184766.03,11516.61,5181.51,184390.78
3850,189,2026-05-21T15:56:00,1,10.9377,76355.51,4444.73,2745.94,76878.67
3851,424,2026-05-09T13:36:00,1,17.9523,125831.67,8212.33,4395.34,126786.76
3852,239,2026-05-09T18:13:00,1,20.6013,141918.74,6943.76,4515.43,142380.11
3853,57,2026-05-17T20:49:00,1,19.0088,134849.01,206.26,5145.3,135836.68
3854,305,2026-05-22T17:45:00,1,24.7258,190053.1,14789.21,6262.48,193918.09
3855,148,2026-05-27T13:38:00,1,2.6633,20803.79,1903.31,742.84,20944.68
3856,485,2026-05-23T20:39:00,1,12.8272,88674.34,4880.27,2309.09,90681.68
3857,473,2026-05-11T13:38:00,1,4.9432,34513.12,2101.4,889.81,34561.14
3858,374,2026-05-26T15:49:00,1,158.1349,15928.76,1306.03,436.92,15997.31
3859,464,2026-05-14T20:14:00,1,13.6974,105010.46,7884.11,2859.72,105905.51
3860,315,2026-05-09T10:10:00,1,42.8276,4181.83,230.98,112.48,4154.72
3861,382,2026-05-18T17:51:00,1,52.9414,5434.51,538.49,204.13,5290.2
3862,346,2026-05-03T14:39:00,1,3.0109,21058.14,1398.41,784.44,21621.42
3863,154,2026-05-18T09:00:00,1,24.6383,170483.61,9369.82,4861.87,170050.2
3864,373,2026-05-03T20:44:00,1,191.6333,19159.86,1435.7,600.96,19140.35
3865,488,2026-05-29T18:33:00,1,4.4681,31104.91,1875.27,1158.44,31759.9
3866,375,2026-05-30T11:52:00,1,4.191,29352.91,1812.09,938.43,29466.95
3867,473,2026-05-30T20:29:00,1,4.9432,34515.29,2031.45,1034.25,34561.14
3868,398,2026-05-17T17:49:00,1,7.997,56727.3,83.11,1498.85,57680.36
3869,268,2026-05-17T12:28:00,1,7.2654,51529.58,67.44,1955.78,52415.61
3870,281,2026-05-21T14:42:00,1,13.5853,94527.59,5209.95,3004.41,94266.98
3871,292,2026-05-28T09:24:00,1,17.0016,118637.68,6840.94,3626.22,120190.48
3872,372,2026-05-03T20:16:00,1,4.8056,33487.9,2109.64,942.99,33637.33
3873,307,2026-05-21T20:36:00,1,20.694,158970.26,12093.77,4692.19,159864.7
3874,319,2026-05-18T15:01:00,1,72.4721,7654.06,951.84,290.83,7444.73
3875,401,2026-05-22T16:39:00,1,6.8381,47335.83,2639.27,1471.35,48170.62
3876,143,2026-05-19T19:34:00,1,12.2929,91205.36,4150.12,2786.44,92374.57
3877,129,2026-05-01T16:09:00,1,58.1956,6127.71,748.11,224.17,5543.18
3878,108,2026-05-13T17:03:00,1,16.1291,111565.3,5988.4,2928.47,112888.54
3879,306,2026-05-29T15:08:00,1,28.0255,193223.04,9884.42,5153.46,196973.59
3880,4,2026-05-04T14:46:00,1,11.895,84400.23,117.02,2545.6,85807.67
3881,240,2026-05-22T14:31:00,1,5.1622,38245.29,1654.07,1444.67,38618.57
3882,354,2026-05-30T14:48:00,1,3.0016,23254.22,1959.91,713.95,23185.98
3883,404,2026-05-12T11:16:00,1,42.524,297600.01,19247.69,8959.67,300825.57
3884,250,2026-05-14T15:33:00,1,77.1732,8012.82,884.33,205.83,8120.8
3885,238,2026-05-11T17:54:00,1,17.9613,127612.38,180.37,4588.81,129693.59
3886,71,2026-05-10T15:24:00,1,13.8926,103029.06,4608.6,3108.89,103983.35
3887,187,2026-05-09T13:55:00,1,12.717,97460.31,7363.29,2686.98,97984.38
3888,161,2026-05-09T18:30:00,1,28.3219,196427.71,10869.14,6316.59,197778.07
3889,495,2026-05-10T12:12:00,1,22.3137,153091.08,7036.53,5490.07,155842.43
3890,282,2026-05-14T09:32:00,1,41.6824,292452.92,18949.68,11223.12,294156.91
3891,414,2026-05-08T09:46:00,1,3.8752,30391.49,2895.2,1097.24,30827.66
3892,35,2026-05-15T12:02:00,1,10.6628,81483.37,5783.35,2341.66,82126.32
3893,469,2026-05-20T11:58:00,1,3.5698,24772.86,1370.32,931.18,24959.42
3894,114,2026-05-17T09:51:00,1,22.4097,172562.28,13830.34,4551.81,174081.22
3895,370,2026-05-11T20:34:00,1,9.1394,64937.93,95.62,2111.73,65899.15
3896,120,2026-05-01T13:47:00,1,3.0118,23624.34,2311.97,839.7,23993.62
3897,38,2026-05-07T18:49:00,1,9.9544,70570.61,94.95,2329.07,71867.8
3898,231,2026-05-21T18:31:00,1,16.9595,129663.61,9292.88,4327.49,131187.83
3899,462,2026-05-28T16:08:00,1,52.4788,5537.9,682.56,205.24,5136.59
3900,448,2026-05-09T13:07:00,1,1.8774,14481.39,1180.44,399.06,14722.59
3901,112,2026-05-12T09:19:00,1,3.2447,25042.28,2062.34,727.73,25379.69
3902,169,2026-05-30T15:48:00,1,4.4869,34684.78,2853.28,978.79,35318.88
3903,368,2026-05-16T09:36:00,1,6.4593,47732.65,1983.95,1533.21,48411.74
3904,171,2026-05-16T18:16:00,1,3.3292,23287.65,1540.15,880.34,23715.65
3905,360,2026-05-01T19:48:00,1,6.8958,48228.83,2972.52,1595.47,48223.19
3906,293,2026-05-02T09:10:00,1,22.9979,159260.85,8110.6,6080.13,161345.44
3907,382,2026-05-20T09:51:00,1,52.9414,5386.89,503.05,148.05,5290.2
3908,125,2026-05-03T11:21:00,1,21.1855,162472.09,12339.56,5262.42,163495.59
3909,278,2026-05-09T16:12:00,1,14.5841,112268.88,8943.89,4125.75,113770.29
3910,450,2026-05-10T18:47:00,1,10.9034,1058.87,50.74,30.19,1046.78
3911,235,2026-05-22T15:29:00,1,8.0469,57118.66,79.82,1671.12,57915.77
3912,192,2026-05-20T19:19:00,1,4.2888,29994.06,1877.97,1132.05,30519.56
3913,37,2026-05-17T19:33:00,1,3.501,24432.14,1512.25,856.2,24874.3
3914,384,2026-05-06T20:08:00,1,139.1589,13898.12,1046.8,444.89,13806.42
3915,447,2026-05-20T15:44:00,1,35.9406,250167.42,14551.63,8458.1,254909.66
3916,275,2026-05-26T15:10:00,1,5.1673,38502.5,1798.24,1037.91,38494.77
3917,131,2026-05-21T15:01:00,1,9.6225,68397.43,101.35,1898.33,68370.63
3918,393,2026-05-21T20:39:00,1,5.8217,40821.95,2546.72,1331.72,40681.64
3919,403,2026-05-09T16:18:00,1,49.0885,4986.48,458.07,154.46,5031.23
3920,493,2026-05-17T16:12:00,1,3.8343,26546.6,1444.7,968.18,26924.1
3921,373,2026-05-01T18:13:00,1,191.6333,19212.06,1497.48,536.53,19140.35
3922,349,2026-05-31T14:05:00,1,3.9789,30886.22,2659.86,1060.07,30859.88
3923,433,2026-05-17T10:29:00,1,2.1387,16656.65,1507.85,596.6,16795.95
3924,288,2026-05-17T15:52:00,1,14.593,107707.34,4342.49,3831.2,109109.53
3925,192,2026-05-27T18:35:00,1,4.2888,30004.79,1868.16,888.11,30519.56
3926,316,2026-05-27T11:15:00,1,4.8799,37721.22,3090.33,1168.65,37802.56
3927,72,2026-05-15T16:07:00,1,10.2814,71364.58,3760.37,2027.95,71748.57
3928,240,2026-05-20T11:56:00,1,5.1622,38217.45,1652.76,1261.74,38618.57
3929,92,2026-05-08T09:02:00,1,13.6036,94236.32,4734.15,3410.63,94779.98
3930,377,2026-05-27T14:52:00,1,10.3794,80255.9,6597.03,3059.73,79835.86
3931,145,2026-05-28T19:28:00,1,8.7446,64980.64,2965.86,2114.44,65283.92
3932,31,2026-05-22T16:28:00,1,19.1019,147751.84,12351.84,4313.06,150233.59
3933,310,2026-05-11T16:26:00,1,30.6255,214191.82,13385.62,5676.88,214170.23
3934,266,2026-05-11T10:52:00,1,3.1433,24419.52,2118.4,810.6,25026.34
3935,467,2026-05-28T09:53:00,1,3.5951,27853.34,2357.68,935.63,28120.75
3936,241,2026-05-24T14:37:00,1,21.0662,145765.47,7541.07,4690.97,146917.66
3937,36,2026-05-11T18:19:00,1,3.5236,27462.89,2463.62,723.47,27680.59
3938,196,2026-05-17T19:24:00,1,29.6387,3068.65,325.29,108.49,2814.98
3939,90,2026-05-13T13:35:00,1,25.9884,181741.79,11628.48,5141.34,185674.24
3940,274,2026-05-15T11:01:00,1,4.3282,33703.67,2975.83,1089.36,33981.46
3941,365,2026-05-16T18:25:00,1,7.5425,53494.49,73.9,1472.81,53540.84
3942,362,2026-05-04T19:38:00,1,198.9095,19900.62,1489.56,747.79,20107.23
3943,15,2026-05-21T17:56:00,1,47.6096,4902.81,509.4,171.84,4864.61
3944,430,2026-05-18T19:50:00,1,7.8341,54111.23,2882.8,2028.28,55613.16
3945,288,2026-05-17T10:32:00,1,14.593,108168.7,4803.85,3942.3,109109.53
3946,409,2026-05-05T16:00:00,1,46.9191,4832.25,498.8,125.35,4742.35
3947,486,2026-05-13T18:02:00,1,25.5385,2481.52,124.83,87.68,2478.69
3948,465,2026-05-04T12:30:00,1,6.5188,45009.68,2371.32,1489.93,45599.09
3949,416,2026-05-05T17:38:00,1,5.6718,39461.2,2309.32,1082.93,38864.83
3950,475,2026-05-08T17:42:00,1,4.7599,33115.63,1798.82,1231.49,33455.21
3951,494,2026-05-28T16:58:00,1,3.4802,24430.86,1546.25,720.43,24604.21
3952,26,2026-05-08T16:20:00,1,42.9332,301273.56,18803.16,7883.2,302199.84
3953,245,2026-05-17T20:55:00,1,39.8096,4173.4,488.62,152.9,4189.15
3954,121,2026-05-07T09:51:00,1,5.6102,39138.59,2442.95,1347.88,39753.67
3955,261,2026-05-15T11:53:00,1,3.9864,30755.66,2454.41,827.33,31349.87
3956,429,2026-05-22T14:21:00,1,11.4674,85246.62,3962.25,2420.21,86268.38
3957,181,2026-05-21T14:28:00,1,19.7854,140607.43,179.76,5118.84,142839.21
3958,360,2026-05-29T10:33:00,1,6.8958,47611.84,2500.55,1296.25,48032.53
3959,256,2026-05-20T12:33:00,1,3.4873,27014.77,2313.67,994.9,26890.68
3960,146,2026-05-23T13:23:00,1,45.6533,4458.6,242.97,129.17,4363.13
3961,272,2026-05-18T13:04:00,1,5.634,39229.5,2387.87,1492.28,39860.07
3962,164,2026-05-29T20:06:00,1,3.6678,28379.75,2376.15,745.2,28940.57
3963,401,2026-05-05T14:54:00,1,6.8381,47765.34,2973.87,1820.6,48170.62
3964,28,2026-05-07T10:20:00,1,12.4734,92221.93,3912.13,3530.08,93249.78
3965,334,2026-05-25T17:38:00,1,14.5628,101287.32,5416.04,3804.38,101921.6
3966,41,2026-05-24T16:39:00,1,3.6873,25532.44,1338.48,862.42,25728.91
3967,238,2026-05-18T12:40:00,1,17.9613,127299.04,163.57,4696.79,129693.59
3968,161,2026-05-26T15:32:00,1,28.3219,199079.46,12556.52,5776.83,197778.07
3969,156,2026-05-09T13:01:00,1,40.2472,3910.49,197.69,123.79,3570.93
3970,486,2026-05-25T15:46:00,1,25.5385,2501.75,140.2,90.28,2478.69
3971,456,2026-05-14T10:27:00,1,2.4701,19266.41,1751.28,694.06,18869.74
3972,117,2026-05-31T12:48:00,1,31.0203,3006.01,143.77,89.24,2758.76
3973,267,2026-05-17T14:37:00,1,11.3594,78822.59,4456.35,2894.22,80167.77
3974,267,2026-05-12T18:58:00,1,11.3594,78632.02,4276.0,2935.93,80167.77
3975,375,2026-05-22T10:32:00,1,4.191,29146.97,1752.92,910.01,29466.95
3976,208,2026-05-31T20:02:00,1,11.0838,85358.09,6729.5,2997.0,85709.59
3977,73,2026-05-19T14:58:00,1,10.0421,74541.12,3425.48,2224.48,75087.54
3978,376,2026-05-22T12:14:00,1,28.2449,196018.51,11398.55,5428.75,200448.88
3979,94,2026-05-10T20:23:00,1,58.6439,6068.3,646.09,221.72,6179.76
3980,38,2026-05-18T17:15:00,1,9.9544,70556.73,96.5,2473.54,71867.8
3981,311,2026-05-14T16:58:00,1,6.7935,50474.85,2303.09,1307.64,51184.74
3982,111,2026-05-10T16:45:00,1,8.7362,64569.64,2679.08,1970.6,65471.14
3983,136,2026-05-13T20:40:00,1,27.1123,188120.91,10650.84,5110.46,190610.02
3984,306,2026-05-12T19:31:00,1,28.0255,194193.53,10745.05,6587.79,196973.59
3985,143,2026-05-24T10:27:00,1,12.2929,91556.8,4273.52,3432.68,92374.57
3986,35,2026-05-15T11:57:00,1,10.6628,81461.69,5761.67,2099.11,82126.32
3987,89,2026-05-03T18:35:00,1,3.0342,21028.86,1216.99,563.65,21200.13
3988,39,2026-05-21T10:14:00,1,38.8962,4004.29,414.95,117.2,3941.11
3989,420,2026-05-25T16:24:00,1,5.4005,41946.49,3629.02,1220.65,42365.92
3990,372,2026-05-29T17:13:00,1,4.8056,33190.04,1752.53,1100.66,33637.33
3991,370,2026-05-16T20:08:00,1,9.1394,64827.89,97.08,1898.41,65899.15
3992,315,2026-05-26T15:18:00,1,42.8276,4183.79,223.52,113.82,4154.72
3993,354,2026-05-21T09:51:00,1,3.0016,23448.92,2144.94,891.76,23185.98
3994,81,2026-05-14T20:01:00,1,18.3862,127672.34,7029.45,4305.18,128128.95
3995,307,2026-05-24T11:07:00,1,20.694,159712.1,12778.49,4874.61,159864.7
3996,298,2026-05-29T16:07:00,1,12.0285,88887.86,3609.4,2704.59,89544.49
3997,320,2026-05-24T15:04:00,1,11.7703,87246.92,3674.26,2697.52,88241.28
3998,1,2026-05-05T12:17:00,1,4.1528,32667.1,3196.13,1148.46,33069.85
3999,94,2026-05-26T11:08:00,1,58.6439,6189.88,767.08,161.0,6179.76
4000,362,2026-05-23T18:34:00,1,198.9095,20110.97,1743.67,584.0,20107.23
4001,23,2026-05-03T16:27:00,1,26.3325,183882.23,11943.64,5198.73,184390.78
4002,296,2026-05-08T18:47:00,1,106.5754,10774.32,919.29,343.15,10695.11
4003,9,2026-05-04T10:20:00,1,3.5458,27593.45,2469.33,866.16,27738.73
4004,80,2026-05-21T10:17:00,1,3.9658,27597.74,1524.27,994.14,27956.4
4005,157,2026-05-01T14:04:00,1,5.5603,43329.42,3983.12,1226.42,43921.22
4006,244,2026-05-10T15:56:00,1,15.9038,110566.74,6468.26,4115.51,111267.13
4007,164,2026-05-05T09:07:00,1,3.6678,28588.89,2559.8,869.8,28940.57
4008,294,2026-05-13T15:13:00,1,11.2674,1093.24,53.48,38.5,1099.9
4009,37,2026-05-19T20:57:00,1,3.501,24378.11,1424.08,858.25,24874.3
4010,342,2026-05-13T14:37:00,1,33.6753,3543.48,435.92,119.46,3531.28
4011,404,2026-05-06T16:24:00,1,42.524,296774.83,18357.87,9443.49,300825.57
4012,453,2026-05-29T18:02:00,1,24.0131,183969.77,13724.09,4927.87,188274.4
4013,14,2026-05-07T17:20:00,1,37.31,261049.59,17009.36,9919.87,262318.39
4014,2,2026-05-06T10:46:00,1,5.3919,37563.89,2261.56,1122.48,38149.13
4015,384,2026-05-07T13:49:00,1,139.1589,14071.86,1187.14,501.06,13806.42
4016,154,2026-05-30T15:30:00,1,24.6383,170848.24,8939.62,6287.23,170050.2
4017,76,2026-05-06T18:00:00,1,36.1511,251976.76,15285.02,8179.19,253596.23
4018,160,2026-05-16T10:16:00,1,41.4832,4350.02,523.19,164.63,4277.48
4019,491,2026-05-12T20:05:00,1,28.3832,196092.31,10302.41,6855.3,199373.19
4020,198,2026-05-22T12:09:00,1,15.7741,1539.27,78.59,50.84,1527.5
4021,190,2026-05-03T18:29:00,1,2.4559,18877.15,1473.24,651.59,19101.48
4022,281,2026-05-17T12:04:00,1,13.5853,94066.36,5127.88,3400.11,94266.98
4023,72,2026-05-28T18:20:00,1,10.2814,71340.93,3733.94,2090.7,71748.57
4024,153,2026-05-08T15:06:00,1,36.3674,3794.13,431.24,128.73,3846.81
4025,275,2026-05-07T14:32:00,1,5.1673,38089.01,1505.3,1232.66,38595.29
4026,29,2026-05-02T16:15:00,1,13.1621,100672.02,7265.33,3474.99,103492.16
4027,47,2026-05-10T10:04:00,1,4.4362,30707.38,1670.19,819.25,30937.05
4028,134,2026-05-08T11:40:00,1,8.2685,58750.31,81.58,1906.23,59124.2
4029,57,2026-05-31T17:04:00,1,19.0088,135050.12,201.5,4297.2,135836.68
4030,293,2026-05-15T15:40:00,1,22.9979,159255.54,8035.38,5330.89,161345.44
4031,280,2026-05-11T16:53:00,1,57.5885,5888.79,567.04,160.47,5785.46
4032,30,2026-05-14T09:09:00,1,7.7113,57217.6,2537.85,1942.06,57913.08
4033,460,2026-05-14T12:59:00,1,20.4061,157728.87,13032.07,5363.38,160633.54
4034,432,2026-05-24T11:45:00,1,12.1559,92979.9,6669.36,3501.48,95303.21
4035,396,2026-05-07T11:12:00,1,24.6006,2388.77,111.0,62.17,2384.32
4036,30,2026-05-06T14:41:00,1,7.7113,57350.42,2694.11,1785.1,57913.08
4037,368,2026-05-31T19:20:00,1,6.4593,47821.16,1998.82,1649.87,48411.74
4038,486,2026-05-27T10:06:00,1,25.5385,2482.04,118.45,72.7,2478.69
4039,155,2026-05-26T16:02:00,1,43.3929,4214.46,201.92,129.67,4213.46
4040,56,2026-05-11T18:36:00,1,175.6407,17516.76,1285.8,520.12,16189.86
4041,76,2026-05-01T15:57:00,1,36.1511,251210.29,13954.96,9196.04,253596.23
4042,133,2026-05-07T11:08:00,1,14.5876,112641.17,9363.15,3632.35,113326.2
4043,454,2026-05-05T14:14:00,1,40.6398,4141.83,388.34,107.7,4115.87
4044,462,2026-05-19T09:23:00,1,52.4788,5433.83,583.21,185.35,5136.59
4045,200,2026-05-05T19:47:00,1,16.4058,114566.64,7104.06,3073.11,115360.06
4046,327,2026-05-25T12:16:00,1,2.2934,17627.52,1355.46,468.31,17663.02
4047,285,2026-05-10T12:14:00,1,15.0484,103885.12,5385.67,3425.22,104994.48
4048,341,2026-05-06T10:50:00,1,23.4326,162993.27,9573.24,5251.3,166136.18
4049,115,2026-05-06T14:53:00,1,15.2051,107915.25,144.24,3588.25,108814.28
4050,458,2026-05-14T12:19:00,1,5.2364,36800.03,2440.87,1099.06,36910.77
4051,100,2026-05-17T13:39:00,1,3.7986,26357.15,1488.97,935.37,26721.43
4052,236,2026-05-14T18:32:00,1,45.6461,4796.19,579.86,133.42,4839.03
4053,230,2026-05-14T09:46:00,1,3.6613,28367.48,2405.71,789.34,28608.91
4054,432,2026-05-19T16:40:00,1,12.1559,94036.1,7951.06,2705.25,95303.21
4055,357,2026-05-16T12:17:00,1,43.877,4497.4,449.75,165.04,4465.7
4056,352,2026-05-19T11:39:00,1,5.1549,35880.33,2082.64,1205.62,36627.39
4057,253,2026-05-27T10:21:00,1,12.2356,90537.22,3705.57,2786.83,91721.49
4058,367,2026-05-06T15:23:00,1,9.0261,64074.61,99.24,2445.57,65124.45
4059,434,2026-05-11T16:48:00,1,133.699,13438.13,1083.01,355.43,13484.87
4060,477,2026-05-13T12:55:00,1,13.4506,93626.04,5581.91,2839.92,94914.32
4061,340,2026-05-17T15:19:00,1,165.8251,16558.78,1210.01,618.08,16808.1
4062,57,2026-05-09T12:15:00,1,19.0088,134862.03,189.05,5165.96,135836.68
4063,216,2026-05-28T13:56:00,1,3.2471,25337.79,2310.07,768.93,25710.38
4064,236,2026-05-25T15:27:00,1,45.6461,4822.59,601.7,140.17,4839.03
4065,383,2026-05-11T17:37:00,1,62.5518,6556.09,775.68,196.21,6362.59
4066,372,2026-05-23T19:56:00,1,4.8056,33391.75,1999.02,1029.1,33637.33
4067,409,2026-05-19T12:09:00,1,46.9191,4810.75,474.02,144.04,4742.35
4068,155,2026-05-07T15:31:00,1,43.3929,4251.09,233.34,147.3,4213.46
4069,490,2026-05-19T16:05:00,1,5.6869,39401.56,2115.86,1060.76,40314.64
4070,84,2026-05-21T15:12:00,1,13.5748,93959.56,4710.95,3180.93,95463.21
4071,397,2026-05-21T13:13:00,1,7.6603,53456.21,3092.95,1522.16,53492.63
4072,499,2026-05-22T17:47:00,1,13.2935,101864.03,7635.71,3322.92,102010.86
4073,229,2026-05-08T10:25:00,1,16.1684,112728.11,6351.36,2923.55,114144.12
4074,389,2026-05-18T18:40:00,1,19.9391,138168.35,7783.38,4537.24,140278.17
4075,127,2026-05-20T17:50:00,1,3.0645,23898.0,2191.66,883.86,24453.74
4076,349,2026-05-03T12:43:00,1,3.9789,30739.21,2542.46,926.4,30859.88
4077,268,2026-05-03T17:41:00,1,7.2654,51553.63,66.86,1911.65,52415.61
4078,105,2026-05-23T09:31:00,1,3.087,23880.96,1991.26,620.29,23973.36
4079,429,2026-05-07T16:44:00,1,11.4674,84837.94,3650.47,2584.0,86268.38
4080,90,2026-05-25T10:17:00,1,25.9884,182725.17,11635.74,4687.28,185674.24
4081,286,2026-05-20T17:57:00,1,25.0601,174650.94,10364.44,5548.53,176868.79
4082,379,2026-05-01T20:17:00,1,2.4927,19277.45,1638.38,528.03,19172.38
4083,306,2026-05-07T13:25:00,1,28.0255,193147.11,9835.68,7365.46,196973.59
4084,418,2026-05-07T16:25:00,1,23.6409,181820.0,14445.97,5347.78,183599.47
4085,99,2026-05-11T20:37:00,1,19.3079,134144.64,7546.02,4873.56,135735.36
4086,443,2026-05-21T13:22:00,1,15.7014,120229.91,8788.6,4374.36,120762.4
4087,400,2026-05-13T18:06:00,1,27.1971,2765.68,255.93,99.69,2604.31
4088,245,2026-05-05T18:40:00,1,39.8096,4178.22,501.41,138.25,4189.15
4089,478,2026-05-10T18:16:00,1,4.5452,35070.62,2870.7,1075.31,35575.85
4090,270,2026-05-28T10:11:00,1,4.256,33260.1,3077.48,1274.41,33198.81
4091,341,2026-05-14T13:36:00,1,23.4326,163995.66,10240.31,5002.82,166136.18
4092,245,2026-05-03T19:01:00,1,39.8096,4171.21,489.22,130.89,4189.15
4093,219,2026-05-22T14:14:00,1,78.5036,7946.32,676.89,226.23,7781.34
4094,320,2026-05-04T10:10:00,1,11.7703,86814.24,3414.6,3284.7,88241.28
4095,186,2026-05-26T15:49:00,1,20.4986,142566.84,7566.75,3699.97,142115.47
4096,382,2026-05-08T18:02:00,1,52.9414,5432.07,536.58,157.98,5290.2
4097,405,2026-05-25T13:17:00,1,69.8843,7230.59,768.39,206.06,7338.21
4098,116,2026-05-16T16:42:00,1,4.3399,34029.5,3291.68,1053.78,33403.12
4099,426,2026-05-07T10:18:00,1,38.3169,4049.59,501.83,117.85,3943.04
4100,26,2026-05-27T13:05:00,1,42.9332,299923.25,18260.42,10738.28,302199.84
4101,387,2026-05-02T16:38:00,1,11.9529,88998.44,4173.01,3263.72,89528.73
4102,116,2026-05-02T17:05:00,1,4.3399,33577.76,2779.05,967.49,33950.86
4103,57,2026-05-13T19:45:00,1,19.0088,135111.53,171.48,3948.15,135836.68
4104,315,2026-05-22T09:54:00,1,42.8276,4186.73,220.89,148.53,4154.72
4105,166,2026-05-21T09:09:00,1,42.0913,295821.55,19088.93,8184.74,293157.89
4106,283,2026-05-18T15:59:00,1,29.6388,3057.0,316.0,94.59,2996.9
4107,64,2026-05-13T20:04:00,1,3.1873,22244.23,1380.99,853.97,22434.36
4108,466,2026-05-20T11:07:00,1,4.9899,38908.6,3564.34,1118.8,39724.52
4109,450,2026-05-25T20:59:00,1,10.9034,1059.49,51.25,33.93,1046.78
4110,175,2026-05-10T09:13:00,1,10.3823,71630.15,3672.7,2648.05,72571.72
4111,170,2026-05-07T16:36:00,1,3.1856,24448.08,1894.51,645.08,25271.83
4112,357,2026-05-04T18:06:00,1,43.877,4498.77,437.51,169.25,4465.7
4113,110,2026-05-30T14:50:00,1,19.8326,140898.86,200.05,3712.99,139927.76
4114,258,2026-05-04T16:07:00,1,20.9309,145424.26,8518.8,5367.92,145290.21
4115,109,2026-05-29T18:43:00,1,38.1991,3881.42,354.12,134.41,3663.12
4116,165,2026-05-30T11:19:00,1,34.0778,239247.22,15307.68,6174.41,240878.13
4117,481,2026-05-15T17:35:00,1,9.6978,68949.31,100.26,1768.9,68391.88
4118,428,2026-05-21T11:53:00,1,2.987,22982.02,1781.67,615.41,23252.12
4119,285,2026-05-15T11:58:00,1,15.0484,105069.02,6119.92,3091.99,104994.48
4120,260,2026-05-30T18:13:00,1,24.8355,172239.75,9035.25,6112.68,174878.99
4121,233,2026-05-16T15:18:00,1,12.6163,93675.45,4319.12,2839.94,94096.53
4122,458,2026-05-14T17:50:00,1,5.2364,36568.28,2209.12,969.73,36910.77
4123,44,2026-05-02T18:07:00,1,4.73,33393.65,2306.43,1068.3,33944.67
4124,349,2026-05-13T13:10:00,1,3.9789,30636.31,2390.82,1010.79,30859.88
4125,133,2026-05-21T09:04:00,1,14.5876,111679.02,8142.95,3356.95,113326.2
4126,378,2026-05-08T14:03:00,1,22.3074,153922.58,7155.5,4601.45,157085.33
4127,219,2026-05-20T11:24:00,1,78.5036,7890.52,648.56,299.54,7781.34
4128,37,2026-05-14T14:10:00,1,3.501,24385.97,1413.81,878.41,24874.3
4129,172,2026-05-06T13:57:00,1,27.5585,2689.92,144.89,85.97,2681.44
4130,41,2026-05-01T16:46:00,1,3.6873,25567.72,1368.41,773.42,25728.91
4131,432,2026-05-03T17:38:00,1,12.1559,94070.61,7926.97,2969.98,95303.21
4132,375,2026-05-20T14:27:00,1,4.191,29276.37,1801.43,946.48,29466.95
4133,206,2026-05-20T18:14:00,1,25.6022,178125.14,10284.8,5860.09,179409.86
4134,32,2026-05-01T19:44:00,1,9.8569,68049.35,3359.7,2256.71,68990.65
4135,389,2026-05-11T19:58:00,1,19.9391,138998.97,8261.68,4177.3,140278.17
4136,214,2026-05-07T13:56:00,1,15.0718,106852.75,146.67,3799.92,107549.49
4137,78,2026-05-28T20:05:00,1,3.8207,30032.43,2936.87,941.15,29924.02
4138,243,2026-05-05T19:23:00,1,15.8002,112283.01,154.52,3065.98,114067.51
4139,216,2026-05-12T09:30:00,1,3.2471,25054.38,2057.44,764.15,25710.38
4140,12,2026-05-22T19:58:00,1,28.8297,198396.06,9953.61,5825.7,201674.99
4141,146,2026-05-04T15:32:00,1,45.6533,4469.41,243.74,114.71,4363.13
4142,344,2026-05-31T13:02:00,1,14.46,100191.04,5527.64,3669.26,100842.02
4143,420,2026-05-23T10:56:00,1,5.4005,42083.96,3789.39,1496.45,42365.92
4144,3,2026-05-01T15:26:00,1,15.4507,119472.53,10138.9,4557.87,119964.69
4145,289,2026-05-20T10:31:00,1,4.1901,32353.52,2674.37,940.87,32756.33
4146,73,2026-05-18T11:12:00,1,10.0421,74063.56,2982.56,2343.22,75087.54
4147,268,2026-05-24T19:10:00,1,7.2654,51653.53,67.01,1554.51,52415.61
4148,75,2026-05-08T11:35:00,1,5.2811,36952.67,2206.73,1016.03,37112.22
4149,83,2026-05-10T14:55:00,1,16.4877,125734.55,8929.42,3665.76,128344.3
4150,83,2026-05-17T18:38:00,1,16.4877,126069.78,9284.43,4840.96,128344.3
4151,159,2026-05-02T20:48:00,1,106.8915,10656.23,769.84,285.39,9855.57
4152,296,2026-05-09T12:23:00,1,106.5754,10676.06,844.48,382.98,10695.11
4153,473,2026-05-26T12:22:00,1,4.9432,34374.83,1819.8,930.8,34561.14
4154,355,2026-05-01T14:12:00,1,34.4809,3628.16,440.75,136.8,3345.31
4155,170,2026-05-31T11:10:00,1,3.1856,24785.18,2186.5,775.04,25271.83
4156,409,2026-05-21T09:50:00,1,46.9191,4801.75,472.06,130.99,4742.35
4157,493,2026-05-14T19:23:00,1,3.8343,26628.22,1469.08,899.67,26924.1
4158,262,2026-05-18T16:33:00,1,7.1953,50205.95,3154.73,1670.08,50188.36
4159,129,2026-05-01T10:01:00,1,58.1956,6025.94,646.34,195.95,5543.18
4160,476,2026-05-10T20:21:00,1,15.7836,108396.6,5084.89,3174.13,110953.24
4161,130,2026-05-10T11:50:00,1,2.9689,22799.42,1766.6,680.82,22961.63
4162,406,2026-05-17T19:16:00,1,17.4692,123921.3,183.81,3324.04,124975.1
4163,154,2026-05-16T13:46:00,1,24.6383,169665.42,8719.42,6080.52,170050.2
4164,470,2026-05-21T10:41:00,1,11.707,86559.09,3468.19,2256.26,87563.24
4165,273,2026-05-22T09:24:00,1,5.1573,38225.13,1668.64,1277.14,38716.4
4166,119,2026-05-25T17:41:00,1,3.7223,26127.91,1622.89,997.07,26552.84
4167,378,2026-05-31T16:35:00,1,22.3074,153102.73,7065.77,5870.1,157085.33
4168,312,2026-05-25T12:52:00,1,22.4573,155098.61,7255.47,4260.19,159340.48
4169,352,2026-05-20T13:59:00,1,5.1549,35948.89,2154.91,1251.01,36627.39
4170,487,2026-05-29T18:36:00,1,139.4639,13935.69,1057.59,485.27,13934.72
4171,8,2026-05-11T14:58:00,1,4.5632,35770.08,3395.04,1168.7,36048.01
4172,264,2026-05-26T20:49:00,1,10.9703,76310.48,4062.06,2512.42,77272.76
4173,11,2026-05-18T20:00:00,1,22.9405,160146.78,10135.18,4482.21,162693.73
4174,445,2026-05-14T19:03:00,1,56.0557,5864.36,686.49,182.4,5771.96
4175,368,2026-05-10T18:51:00,1,6.4593,47768.95,2008.81,1316.57,48411.74
4176,291,2026-05-14T09:24:00,1,2.3094,17731.06,1355.43,469.05,18316.84
4177,176,2026-05-14T13:23:00,1,79.6742,8307.89,948.38,237.52,8259.16
4178,237,2026-05-29T11:28:00,1,8.7772,60210.51,2791.38,1848.95,60919.31
4179,221,2026-05-03T17:04:00,1,12.4688,92691.34,4330.32,2869.14,93644.97
4180,160,2026-05-19T14:14:00,1,41.4832,4371.8,537.51,115.2,4277.48
4181,338,2026-05-01T20:25:00,1,10.8588,80323.2,3483.18,2256.2,82027.98
4182,328,2026-05-20T15:18:00,1,3.0974,23816.08,1876.7,796.52,24319.39
4183,143,2026-05-10T11:20:00,1,12.2929,90989.7,3902.13,3304.59,92374.57
4184,427,2026-05-29T19:11:00,1,60.6339,6371.88,772.95,206.47,6272.72
4185,129,2026-05-24T12:19:00,1,58.1956,6033.6,648.18,173.81,5543.18
4186,274,2026-05-01T16:45:00,1,4.3282,33819.0,3191.4,984.34,33981.46
4187,68,2026-05-10T12:55:00,1,19.087,131622.36,6688.21,3927.18,132429.93
4188,211,2026-05-20T14:29:00,1,6.0918,43205.33,56.14,1401.69,43932.92
4189,151,2026-05-28T15:11:00,1,18.1146,127418.49,8303.04,4775.71,128519.85
4190,445,2026-05-16T11:17:00,1,56.0557,5852.3,681.16,178.2,5771.96
4191,89,2026-05-12T12:14:00,1,3.0342,21063.25,1202.07,603.7,21200.13
4192,349,2026-05-05T18:18:00,1,3.9789,30885.52,2648.66,924.27,30859.88
4193,190,2026-05-06T14:40:00,1,2.4559,19140.89,1733.91,697.85,19101.48
4194,287,2026-05-30T12:02:00,1,11.5804,80773.43,4673.76,2610.97,82202.86
4195,149,2026-05-01T15:25:00,1,24.2917,187670.09,15774.98,5140.23,190817.31
4196,99,2026-05-29T10:28:00,1,19.3079,134206.57,7897.18,4496.0,135735.36
4197,84,2026-05-04T18:08:00,1,13.5748,93527.74,4737.28,3533.14,95463.21
4198,442,2026-05-05T16:34:00,1,22.5468,172253.57,12246.82,4601.54,176097.65
4199,492,2026-05-25T19:15:00,1,5.5826,43264.74,3655.24,1173.6,43858.87
4200,315,2026-05-06T12:30:00,1,42.8276,4186.39,231.26,127.67,4154.72
4201,457,2026-05-27T11:52:00,1,28.4822,2764.34,128.31,78.6,2777.92
4202,188,2026-05-25T12:37:00,1,32.234,3126.8,146.12,88.67,3099.91
4203,84,2026-05-17T14:00:00,1,13.5748,93188.71,4318.97,3019.78,95463.21
4204,99,2026-05-05T18:03:00,1,19.3079,133141.61,6669.46,3570.7,135735.36
4205,58,2026-05-19T14:39:00,1,55.451,5545.82,420.48,159.26,5047.45
4206,121,2026-05-16T09:00:00,1,5.6102,39224.99,2577.2,1046.71,39753.67
4207,32,2026-05-21T19:21:00,1,9.8569,67924.86,3119.88,2355.08,68990.65
4208,230,2026-05-04T14:24:00,1,3.6613,28442.26,2499.75,795.18,28608.91
4209,381,2026-05-23T10:32:00,1,51.5308,5398.61,640.26,186.58,5266.72
4210,394,2026-05-12T09:46:00,1,16.5177,114214.39,6093.32,3800.62,116296.83
4211,240,2026-05-19T11:14:00,1,5.1622,38373.68,1816.27,1381.16,38618.57
4212,1,2026-05-10T12:08:00,1,4.1528,32497.85,3077.84,975.09,33069.85
4213,396,2026-05-08T19:29:00,1,24.6006,2387.56,112.74,72.89,2384.32
4214,248,2026-05-30T13:21:00,1,12.1774,84525.15,4502.34,2995.17,84291.64
4215,199,2026-05-10T12:28:00,1,19.2605,133302.56,7232.76,3903.85,135549.94
4216,7,2026-05-26T14:12:00,1,13.6765,101733.27,4586.63,3405.14,102782.02
4217,360,2026-05-20T10:42:00,1,6.8958,48075.07,2868.27,1294.97,48032.53
4218,241,2026-05-16T15:21:00,1,21.0662,145501.52,7889.73,4508.4,146917.66
4219,32,2026-05-12T15:04:00,1,9.8569,67747.91,3226.91,2142.73,68990.65
4220,68,2026-05-01T10:52:00,1,19.087,132930.37,7664.68,3675.46,132429.93
4221,373,2026-05-21T15:42:00,1,191.6333,19162.15,1478.23,624.82,19140.35
4222,40,2026-05-26T11:15:00,1,47.2477,4862.38,493.39,128.2,4849.47
4223,38,2026-05-22T17:43:00,1,9.9544,70651.63,91.86,2241.37,71867.8
4224,492,2026-05-15T16:40:00,1,5.5826,43169.22,3535.83,1452.81,43858.87
4225,227,2026-05-07T12:43:00,1,14.5655,111572.99,8451.43,3049.76,114409.44
4226,260,2026-05-04T10:55:00,1,24.8355,171205.27,8760.49,5666.54,174878.99
4227,74,2026-05-13T13:41:00,1,7.7284,57493.26,2630.74,1852.16,57947.77
4228,274,2026-05-12T10:05:00,1,4.3282,33631.29,2977.68,1253.39,33981.46
4229,153,2026-05-28T09:02:00,1,36.3674,3770.76,406.05,111.57,3846.81
4230,15,2026-05-31T14:49:00,1,47.6096,4892.5,499.56,153.65,4864.61
4231,450,2026-06-23T20:44:00,1,10.9034,1059.05,54.52,54.89,1046.78
4232,4,2026-06-10T20:36:00,1,11.895,83943.44,118.42,4790.76,85807.67
4233,239,2026-06-28T17:18:00,1,20.6013,141579.41,7134.09,6452.16,142380.11
4234,368,2026-06-21T12:41:00,1,6.4593,47352.66,1731.21,1840.37,48411.74
4235,319,2026-06-17T17:43:00,1,72.4721,7411.13,741.52,326.22,7444.73
4236,441,2026-06-05T19:46:00,1,5.6742,39568.64,2477.93,1666.11,40522.82
4237,460,2026-06-05T20:45:00,1,20.4061,155897.36,11699.9,8759.58,160633.54
4238,144,2026-06-11T16:25:00,1,7.8189,53462.46,2626.47,2999.92,54445.48
4239,401,2026-06-24T15:40:00,1,6.8381,47002.23,2488.87,2161.73,48170.62
4240,119,2026-06-22T17:27:00,1,3.7223,25694.68,1430.27,1412.37,26552.84
4241,107,2026-06-01T11:01:00,1,29.1472,199423.07,9400.81,11442.5,203805.95
4242,430,2026-06-27T19:33:00,1,7.8341,53658.0,2622.91,2975.43,53671.17
4243,155,2026-06-17T13:49:00,1,43.3929,4209.75,216.3,171.88,4213.46
4244,456,2026-06-18T12:27:00,1,2.4701,18833.58,1389.54,1082.23,18869.74
4245,445,2026-06-15T17:10:00,1,56.0557,5801.09,640.6,265.2,5771.96
4246,490,2026-06-23T20:47:00,1,5.6869,39042.46,2109.63,1803.18,39431.19
4247,334,2026-06-03T14:40:00,1,14.5628,100039.97,5292.06,4573.71,101921.6
4248,357,2026-06-09T15:56:00,1,43.877,4453.78,412.27,195.49,4465.7
4249,478,2026-06-20T14:58:00,1,4.5452,34842.69,2712.31,1714.12,35575.85
4250,217,2026-06-09T10:55:00,1,32.1275,3258.87,299.61,177.32,3280.44
4251,101,2026-06-05T10:58:00,1,6.4304,44287.32,2253.53,2014.9,45333.33
4252,294,2026-06-30T19:56:00,1,11.2674,1084.58,48.88,42.69,1099.9
4253,457,2026-06-01T13:25:00,1,28.4822,2738.6,119.95,152.43,2777.92
4254,60,2026-06-16T20:44:00,1,6.9398,47613.77,2474.67,2650.8,48538.28
4255,468,2026-06-23T09:13:00,1,25.5173,175859.25,10140.46,8579.32,180900.58
4256,497,2026-06-17T20:47:00,1,3.6197,27784.94,2265.77,1374.8,28205.6
4257,22,2026-06-10T13:03:00,1,13.9576,102268.32,3908.0,4060.9,104078.01
4258,146,2026-06-08T17:21:00,1,45.6533,4393.62,191.69,202.94,4363.13
4259,42,2026-06-22T17:40:00,1,5.2378,40198.9,3179.91,1798.47,41098.97
4260,345,2026-06-04T16:19:00,1,6.9195,47444.37,2431.5,2410.08,48077.3
4261,236,2026-06-11T09:39:00,1,45.6461,4694.87,489.04,184.78,4839.03
4262,335,2026-06-01T14:24:00,1,17.4016,118606.52,5158.53,5472.94,119712.65
4263,151,2026-06-15T16:35:00,1,18.1146,124334.81,6453.51,6781.63,128519.85
4264,140,2026-06-02T09:09:00,1,21.4836,2070.45,90.74,116.36,2063.66
4265,464,2026-06-15T15:57:00,1,13.6974,104689.92,7999.97,5340.81,105015.19
4266,317,2026-06-17T12:30:00,1,14.7122,112158.29,8436.1,5697.65,114345.81
4267,370,2026-06-04T17:59:00,1,9.1394,64539.45,83.01,2610.54,65899.15
4268,200,2026-06-14T15:07:00,1,16.4058,113956.29,6948.97,5507.88,115360.06
4269,48,2026-06-19T15:28:00,1,12.8521,87571.65,4197.38,4752.58,89666.74
4270,185,2026-06-19T19:12:00,1,138.7501,13845.48,1069.37,670.25,13875.63
4271,85,2026-06-14T20:20:00,1,26.0333,2501.81,109.35,137.85,2522.05
4272,453,2026-06-01T12:23:00,1,24.0131,182101.55,12812.08,10415.77,188274.4
4273,102,2026-06-09T18:22:00,1,18.5,126605.14,5786.08,6172.14,127765.91
4274,219,2026-06-11T14:15:00,1,78.5036,7804.14,570.82,322.15,7781.34
4275,188,2026-06-08T18:49:00,1,32.234,3129.55,162.73,154.94,3099.91
4276,398,2026-06-17T15:42:00,1,7.997,56448.11,68.62,2340.17,57680.36
4277,77,2026-06-04T16:21:00,1,5.0459,38815.5,3228.84,2069.41,40007.15
4278,292,2026-06-02T13:59:00,1,17.0016,116931.94,5999.9,5231.63,120190.48
4279,220,2026-06-14T12:00:00,1,39.659,3828.84,184.18,191.49,3876.63
4280,427,2026-06-28T17:21:00,1,60.6339,6299.27,706.4,242.67,6272.72
4281,110,2026-06-06T16:48:00,1,19.8326,140315.2,197.09,6632.83,139927.76
4282,198,2026-06-14T12:16:00,1,15.7741,1523.54,73.9,82.23,1527.5
4283,166,2026-06-03T20:03:00,1,42.0913,290565.6,16712.87,15682.21,293157.89
4284,89,2026-06-11T13:27:00,1,3.0342,20760.42,1033.02,1003.62,21200.13
4285,58,2026-06-08T12:58:00,1,55.451,5471.38,367.67,267.29,5047.45
4286,4,2026-06-18T11:56:00,1,11.895,84121.98,118.54,4722.45,85807.67
4287,380,2026-06-27T12:35:00,1,27.6089,2651.76,114.5,125.08,2674.7
4288,453,2026-06-23T16:30:00,1,24.0131,183344.94,14168.81,10385.12,188274.4
4289,235,2026-06-30T10:56:00,1,8.0469,56891.62,77.69,3010.07,57915.77
4290,398,2026-06-17T20:46:00,1,7.997,56450.01,70.52,2513.47,57680.36
4291,248,2026-06-21T09:49:00,1,12.1774,83526.91,3924.22,3832.78,84291.64
4292,315,2026-06-02T11:04:00,1,42.8276,4124.21,177.65,230.22,4154.72
4293,28,2026-06-27T11:12:00,1,12.4734,91571.91,3408.92,5024.09,93249.78
4294,156,2026-06-22T19:03:00,1,40.2472,3875.69,177.37,164.94,3905.61
4295,181,2026-06-24T20:42:00,1,19.7854,139809.02,187.8,7647.04,142839.21
4296,231,2026-06-16T20:57:00,1,16.9595,128034.91,8601.36,6438.32,131187.83
4297,220,2026-06-30T19:30:00,1,39.659,3814.04,168.58,188.9,3876.63
4298,59,2026-06-13T14:49:00,1,17.543,123737.99,157.03,6200.55,124054.13
4299,205,2026-06-13T09:38:00,1,9.4979,69854.57,2946.99,3227.91,71377.12
4300,319,2026-06-24T12:12:00,1,72.4721,7506.68,829.1,363.78,7444.73
4301,154,2026-06-25T20:23:00,1,24.6383,168015.5,7562.27,6508.14,170050.2
4302,82,2026-06-06T11:43:00,1,61.9363,6443.43,743.43,351.3,5874.53
4303,196,2026-06-22T16:39:00,1,29.6387,3007.77,284.27,126.83,2814.98
4304,107,2026-06-23T18:04:00,1,29.1472,198835.1,9542.4,10833.64,203805.95
4305,398,2026-06-09T09:29:00,1,7.997,56544.21,69.8,2848.49,57680.36
4306,11,2026-06-12T12:26:00,1,22.9405,158385.03,9206.86,7536.31,162693.73
4307,29,2026-06-25T19:37:00,1,13.1621,99661.94,6704.61,4770.08,103492.16
4308,62,2026-06-03T20:44:00,1,4.7149,36489.57,3284.09,1631.52,37523.03
4309,53,2026-06-02T11:26:00,1,39.5475,3810.55,166.25,198.19,3823.01
4310,5,2026-06-01T14:35:00,1,4.2729,32877.33,2753.9,1347.42,33053.93
4311,297,2026-06-23T16:58:00,1,28.6626,196576.04,10430.51,8536.07,201164.64
4312,175,2026-06-20T12:14:00,1,10.3823,71083.85,3313.49,3488.87,72571.72
4313,167,2026-06-10T14:31:00,1,12.0913,82502.32,3899.32,4298.67,82941.57
4314,467,2026-06-03T18:25:00,1,3.5951,27512.02,2192.92,1113.4,28120.75
4315,243,2026-06-19T12:57:00,1,15.8002,111416.97,133.48,4817.81,111419.59
4316,374,2026-06-17T15:54:00,1,158.1349,15815.75,1262.6,906.42,15997.31
4317,152,2026-06-22T09:56:00,1,14.682,100748.25,5041.28,5440.04,103061.96
4318,114,2026-06-03T20:08:00,1,22.4097,171288.81,13464.69,9700.84,174081.22
4319,428,2026-06-22T17:09:00,1,2.987,22864.34,1753.24,1038.17,23252.12
4320,163,2026-06-13T18:57:00,1,45.0083,4344.9,208.64,188.86,4378.61
4321,90,2026-06-24T09:02:00,1,25.9884,179212.37,10038.02,7324.03,185674.24
4322,425,2026-06-02T19:09:00,1,11.6469,85638.85,3558.6,4496.47,87666.76
4323,11,2026-06-18T13:42:00,1,22.9405,158820.66,8671.19,6250.05,162693.73
4324,392,2026-06-13T18:01:00,1,61.6451,6385.2,720.02,284.38,6495.48
4325,292,2026-06-25T11:31:00,1,17.0016,117076.83,6356.46,4964.37,120190.48
4326,459,2026-06-04T20:03:00,1,6.8639,50388.85,1980.58,2565.43,51697.62
4327,460,2026-06-21T12:20:00,1,20.4061,155832.34,11705.89,6576.82,160633.54
4328,470,2026-06-14T15:38:00,1,11.707,86241.89,3684.36,4817.81,87563.24
4329,375,2026-06-25T09:05:00,1,4.191,29143.75,1850.49,1231.46,29466.95
4330,474,2026-06-02T09:33:00,1,2.6939,20453.14,1468.18,800.21,21209.1
4331,430,2026-06-20T16:33:00,1,7.8341,54071.07,2934.06,2144.81,53671.17
4332,62,2026-06-24T17:02:00,1,4.7149,36006.92,2734.91,2032.87,37523.03
4333,93,2026-06-17T14:44:00,1,10.8246,79592.65,3278.35,4505.61,80998.56
4334,497,2026-06-09T18:48:00,1,3.6197,27538.17,1976.03,1344.97,28205.6
4335,97,2026-06-20T12:03:00,1,12.0171,82452.59,4011.09,4150.29,83643.95
4336,482,2026-06-09T15:27:00,1,14.7715,101846.28,5377.16,5149.39,101157.77
4337,50,2026-06-08T17:58:00,1,12.6872,93571.35,3937.04,4300.82,95672.47
4338,337,2026-06-01T11:08:00,1,6.8574,50367.45,2023.6,2718.17,51059.98
4339,356,2026-06-21T18:19:00,1,10.5422,77518.22,3059.61,3076.09,78802.91
4340,409,2026-06-15T16:54:00,1,46.9191,4785.05,465.68,273.91,4742.35
4341,2,2026-06-28T10:53:00,1,5.3919,37111.55,1923.69,1936.55,38149.13
4342,452,2026-06-03T17:13:00,1,17.8714,122539.33,6265.14,5526.27,127221.62
4343,356,2026-06-25T18:27:00,1,10.5422,77707.93,3253.64,2996.47,78802.91
4344,258,2026-06-30T17:18:00,1,20.9309,143631.4,6882.5,6750.53,145290.21
4345,76,2026-06-04T20:19:00,1,36.1511,249300.84,14129.98,14299.59,253596.23
4346,76,2026-06-22T15:46:00,1,36.1511,249408.13,13751.4,10691.97,253596.23
4347,453,2026-06-12T10:25:00,1,24.0131,182993.49,13646.63,9688.3,188274.4
4348,425,2026-06-16T10:32:00,1,11.6469,85399.61,3378.88,4410.85,87666.76
4349,257,2026-06-16T19:33:00,1,3.6998,25398.7,1333.79,1413.2,26155.07
4350,281,2026-06-26T12:27:00,1,13.5853,93614.08,5184.65,4330.21,94266.98
4351,282,2026-06-17T09:05:00,1,41.6824,289626.39,17414.06,14829.44,294156.91
4352,383,2026-06-21T19:10:00,1,62.5518,6441.05,676.28,343.3,6362.59
4353,237,2026-06-30T11:27:00,1,8.7772,60115.11,2770.59,2991.86,60919.31
4354,223,2026-06-14T17:00:00,1,5.2555,40408.22,3346.54,2196.24,41228.9
4355,296,2026-06-23T15:05:00,1,106.5754,10632.64,813.85,499.66,10695.11
4356,496,2026-06-13T11:35:00,1,11.1941,82474.57,3618.18,3681.45,84505.86
4357,479,2026-06-21T17:38:00,1,24.1015,183802.76,13576.03,10205.87,187108.32
4358,1,2026-06-15T14:36:00,1,4.1528,31877.47,2562.85,1581.37,33069.85
4359,278,2026-06-04T16:30:00,1,14.5841,110319.35,7463.67,4959.39,113770.29
4360,240,2026-06-05T16:24:00,1,5.1622,37977.76,1499.64,2168.95,38618.57
4361,156,2026-06-01T17:23:00,1,40.2472,3887.28,186.95,163.3,3570.93
4362,500,2026-06-24T10:58:00,1,31.1716,215037.24,12122.28,9566.6,215660.52
4363,374,2026-06-30T10:57:00,1,158.1349,15650.96,1115.2,833.34,15997.31
4364,494,2026-06-25T18:12:00,1,3.4802,24072.67,1408.39,1147.56,24604.21
4365,297,2026-06-03T14:55:00,1,28.6626,198562.98,12079.52,8155.03,201164.64
4366,203,2026-06-12T16:05:00,1,3.5736,27642.13,2440.14,1345.07,27946.28
4367,340,2026-06-04T15:02:00,1,165.8251,16566.37,1303.83,734.23,16808.1
4368,32,2026-06-28T09:45:00,1,9.8569,67596.8,3270.08,3600.09,68990.65
4369,315,2026-06-06T19:11:00,1,42.8276,4129.05,187.63,205.68,4154.72
4370,271,2026-06-15T14:40:00,1,4.3867,33825.32,2859.6,1876.25,34477.91
4371,239,2026-06-02T11:37:00,1,20.6013,141220.76,6801.4,7165.14,142380.11
4372,105,2026-06-01T11:21:00,1,3.087,23470.0,1707.02,1230.69,23973.36
4373,332,2026-06-01T19:02:00,1,6.9177,47422.88,2323.63,2282.83,48724.67
4374,256,2026-06-09T09:25:00,1,3.4873,26575.29,1948.15,1405.34,26890.68
4375,349,2026-06-21T11:10:00,1,3.9789,30529.93,2427.32,1259.83,30859.88
4376,123,2026-06-28T10:40:00,1,7.2724,49969.92,2509.8,2499.03,50807.76
4377,293,2026-06-01T09:50:00,1,22.9979,157786.76,7854.25,8744.47,161345.44
4378,497,2026-06-16T11:51:00,1,3.6197,27715.67,2224.73,1074.83,28205.6
4379,140,2026-06-26T20:27:00,1,21.4836,2072.93,92.36,94.92,2063.66
4380,76,2026-06-09T14:15:00,1,36.1511,250626.58,14532.42,12387.21,253596.23
4381,242,2026-06-26T09:44:00,1,137.6048,13746.12,1060.33,603.94,13734.42
4382,424,2026-06-11T10:51:00,1,17.9523,123649.69,6929.58,6604.42,126786.76
4383,336,2026-06-25T19:38:00,1,106.314,10540.17,747.59,483.88,10623.18
4384,190,2026-06-29T16:16:00,1,2.4559,18760.74,1441.61,1000.28,19101.48
4385,29,2026-06-24T12:23:00,1,13.1621,99973.77,7091.73,5572.72,103492.16
4386,339,2026-06-10T13:21:00,1,4.9004,33570.79,1714.32,1529.33,34103.43
4387,380,2026-06-03T17:34:00,1,27.6089,2663.93,121.43,135.81,2674.7
4388,350,2026-06-27T17:12:00,1,40.4539,3900.78,183.07,219.25,3900.46
4389,352,2026-06-24T13:35:00,1,5.1549,35594.75,2038.36,1713.11,36627.39
4390,389,2026-06-28T14:41:00,1,19.9391,137410.09,7286.33,7755.94,140278.17
4391,284,2026-06-14T16:13:00,1,22.3956,154109.01,8033.04,8446.68,156051.35
4392,224,2026-06-13T12:09:00,1,48.1507,4897.26,472.21,236.72,4971.13
4393,18,2026-06-28T14:33:00,1,66.0832,6848.85,753.34,323.58,7010.81
4394,243,2026-06-01T13:15:00,1,15.8002,111547.21,157.7,6213.29,114067.51
4395,85,2026-06-25T18:35:00,1,26.0333,2526.88,128.95,116.85,2522.05
4396,118,2026-06-22T12:55:00,1,16.9789,116506.76,5827.08,5037.17,119673.31
4397,383,2026-06-14T17:02:00,1,62.5518,6507.7,759.19,336.17,6362.59
4398,185,2026-06-01T14:51:00,1,138.7501,13831.63,1074.95,741.05,13875.63
4399,34,2026-06-12T11:34:00,1,12.0678,82745.01,4270.16,3228.06,84501.09
4400,143,2026-06-13T09:03:00,1,12.2929,90189.44,3592.6,4732.25,92374.57
4401,236,2026-06-07T18:48:00,1,45.6461,4688.54,481.8,262.66,4839.03
4402,105,2026-06-19T12:58:00,1,3.087,23420.56,1678.29,1109.55,23973.36
4403,388,2026-06-16T18:20:00,1,12.1851,85932.12,121.23,4693.19,87746.43
4404,144,2026-06-21T19:43:00,1,7.8189,54154.88,3043.36,2438.64,54445.48
4405,3,2026-06-08T15:08:00,1,15.4507,117793.2,8634.93,4587.89,119964.69
4406,174,2026-06-18T09:43:00,1,36.7959,256454.69,15619.27,10389.19,261235.38
4407,71,2026-06-23T14:01:00,1,13.8926,102126.88,4251.29,3931.21,103051.46
4408,346,2026-06-06T12:21:00,1,3.0109,21066.1,1361.05,847.04,21621.42
4409,123,2026-06-29T18:16:00,1,7.2724,49932.99,2443.27,2788.76,50807.76
4410,404,2026-06-22T12:48:00,1,42.524,294244.2,17044.7,15166.31,300825.57
4411,255,2026-06-20T12:05:00,1,5.3041,36714.31,2091.85,1944.46,37330.54
4412,419,2026-06-24T11:15:00,1,3.1838,21949.63,1224.33,885.25,22366.68
4413,346,2026-06-12T11:25:00,1,3.0109,20844.86,1265.49,910.41,21621.42
4414,186,2026-06-06T11:35:00,1,20.4986,141263.2,7108.68,7640.73,142115.47
4415,224,2026-06-27T19:22:00,1,48.1507,4883.6,458.55,272.49,4971.13
4416,60,2026-06-23T12:33:00,1,6.9398,47394.2,2324.57,2150.69,48538.28
4417,103,2026-06-18T13:21:00,1,40.7114,282870.07,16407.04,12763.63,290443.66
4418,498,2026-06-03T09:51:00,1,29.3844,2834.68,128.67,150.03,2596.58
4419,316,2026-06-27T12:20:00,1,4.8799,37891.15,3399.63,1513.82,37802.56
4420,53,2026-06-03T13:22:00,1,39.5475,3823.0,181.07,213.0,3823.01
4421,435,2026-06-12T20:29:00,1,21.1293,160235.91,11226.38,8258.21,164260.83
4422,368,2026-06-02T16:11:00,1,6.4593,47584.01,2062.8,2209.01,48411.74
4423,282,2026-06-28T12:28:00,1,41.6824,286864.09,14842.25,13525.08,294156.91
4424,135,2026-06-13T10:42:00,1,22.9212,2300.27,193.81,125.58,2313.05
4425,166,2026-06-27T20:46:00,1,42.0913,290387.73,16184.8,16521.84,293157.89
4426,399,2026-06-28T13:56:00,1,14.9726,110177.57,4625.83,5840.75,112741.34
4427,55,2026-06-06T13:33:00,1,41.8192,290666.09,16977.41,11322.01,296351.07
4428,65,2026-06-17T15:10:00,1,7.9839,58861.22,2574.09,3000.51,59986.27
4429,8,2026-06-19T18:14:00,1,4.5632,35149.46,3010.07,1389.7,35365.16
4430,47,2026-06-20T12:59:00,1,4.4362,30698.26,1741.01,1320.56,30937.05
4431,324,2026-06-20T20:31:00,1,11.2024,85171.59,5980.93,3391.2,86023.64
4432,491,2026-06-02T14:46:00,1,28.3832,194741.92,9547.22,7599.56,196145.75
4433,323,2026-06-27T11:58:00,1,11.8931,87625.85,3564.47,3605.15,89968.8
4434,357,2026-06-23T19:51:00,1,43.877,4464.11,421.72,209.2,4465.7
4435,55,2026-06-06T12:52:00,1,41.8192,291309.25,17620.57,12390.55,296351.07
4436,406,2026-06-17T09:19:00,1,17.4692,123333.47,174.21,5992.45,124975.1
4437,261,2026-06-12T13:41:00,1,3.9864,30664.01,2550.84,1230.75,31349.87
4438,82,2026-06-02T12:25:00,1,61.9363,6342.69,635.26,317.58,5874.53
4439,157,2026-06-12T17:11:00,1,5.5603,42468.58,3255.84,2184.87,43921.22
4440,413,2026-06-24T11:30:00,1,9.2313,67718.29,2575.04,2920.64,69692.43
4441,188,2026-06-25T11:38:00,1,32.234,3113.52,144.45,142.19,3114.91
4442,319,2026-06-03T18:01:00,1,72.4721,7411.68,737.72,331.74,7444.73
4443,393,2026-06-10T10:33:00,1,5.8217,40317.88,2472.23,1698.45,40681.64
4444,446,2026-06-23T15:56:00,1,15.9701,120803.98,8292.07,5332.74,125003.74
4445,322,2026-06-12T09:43:00,1,36.3621,249734.17,13277.62,13404.35,257975.67
4446,343,2026-06-28T16:30:00,1,12.5555,85703.3,3765.35,4905.78,87744.14
4447,65,2026-06-22T15:09:00,1,7.9839,58844.95,2417.46,2621.97,59986.27
4448,360,2026-06-19T16:38:00,1,6.8958,47076.6,2342.1,2416.18,48032.53
4449,69,2026-06-13T10:58:00,1,62.0656,6444.3,740.47,366.24,6460.93
4450,233,2026-06-07T15:09:00,1,12.6163,92811.36,3979.61,4471.4,94096.53
4451,361,2026-06-20T17:31:00,1,4.8008,36771.34,2834.1,1449.84,37516.15
4452,124,2026-06-27T18:35:00,1,16.7443,127812.06,9462.01,5292.6,128948.28
4453,133,2026-06-13T14:28:00,1,14.5876,110922.34,8160.58,4420.24,113326.2
4454,118,2026-06-22T10:49:00,1,16.9789,116103.71,5424.03,6192.72,119673.31
4455,14,2026-06-12T16:31:00,1,37.31,255990.27,13369.68,12355.58,262318.39
4456,1,2026-06-15T18:47:00,1,4.1528,32065.76,2751.14,1444.5,33069.85
4457,324,2026-06-27T12:03:00,1,11.2024,85646.39,6466.93,3902.45,86023.64
4458,137,2026-06-09T11:00:00,1,19.0534,144688.37,10134.21,5584.79,148541.66
4459,71,2026-06-25T17:15:00,1,13.8926,102326.06,4209.57,5387.89,103051.46
4460,292,2026-06-16T12:47:00,1,17.0016,117226.49,6641.62,4578.51,120190.48
4461,491,2026-06-10T11:38:00,1,28.3832,194709.76,10196.54,10768.53,196145.75
4462,165,2026-06-17T09:15:00,1,34.0778,235453.19,12903.69,12482.71,240878.13
4463,341,2026-06-25T20:50:00,1,23.4326,160836.27,8234.98,6202.39,166136.18
4464,112,2026-06-09T19:22:00,1,3.2447,24818.57,1904.66,1281.72,25379.69
4465,157,2026-06-21T11:15:00,1,5.5603,42543.93,3272.03,2214.45,43921.22
4466,414,2026-06-14T10:56:00,1,3.8752,29844.27,2516.44,1201.18,29798.99
4467,131,2026-06-27T11:04:00,1,9.6225,68102.0,89.4,2787.93,68370.63
4468,28,2026-06-28T12:17:00,1,12.4734,91789.26,3856.03,3701.17,93249.78
4469,194,2026-06-02T11:00:00,1,3.7547,28685.69,2224.85,1272.55,29655.1
4470,54,2026-06-08T14:50:00,1,23.9682,182658.05,13324.16,8932.08,187282.13
4471,127,2026-06-06T12:43:00,1,3.0645,23439.45,1788.63,1147.67,24453.74
4472,384,2026-06-03T17:07:00,1,139.1589,13917.49,1102.35,714.03,13806.42
4473,380,2026-06-25T09:15:00,1,27.6089,2673.55,130.49,114.07,2674.7
4474,279,2026-06-19T19:44:00,1,3.3772,25877.14,2090.95,1331.64,25986.45
4475,247,2026-06-08T16:47:00,1,21.3958,148061.73,7836.44,7391.9,150400.66
4476,265,2026-06-19T15:30:00,1,20.2554,2059.16,194.04,104.69,1896.91
4477,99,2026-06-02T10:16:00,1,19.3079,132112.93,6132.74,5970.04,135735.36
4478,368,2026-06-23T16:58:00,1,6.4593,47256.18,1749.38,1860.32,48411.74
4479,5,2026-06-15T17:23:00,1,4.2729,32701.79,2539.39,1407.35,33053.93
4480,457,2026-06-26T17:53:00,1,28.4822,2744.41,118.64,139.86,2777.92
4481,317,2026-06-11T09:33:00,1,14.7122,111076.86,7478.26,4727.48,114345.81
4482,192,2026-06-03T18:48:00,1,4.2888,29773.2,1869.58,1647.57,30519.56
4483,46,2026-06-20T14:16:00,1,3.1675,24196.39,1805.08,1227.67,25049.19
4484,488,2026-06-12T18:25:00,1,4.4681,30875.6,1820.31,1465.79,31759.9
4485,179,2026-06-11T11:29:00,1,4.8051,36862.07,3026.09,1496.81,37551.63
4486,221,2026-06-16T20:43:00,1,12.4688,91169.96,3361.18,4269.71,93644.97
4487,425,2026-06-04T17:26:00,1,11.6469,85698.65,3557.84,4402.68,87666.76
4488,394,2026-06-05T14:25:00,1,16.5177,114146.47,6174.72,4910.35,115239.65
4489,58,2026-06-05T15:59:00,1,55.451,5537.15,427.89,293.95,5047.45
4490,406,2026-06-15T14:23:00,1,17.4692,123477.21,162.13,6969.94,124975.1
4491,257,2026-06-07T17:30:00,1,3.6998,25405.92,1350.3,1071.0,26155.07
4492,392,2026-06-10T20:08:00,1,61.6451,6398.98,724.55,251.44,6495.48
4493,118,2026-06-22T13:42:00,1,16.9789,116316.67,5636.99,6068.69,119673.31
4494,196,2026-06-03T15:11:00,1,29.6387,2991.3,261.87,160.09,2814.98
4495,257,2026-06-14T13:43:00,1,3.6998,25413.2,1281.14,1082.44,26155.07
4496,60,2026-06-03T10:43:00,1,6.9398,47861.35,2709.9,2220.24,48538.28
4497,157,2026-06-06T11:18:00,1,5.5603,42954.96,3671.22,1733.81,43921.22
4498,265,2026-06-08T17:47:00,1,20.2554,2036.22,171.91,93.7,1896.91
4499,218,2026-06-07T16:01:00,1,41.5219,287256.43,17286.43,13323.14,292651.2
4500,441,2026-06-09T18:24:00,1,5.6742,39353.48,2296.64,1796.11,40522.82
4501,309,2026-06-17T12:24:00,1,20.9922,160516.95,12520.26,9020.71,163877.64
4502,286,2026-06-18T09:17:00,1,25.0601,174246.95,10224.34,7465.0,176868.79
4503,281,2026-06-08T19:14:00,1,13.5853,93772.81,4736.52,4687.17,94266.98
4504,206,2026-06-24T14:36:00,1,25.6022,176012.92,9352.58,9607.57,179409.86
4505,97,2026-06-24T20:38:00,1,12.0171,82446.01,4219.38,4399.79,83643.95
4506,62,2026-06-22T09:24:00,1,4.7149,36447.06,3123.75,1737.25,37523.03
4507,172,2026-06-20T13:03:00,1,27.5585,2658.71,119.75,105.38,2681.44
4508,195,2026-06-24T10:05:00,1,5.6896,39313.7,2276.62,1619.21,40165.21
4509,282,2026-06-15T13:30:00,1,41.6824,286293.64,15044.17,13816.65,294156.91
4510,68,2026-06-17T10:28:00,1,19.087,130912.67,6262.54,5246.99,132429.93
4511,367,2026-06-19T19:03:00,1,9.0261,63659.93,87.57,3600.81,65124.45
4512,445,2026-06-27T17:39:00,1,56.0557,5767.96,616.44,296.48,5771.96
4513,383,2026-06-26T13:53:00,1,62.5518,6503.7,737.05,314.75,6362.59
4514,300,2026-06-16T16:39:00,1,18.9634,129933.02,6587.86,6440.44,131950.52
4515,315,2026-06-02T11:06:00,1,42.8276,4136.31,189.75,232.68,4154.72
4516,255,2026-06-04T15:50:00,1,5.3041,36304.15,1799.81,1774.86,37330.54
4517,174,2026-06-14T17:39:00,1,36.7959,253810.67,13808.31,13341.6,261235.38
4518,277,2026-06-22T09:27:00,1,56.7869,5795.17,577.02,327.18,5388.83
4519,44,2026-06-16T20:20:00,1,4.73,32610.86,1845.14,1753.65,33944.67
4520,209,2026-06-28T12:53:00,1,18.2845,124911.02,5585.28,7178.45,128197.36
4521,53,2026-06-06T14:53:00,1,39.5475,3824.99,185.43,218.93,3823.01
4522,183,2026-06-15T15:06:00,1,18.2712,125694.21,6793.83,6624.22,129006.3
4523,217,2026-06-20T16:58:00,1,32.1275,3243.96,284.05,150.14,3280.44
4524,293,2026-06-17T12:33:00,1,22.9979,157541.06,7350.28,7785.68,161345.44
4525,447,2026-06-23T18:03:00,1,35.9406,247883.74,14472.19,12604.09,254909.66
4526,201,2026-06-17T09:07:00,1,18.3302,126728.65,7020.9,5271.97,129569.1
4527,399,2026-06-07T10:27:00,1,14.9726,109956.53,4534.0,4249.71,112741.34
4528,256,2026-06-12T11:07:00,1,3.4873,26548.88,1955.5,1367.76,26890.68
4529,200,2026-06-08T15:58:00,1,16.4058,114244.17,6722.69,5902.79,115360.06
4530,66,2026-06-26T18:55:00,1,14.0417,99299.97,137.91,3959.7,100611.13
4531,273,2026-06-11T09:19:00,1,5.1573,37763.85,1447.79,1476.69,38716.4
4532,363,2026-06-20T19:10:00,1,13.8933,106395.47,8182.62,4581.32,109183.11
4533,315,2026-06-12T14:32:00,1,42.8276,4149.56,206.85,188.95,4154.72
4534,122,2026-06-11T12:43:00,1,4.447,34289.82,2975.47,1911.76,35554.5
4535,314,2026-06-30T10:09:00,1,3.5003,27006.3,2292.96,1430.34,26980.34
4536,248,2026-06-28T18:40:00,1,12.1774,83217.82,3747.38,4365.97,84291.64
4537,83,2026-06-05T14:06:00,1,16.4877,126357.44,9848.92,6737.65,128344.3
4538,226,2026-06-26T20:47:00,1,13.4675,91801.72,4139.07,4994.53,93023.91
4539,99,2026-06-11T19:47:00,1,19.3079,132361.66,6827.87,7314.41,135735.36
4540,442,2026-06-29T16:55:00,1,22.5468,172563.83,13562.67,7468.21,176097.65
4541,218,2026-06-29T20:11:00,1,41.5219,286159.05,15015.65,16125.96,292651.2
4542,372,2026-06-07T20:34:00,1,4.8056,32980.54,1735.15,1290.09,33637.33
4543,203,2026-06-08T13:06:00,1,3.5736,27581.55,2334.28,1197.41,27946.28
4544,433,2026-06-07T14:14:00,1,2.1387,16394.72,1336.07,804.21,16424.51
4545,53,2026-06-11T18:15:00,1,39.5475,3821.81,177.9,203.7,3823.01
4546,5,2026-06-29T15:33:00,1,4.2729,33034.04,2901.34,1566.79,33053.93
4547,349,2026-06-24T09:41:00,1,3.9789,30380.36,2302.14,1725.37,30859.88
4548,306,2026-06-14T18:34:00,1,28.0255,192978.48,10181.32,8543.62,196973.59
4549,239,2026-06-05T09:35:00,1,20.6013,141470.75,6805.61,7916.93,142380.11
4550,393,2026-06-20T10:29:00,1,5.8217,40462.06,2460.97,1690.35,40681.64
4551,249,2026-06-21T19:48:00,1,17.3609,119386.05,5899.24,5015.78,121096.77
4552,484,2026-06-03T10:56:00,1,8.7331,64033.48,2529.14,3083.72,64838.82
4553,112,2026-06-07T15:28:00,1,3.2447,24966.03,2120.0,1184.21,25379.69
4554,15,2026-06-16T19:14:00,1,47.6096,4833.04,454.86,196.82,4864.61
4555,372,2026-06-10T11:19:00,1,4.8056,33176.53,1936.33,1723.91,33637.33
4556,71,2026-06-21T13:06:00,1,13.8926,101943.57,3821.39,4248.82,103051.46
4557,363,2026-06-20T20:14:00,1,13.8933,105920.62,7707.77,5677.85,109183.11
4558,425,2026-06-26T12:11:00,1,11.6469,85378.08,3128.02,4382.9,87666.76
4559,385,2026-06-08T09:06:00,1,45.0218,4634.28,490.47,205.41,4324.75
4560,466,2026-06-18T13:17:00,1,4.9899,38195.41,2956.34,2046.71,39724.52
4561,91,2026-06-10T13:09:00,1,9.0049,63545.42,87.17,3114.54,64892.0
4562,353,2026-06-22T12:51:00,1,5.7849,39638.88,1929.08,2049.65,40515.33
4563,439,2026-06-25T13:28:00,1,5.9325,41025.66,2391.14,2124.96,41926.14
4564,212,2026-06-12T10:42:00,1,170.6976,17021.4,1306.98,960.16,17057.24
4565,386,2026-06-17T14:26:00,1,6.0161,41469.99,2181.07,1644.3,42664.58
4566,146,2026-06-01T10:19:00,1,45.6533,4412.1,214.74,218.22,4363.13
4567,257,2026-06-12T20:04:00,1,3.6998,25336.94,1277.77,1235.22,26155.07
4568,469,2026-06-07T19:08:00,1,3.5698,24515.52,1305.14,1091.98,24986.32
4569,158,2026-06-27T19:39:00,1,35.8635,247004.1,13372.05,9927.61,253196.23
4570,32,2026-06-17T10:42:00,1,9.8569,67805.51,3433.74,2836.87,68990.65
4571,471,2026-06-27T12:20:00,1,4.1632,28941.13,1820.05,1126.43,29492.86
4572,198,2026-06-11T18:37:00,1,15.7741,1527.68,74.25,63.98,1527.5
4573,94,2026-06-02T16:24:00,1,58.6439,6068.84,664.8,253.38,6179.76
4574,375,2026-06-13T15:38:00,1,4.191,29030.91,1711.75,1484.88,29466.95
4575,93,2026-06-25T12:34:00,1,10.8246,79423.83,2975.09,3578.99,80998.56
4576,198,2026-06-03T10:40:00,1,15.7741,1526.2,73.56,61.33,1527.5
4577,432,2026-06-18T19:01:00,1,12.1559,92935.03,7089.09,3911.08,95303.21
4578,438,2026-06-20T13:08:00,1,3.7537,25964.56,1462.32,1387.6,26461.5
4579,149,2026-06-21T09:24:00,1,24.2917,185330.23,13760.14,7646.15,190817.31
4580,220,2026-06-22T13:26:00,1,39.659,3814.94,170.67,201.04,3876.63
4581,102,2026-06-07T17:38:00,1,18.5,126606.11,6321.51,6501.39,127765.91
4582,124,2026-06-08T10:47:00,1,16.7443,127091.78,8794.31,6033.64,128948.28
4583,273,2026-06-13T20:02:00,1,5.1573,37829.32,1498.93,1897.37,38716.4
4584,263,2026-06-14T13:11:00,1,11.0827,84610.38,6455.4,3837.07,86854.06
4585,152,2026-06-08T18:08:00,1,14.682,101166.59,4942.67,4227.82,103061.96
4586,287,2026-06-11T12:21:00,1,11.5804,79213.87,3921.81,3725.87,82202.86
4587,430,2026-06-27T11:48:00,1,7.8341,53642.26,2607.17,2947.63,53671.17
4588,447,2026-06-18T18:23:00,1,35.9406,249495.86,14258.52,14064.13,254909.66
4589,318,2026-06-09T19:55:00,1,17.6338,121270.76,6108.64,6801.63,122652.04
4590,5,2026-06-08T18:55:00,1,4.2729,32977.68,2789.9,1777.1,33053.93
4591,500,2026-06-14T18:06:00,1,31.1716,214840.58,11522.88,9114.17,218466.21
4592,440,2026-06-28T13:29:00,1,4.4772,30856.31,1637.83,1379.28,31473.28
4593,68,2026-06-26T09:48:00,1,19.087,130979.91,6738.81,5536.14,132429.93
4594,309,2026-06-26T17:32:00,1,20.9922,160039.56,11793.27,6987.36,163877.64
4595,496,2026-06-15T13:47:00,1,11.1941,82125.05,3105.9,3586.86,84505.86
4596,383,2026-06-20T17:27:00,1,62.5518,6473.51,710.61,331.48,6362.59
4597,222,2026-06-15T13:29:00,1,12.5433,92301.66,3758.51,4627.71,93042.29
4598,9,2026-06-14T19:01:00,1,3.5458,27380.11,2375.2,1291.94,27738.73
4599,457,2026-06-28T09:05:00,1,28.4822,2767.82,140.62,129.31,2777.92
4600,444,2026-06-09T10:01:00,1,21.3326,146353.73,7035.64,8171.98,149570.04
4601,397,2026-06-07T20:59:00,1,7.6603,52793.51,2987.24,2291.54,53492.63
4602,494,2026-06-15T14:26:00,1,3.4802,23973.81,1326.3,1101.12,24604.21
4603,223,2026-06-24T10:34:00,1,5.2555,40353.53,3266.62,2055.22,41228.9
4604,382,2026-06-17T10:24:00,1,52.9414,5351.7,479.5,207.56,5290.2
4605,255,2026-06-22T20:43:00,1,5.3041,36446.54,1870.92,1793.5,37330.54
4606,97,2026-06-07T14:39:00,1,12.0171,81836.03,3702.41,3468.52,83643.95
4607,464,2026-06-21T14:01:00,1,13.6974,105035.43,8291.93,5193.93,105015.19
4608,462,2026-06-30T09:41:00,1,52.4788,5377.52,553.67,284.91,5136.59
4609,174,2026-06-26T18:50:00,1,36.7959,253470.93,13959.06,13903.37,261235.38
4610,495,2026-06-08T11:52:00,1,22.3137,153403.79,7162.7,6806.32,155842.43
4611,375,2026-06-24T17:27:00,1,4.191,29156.08,1874.3,1624.11,29466.95
4612,40,2026-06-16T11:57:00,1,47.2477,4808.39,463.49,234.22,4849.47
4613,172,2026-06-26T09:54:00,1,27.5585,2666.01,125.39,117.76,2681.44
4614,70,2026-06-11T12:34:00,1,30.9727,2983.63,129.81,163.96,2987.25
4615,169,2026-06-28T20:11:00,1,4.4869,34639.57,3008.45,1656.38,35318.88
4616,396,2026-06-13T10:40:00,1,24.6006,2382.44,121.64,105.25,2384.32
4617,212,2026-06-25T13:36:00,1,170.6976,17043.59,1320.63,823.75,17057.24
4618,132,2026-06-25T09:42:00,1,8.3701,57338.23,2829.21,3147.95,59029.06
4619,198,2026-06-07T09:46:00,1,15.7741,1523.73,69.99,68.77,1527.5
4620,441,2026-06-03T11:28:00,1,5.6742,39041.67,2124.42,1558.77,40522.82
4621,285,2026-06-19T18:41:00,1,15.0484,102754.02,5131.89,4603.64,104994.48
4622,114,2026-06-01T17:55:00,1,22.4097,170996.86,13011.16,8676.35,174081.22
4623,190,2026-06-05T16:29:00,1,2.4559,18942.39,1588.04,1056.06,19101.48
4624,182,2026-06-17T12:24:00,1,12.8188,90488.58,115.01,4299.75,92483.25
4625,171,2026-06-14T20:27:00,1,3.3292,22995.7,1280.89,1300.43,23715.65
4626,117,2026-06-09T19:38:00,1,31.0203,2994.38,137.1,131.15,2758.76
4627,139,2026-06-13T20:47:00,1,9.7207,71343.82,2866.74,3558.4,72596.75
4628,378,2026-06-08T19:09:00,1,22.3074,152998.68,6798.88,7453.26,157085.33
4629,105,2026-06-08T10:30:00,1,3.087,23607.79,1798.32,1214.59,23973.36
4630,376,2026-06-27T12:53:00,1,28.2449,195444.61,11443.77,7684.51,200448.88
4631,68,2026-06-29T14:29:00,1,19.087,131242.01,6601.42,5745.1,132429.93
4632,238,2026-06-29T11:24:00,1,17.9613,126826.85,162.86,6514.32,129693.59
4633,132,2026-06-13T09:32:00,1,8.3701,57226.0,2665.25,2541.56,59029.06
4634,322,2026-06-29T18:31:00,1,36.3621,252650.25,15201.01,14139.51,257975.67
4635,426,2026-06-16T14:39:00,1,38.3169,3926.75,403.13,188.17,3943.04
4636,146,2026-06-22T13:53:00,1,45.6533,4396.13,201.05,189.02,4363.13
4637,261,2026-06-23T12:28:00,1,3.9864,30389.69,2304.86,1509.72,31349.87
4638,393,2026-06-15T09:48:00,1,5.8217,40433.52,2548.63,2234.4,40681.64
4639,412,2026-06-08T17:30:00,1,3.3552,23371.98,1382.44,1106.48,23480.92
4640,151,2026-06-01T16:26:00,1,18.1146,124767.02,6670.7,5151.1,128519.85
4641,241,2026-06-12T14:12:00,1,21.0662,143736.79,6746.87,7166.43,146917.66
4642,157,2026-06-03T12:41:00,1,5.5603,42436.56,3277.2,2244.22,43921.22
4643,406,2026-06-07T09:41:00,1,17.4692,123147.71,146.55,6120.01,124975.1
4644,378,2026-06-02T09:50:00,1,22.3074,152836.27,7284.95,6684.0,157085.33
4645,211,2026-06-12T11:15:00,1,6.0918,43015.93,54.91,2251.4,43932.92
4646,391,2026-06-10T17:51:00,1,39.395,3815.59,189.28,171.68,3858.69
4647,173,2026-06-21T14:11:00,1,17.1759,117982.03,5704.55,5358.36,120399.88
4648,477,2026-06-07T15:27:00,1,13.4506,92499.57,5045.52,3783.1,94914.32
4649,19,2026-06-21T09:55:00,1,12.8924,88580.33,4303.74,4958.43,88723.96
4650,499,2026-06-02T18:47:00,1,13.2935,100670.6,6986.12,3921.62,102010.86
4651,45,2026-06-03T13:37:00,1,16.0869,109388.02,4724.07,4716.14,113372.22
4652,395,2026-06-22T10:38:00,1,3.4824,26793.04,2180.62,1245.64,26609.85
4653,363,2026-06-25T20:25:00,1,13.8933,105940.62,7819.19,5222.85,109183.11
4654,437,2026-06-11T10:43:00,1,4.6132,35748.88,3264.2,1432.31,36178.81
4655,464,2026-06-11T16:50:00,1,13.6974,104017.28,7564.57,5489.87,105015.19
4656,486,2026-06-09T20:19:00,1,25.5385,2467.52,115.17,98.38,2478.69
4657,242,2026-06-15T19:48:00,1,137.6048,13665.49,997.59,549.16,13734.42
4658,340,2026-06-14T13:46:00,1,165.8251,16462.52,1223.19,843.6,16808.1
4659,238,2026-06-24T19:54:00,1,17.9613,126916.95,168.01,5848.08,129693.59
4660,410,2026-06-27T20:39:00,1,25.5672,2579.36,229.73,142.9,2604.67
4661,9,2026-06-24T15:21:00,1,3.5458,27247.36,2225.43,1115.96,27738.73
4662,315,2026-06-19T18:04:00,1,42.8276,4135.65,192.08,200.64,4154.72
4663,147,2026-06-23T12:00:00,1,27.792,190508.86,10017.33,8166.6,193824.6
4664,383,2026-06-06T15:58:00,1,62.5518,6457.47,700.83,271.02,6362.59
4665,153,2026-06-28T16:43:00,1,36.3674,3717.27,362.74,162.6,3846.81
4666,130,2026-06-20T11:04:00,1,2.9689,22775.23,1787.84,950.98,22961.63
4667,136,2026-06-02T10:34:00,1,27.1123,187073.79,10171.45,7960.48,190610.02
4668,199,2026-06-13T16:55:00,1,19.2605,131653.68,6103.53,6280.33,135549.94
4669,131,2026-06-07T13:29:00,1,9.6225,67841.75,89.44,3696.68,68370.63
4670,385,2026-06-24T16:19:00,1,45.0218,4645.38,497.07,193.34,4324.75
4671,453,2026-06-10T14:38:00,1,24.0131,183345.99,14123.75,7049.86,188274.4
4672,140,2026-06-10T20:55:00,1,21.4836,2068.55,90.98,116.37,2063.66
4673,355,2026-06-06T17:30:00,1,34.4809,3585.65,412.37,153.24,3345.31
4674,339,2026-06-08T17:58:00,1,4.9004,34041.94,1925.36,1955.66,34103.43
4675,392,2026-06-22T15:19:00,1,61.6451,6372.31,707.74,349.84,6485.15
4676,484,2026-06-28T10:13:00,1,8.7331,64323.86,2758.47,3061.69,64838.82
4677,51,2026-06-07T19:12:00,1,62.6149,6519.74,749.15,259.92,6550.57
4678,5,2026-06-05T13:57:00,1,4.2729,32866.11,2672.13,1497.99,33053.93
4679,493,2026-06-14T10:22:00,1,3.8343,26497.25,1487.91,1289.43,26924.1
4680,115,2026-06-20T14:40:00,1,15.2051,107638.15,152.08,5736.66,108043.66
4681,90,2026-06-23T14:21:00,1,25.9884,178054.87,9276.58,8718.86,185674.24
4682,458,2026-06-20T18:33:00,1,5.2364,36481.41,2300.86,1441.43,36647.98
4683,160,2026-06-23T10:58:00,1,41.4832,4315.2,493.35,231.46,4277.48
4684,92,2026-06-18T17:53:00,1,13.6036,93838.05,4800.18,4198.47,94779.98
4685,464,2026-06-28T18:11:00,1,13.6974,103534.13,6972.12,4891.55,105015.19
4686,117,2026-06-18T18:14:00,1,31.0203,2987.54,134.29,163.7,2758.76
4687,163,2026-06-18T17:57:00,1,45.0083,4357.76,217.9,215.19,4378.61
4688,377,2026-06-25T12:34:00,1,10.3794,78508.04,5203.53,3098.35,79835.86
4689,37,2026-06-27T13:08:00,1,3.501,24033.25,1226.06,1100.61,24874.3
4690,371,2026-06-20T11:06:00,1,3.5364,27496.09,2497.0,1147.21,27587.51
4691,363,2026-06-20T20:53:00,1,13.8933,106459.13,8246.28,5261.77,109183.11
4692,130,2026-06-25T20:59:00,1,2.9689,22866.47,1898.61,1247.05,22961.63
4693,56,2026-06-06T16:57:00,1,175.6407,17344.02,1179.81,770.71,16189.86
4694,103,2026-06-10T20:25:00,1,40.7114,279099.35,14443.09,11184.46,290443.66
4695,50,2026-06-07T19:22:00,1,12.6872,92878.91,3547.95,4159.2,95672.47
4696,188,2026-06-07T14:14:00,1,32.234,3129.32,158.63,177.38,3099.91
4697,23,2026-06-07T09:28:00,1,26.3325,180487.71,9277.22,7995.68,184390.78
4698,227,2026-06-18T09:39:00,1,14.5655,110240.3,7377.57,5740.7,114409.44
4699,464,2026-06-24T13:42:00,1,13.6974,104080.27,7420.73,5223.49,105015.19
4700,402,2026-06-11T20:27:00,1,3.1346,21492.12,1111.95,993.15,21687.27
4701,128,2026-06-24T13:07:00,1,11.2314,79367.05,109.53,3543.76,79829.9
4702,410,2026-06-18T18:06:00,1,25.5672,2598.27,246.6,108.94,2604.67
4703,77,2026-06-14T18:17:00,1,5.0459,39118.3,3534.71,2146.33,40007.15
4704,177,2026-06-05T10:59:00,1,21.5109,148183.14,7572.19,6563.07,149601.12
4705,324,2026-06-30T15:06:00,1,11.2024,85565.66,6472.8,3454.9,86023.64
4706,479,2026-06-23T15:44:00,1,24.1015,183763.39,13964.47,10521.98,187108.32
4707,323,2026-06-03T20:46:00,1,11.8931,86922.47,3163.29,4831.78,89968.8
4708,273,2026-06-21T11:51:00,1,5.1573,37832.24,1406.69,1935.19,38716.4
4709,388,2026-06-04T17:59:00,1,12.1851,86046.47,109.96,3537.78,87746.43
4710,69,2026-06-05T16:22:00,1,62.0656,6429.55,710.83,325.01,6460.93
4711,486,2026-06-21T15:53:00,1,25.5385,2468.81,115.18,125.63,2478.69
4712,324,2026-06-19T09:33:00,1,11.2024,85429.31,6528.9,4846.27,86023.64
4713,104,2026-06-21T20:05:00,1,47.6116,4805.85,417.96,237.41,4803.13
4714,391,2026-06-01T11:42:00,1,39.395,3785.48,163.5,186.7,3858.69
4715,420,2026-06-21T19:22:00,1,5.4005,41713.93,3570.68,2352.25,42365.92
4716,256,2026-06-05T16:03:00,1,3.4873,26836.49,2193.87,1314.57,26890.68
4717,371,2026-06-07T19:42:00,1,3.5364,27021.52,2121.62,1053.45,27587.51
4718,239,2026-06-30T18:31:00,1,20.6013,141687.22,7091.72,6961.1,142380.11
4719,386,2026-06-05T16:07:00,1,6.0161,41430.66,2105.04,1743.17,42664.58
4720,79,2026-06-20T11:57:00,1,19.4648,133135.48,6079.19,5867.1,134335.63
4721,378,2026-06-26T17:56:00,1,22.3074,151732.22,6528.89,7798.48,157085.33
4722,484,2026-06-26T11:58:00,1,8.7331,64317.2,2644.31,3342.23,64838.82
4723,331,2026-06-17T09:18:00,1,6.1706,42523.02,2225.11,2290.95,43124.06
4724,286,2026-06-01T11:16:00,1,25.0601,172427.73,9050.91,9717.65,176868.79
4725,7,2026-06-14T16:16:00,1,13.6765,100700.8,4254.4,5504.93,102782.02
4726,232,2026-06-26T14:02:00,1,38.8965,3761.18,175.31,215.18,3473.25
4727,378,2026-06-19T19:32:00,1,22.3074,151210.94,6498.15,8334.14,157085.33
4728,383,2026-06-19T20:16:00,1,62.5518,6451.04,691.27,301.68,6362.59
4729,110,2026-06-02T19:53:00,1,19.8326,139935.71,167.64,6418.49,139927.76
4730,184,2026-06-14T17:31:00,1,14.3522,109617.52,8406.09,4673.51,110630.79
4731,275,2026-06-17T15:22:00,1,5.1673,38080.97,1651.09,1786.06,38494.77
4732,220,2026-06-23T18:53:00,1,39.659,3853.82,200.04,220.25,3876.63
4733,128,2026-06-03T09:26:00,1,11.2314,79196.29,97.25,4043.2,79829.9
4734,340,2026-06-05T18:01:00,1,165.8251,16593.58,1314.46,681.18,16808.1
4735,462,2026-06-03T12:35:00,1,52.4788,5469.18,636.41,293.96,5136.59
4736,197,2026-06-01T18:17:00,1,3.3083,25633.53,2310.41,1221.55,26110.51
4737,350,2026-06-25T18:39:00,1,40.4539,3910.33,184.12,216.39,3900.46
4738,8,2026-06-07T10:48:00,1,4.5632,35073.59,2943.96,1486.43,35365.16
4739,380,2026-06-24T18:51:00,1,27.6089,2664.69,120.81,153.22,2674.7
4740,400,2026-06-11T20:36:00,1,27.1971,2767.66,261.72,136.04,2604.31
4741,155,2026-06-10T10:16:00,1,43.3929,4176.9,182.58,217.44,4213.46
4742,237,2026-06-26T14:14:00,1,8.7772,59994.62,2862.07,2358.83,60919.31
4743,162,2026-06-15T14:56:00,1,11.2042,76251.11,3339.44,3278.48,78313.61
4744,52,2026-06-24T09:52:00,1,8.4833,59941.4,76.62,2549.25,61107.55
4745,294,2026-06-11T20:25:00,1,11.2674,1092.38,54.2,44.59,1099.9
4746,256,2026-06-01T17:48:00,1,3.4873,26798.84,2213.79,1160.72,26890.68
4747,268,2026-06-13T15:53:00,1,7.2654,51251.87,71.05,2488.35,52415.61
4748,420,2026-06-11T18:57:00,1,5.4005,41423.04,3394.45,2116.22,42365.92
4749,90,2026-06-12T17:42:00,1,25.9884,179590.96,10592.81,10135.0,185674.24
4750,100,2026-06-28T11:45:00,1,3.7986,26295.67,1505.78,1275.09,26721.43
4751,278,2026-06-29T17:13:00,1,14.5841,110095.77,7247.97,5842.53,111708.45
4752,83,2026-06-08T17:32:00,1,16.4877,125355.59,8870.98,4914.1,128344.3
4753,178,2026-06-14T15:31:00,1,4.4698,31017.92,1863.52,1368.58,31553.38
4754,474,2026-06-14T18:25:00,1,2.6939,20653.11,1655.78,992.29,21209.1
4755,148,2026-06-11T13:46:00,1,2.6633,20442.87,1688.76,870.89,20944.68
4756,149,2026-06-19T14:09:00,1,24.2917,184031.49,12940.92,9097.96,190817.31
4757,45,2026-06-08T16:20:00,1,16.0869,110463.71,5032.26,4667.4,113372.22
4758,469,2026-06-12T18:40:00,1,3.5698,24575.75,1361.95,1278.31,24986.32
4759,85,2026-06-30T13:34:00,1,26.0333,2512.8,119.82,126.53,2522.05
4760,373,2026-06-15T19:04:00,1,191.6333,19183.45,1541.69,768.68,19140.35
4761,372,2026-06-21T19:56:00,1,4.8056,33108.41,1694.59,1606.09,33637.33
4762,486,2026-06-06T10:53:00,1,25.5385,2466.11,115.8,110.0,2478.69
4763,393,2026-06-21T16:27:00,1,5.8217,40281.95,2225.96,2024.1,40681.64
4764,138,2026-06-11T14:50:00,1,3.6759,27961.37,2076.86,1402.88,29060.19
4765,166,2026-06-03T15:19:00,1,42.0913,290986.95,17134.22,15524.18,293157.89
4766,464,2026-06-04T18:27:00,1,13.6974,104331.54,7729.39,4888.93,105015.19
4767,128,2026-06-30T09:36:00,1,11.2314,79405.54,107.93,4441.91,79829.9
4768,498,2026-06-07T11:03:00,1,29.3844,2839.21,131.14,136.52,2596.58
4769,438,2026-06-04T09:05:00,1,3.7537,25771.27,1352.63,1084.46,26461.5
4770,397,2026-06-24T19:09:00,1,7.6603,52587.18,2721.61,2499.35,53492.63
4771,93,2026-06-30T13:48:00,1,10.8246,79472.5,3047.04,3244.39,80998.56
4772,281,2026-06-26T19:38:00,1,13.5853,93411.67,4982.24,4134.58,94266.98
4773,90,2026-06-16T18:40:00,1,25.9884,178842.5,9804.07,8767.45,185674.24
4774,270,2026-06-25T09:05:00,1,4.256,32664.04,2606.04,1665.02,33198.81
4775,422,2026-06-21T13:00:00,1,43.7528,4464.91,432.65,254.68,4400.94
4776,417,2026-06-07T09:04:00,1,14.235,104165.49,3936.43,4599.97,105673.59
4777,440,2026-06-28T20:15:00,1,4.4772,30811.27,1592.79,1312.81,31473.28
4778,193,2026-06-26T20:31:00,1,14.9404,102427.58,5177.53,4718.16,102287.59
4779,57,2026-06-30T15:56:00,1,19.0088,134378.27,169.49,5834.08,135836.68
4780,9,2026-06-12T15:02:00,1,3.5458,27173.0,2167.06,1123.91,27738.73
4781,322,2026-06-29T20:52:00,1,36.3621,251323.7,13874.46,13780.38,257975.67
4782,207,2026-06-21T09:40:00,1,13.2941,97965.77,4070.74,4694.41,98609.31
4783,173,2026-06-24T13:39:00,1,17.1759,117014.08,5205.67,6571.91,120399.88
4784,298,2026-06-03T20:33:00,1,12.0285,87975.67,3262.91,4545.24,89544.49
4785,430,2026-06-12T19:09:00,1,7.8341,53774.17,2830.35,2827.8,53671.17
4786,422,2026-06-17T10:56:00,1,43.7528,4418.18,391.61,173.27,4400.94
4787,461,2026-06-12T19:53:00,1,4.6784,36289.35,3296.01,1897.02,36331.05
4788,346,2026-06-07T19:31:00,1,3.0109,20837.22,1260.74,1144.57,21621.42
4789,234,2026-06-11T10:58:00,1,16.4047,112823.04,6164.93,5521.7,115501.01
4790,85,2026-06-13T18:23:00,1,26.0333,2504.61,112.15,108.67,2522.05
4791,204,2026-06-16T20:25:00,1,23.1628,2349.17,219.12,102.25,2316.44
4792,2,2026-06-15T09:53:00,1,5.3919,37096.45,2008.5,1977.75,38149.13
4793,248,2026-06-27T18:44:00,1,12.1774,83127.74,3798.31,4255.56,84291.64
4794,296,2026-06-04T16:23:00,1,106.5754,10610.4,801.2,420.61,10695.11
4795,191,2026-06-03T13:19:00,1,10.7173,75570.17,91.76,3885.04,77465.39
4796,53,2026-06-26T14:13:00,1,39.5475,3820.77,174.89,203.99,3823.01
4797,355,2026-06-04T17:11:00,1,34.4809,3548.92,375.3,155.06,3345.31
4798,270,2026-06-25T19:21:00,1,4.256,32893.68,2835.68,1417.56,33198.81
4799,350,2026-06-19T15:22:00,1,40.4539,3910.19,185.19,183.18,3900.46
4800,196,2026-06-25T16:01:00,1,29.6387,2992.84,262.82,166.52,2814.98
4801,188,2026-06-11T19:50:00,1,32.234,3112.47,142.43,156.14,3099.91
4802,373,2026-06-07T15:34:00,1,191.6333,19110.45,1449.53,846.09,19140.35
4803,243,2026-06-22T15:51:00,1,15.8002,111815.59,145.15,5015.68,111419.59
4804,294,2026-06-06T18:17:00,1,11.2674,1093.44,56.5,57.23,1099.9
4805,402,2026-06-20T15:44:00,1,3.1346,21697.33,1236.26,855.58,21687.27
4806,130,2026-06-10T14:37:00,1,2.9689,22827.13,1905.05,1028.11,22961.63
4807,239,2026-06-15T09:07:00,1,20.6013,140199.66,6136.08,5520.82,142380.11
4808,68,2026-06-11T12:49:00,1,19.087,130961.83,6864.26,6191.48,132429.93
4809,154,2026-06-20T10:52:00,1,24.6383,169491.17,8664.91,7290.75,170050.2
4810,467,2026-06-22T11:11:00,1,3.5951,27456.65,2047.71,1337.19,27521.95
4811,183,2026-06-12T15:16:00,1,18.2712,125161.62,6347.11,6008.91,129006.3
4812,57,2026-06-08T20:40:00,1,19.0088,134465.41,169.38,6836.84,135836.68
4813,253,2026-06-10T19:23:00,1,12.2356,89535.8,3310.55,4356.11,91721.49
4814,241,2026-06-07T12:55:00,1,21.0662,144510.56,7540.87,6420.64,146917.66
4815,79,2026-06-18T17:01:00,1,19.4648,133501.02,6100.59,6082.21,134335.63
4816,438,2026-06-25T14:31:00,1,3.7537,25874.88,1429.47,1282.77,26461.5
4817,392,2026-06-20T17:06:00,1,61.6451,6332.89,653.53,302.5,6485.15
4818,343,2026-06-14T17:49:00,1,12.5555,85857.63,3964.0,3553.08,87744.14
4819,475,2026-06-09T12:26:00,1,4.7599,32882.27,1796.51,1336.9,33455.21
4820,90,2026-06-08T19:19:00,1,25.9884,179790.92,9466.32,9444.85,185674.24
4821,230,2026-06-01T13:25:00,1,3.6613,28075.57,2263.84,1328.77,28608.91
4822,423,2026-06-19T20:06:00,1,46.576,4524.27,235.55,212.35,4505.28
4823,137,2026-06-24T16:46:00,1,19.0534,145980.85,11525.2,7482.0,148541.66
4824,424,2026-06-26T13:07:00,1,17.9523,124236.55,7381.44,5356.42,126786.76
4825,289,2026-06-12T09:33:00,1,4.1901,32363.45,2813.73,1598.13,32756.33
4826,375,2026-06-07T20:49:00,1,4.191,28984.18,1734.84,1270.7,29466.95
4827,207,2026-06-02T18:52:00,1,13.2941,97307.13,3618.42,3784.05,98609.31
4828,199,2026-06-04T18:43:00,1,19.2605,131379.9,6086.11,6205.63,135549.94
4829,18,2026-06-22T16:47:00,1,66.0832,6852.49,780.1,362.86,7010.81
4830,22,2026-06-13T13:36:00,1,13.9576,102400.0,4076.25,5486.5,104078.01
4831,21,2026-06-16T11:33:00,1,5.716,39300.62,2121.58,2037.89,40047.33
4832,164,2026-06-11T20:09:00,1,3.6678,28099.73,2272.26,1293.69,28940.57
4833,60,2026-06-24T12:42:00,1,6.9398,47881.51,2706.12,2370.3,48538.28
4834,285,2026-06-25T16:25:00,1,15.0484,103568.04,5567.59,5141.04,104994.48
4835,357,2026-06-08T15:31:00,1,43.877,4430.24,391.8,186.96,4465.7
4836,129,2026-06-12T20:33:00,1,58.1956,6048.69,691.2,324.66,5543.18
4837,310,2026-06-14T11:08:00,1,30.6255,210513.69,10757.95,8317.32,214170.23
4838,277,2026-06-18T12:14:00,1,56.7869,5814.38,591.12,310.25,5388.83
4839,421,2026-06-12T18:00:00,1,70.6148,7330.32,829.52,387.5,7399.3
4840,42,2026-06-09T13:10:00,1,5.2378,40152.79,3163.71,2007.2,41098.97
4841,256,2026-06-21T15:25:00,1,3.4873,26636.55,2006.06,1337.11,26890.68
4842,446,2026-06-22T20:49:00,1,15.9701,122432.32,9561.08,5438.69,125003.74
4843,382,2026-06-19T10:44:00,1,52.9414,5353.53,478.69,284.58,5290.2
4844,143,2026-06-17T19:00:00,1,12.2929,90620.27,3954.34,3820.87,92374.57
4845,350,2026-06-02T12:51:00,1,40.4539,3929.33,201.5,201.7,3900.46
4846,188,2026-06-25T17:52:00,1,32.234,3121.17,152.1,170.4,3114.91
4847,83,2026-06-13T14:11:00,1,16.4877,125838.57,9691.63,6073.27,128344.3
4848,495,2026-06-22T16:51:00,1,22.3137,152518.4,7062.98,8483.22,155842.43
4849,308,2026-06-09T11:56:00,1,22.5917,156632.75,9091.78,8420.33,157919.72
4850,263,2026-06-28T18:06:00,1,11.0827,84569.43,6440.16,3881.27,85460.8
4851,50,2026-06-26T12:50:00,1,12.6872,93052.55,3455.92,3802.66,95672.47
4852,421,2026-06-06T11:20:00,1,70.6148,7212.09,713.41,363.71,7399.3
4853,454,2026-06-06T10:37:00,1,40.6398,4136.78,396.7,165.41,4115.87
4854,254,2026-06-26T11:53:00,1,49.5838,5040.25,469.12,248.47,5015.91
4855,173,2026-06-26T14:28:00,1,17.1759,117463.3,5661.93,5201.01,120399.88
4856,141,2026-06-21T14:44:00,1,2.1494,16499.55,1318.53,753.18,16856.21
4857,117,2026-06-06T13:18:00,1,31.0203,2993.92,139.12,162.04,2758.76
4858,484,2026-06-03T20:34:00,1,8.7331,63874.5,2370.16,2572.42,64838.82
4859,350,2026-06-28T10:13:00,1,40.4539,3927.4,195.93,203.32,3900.46
4860,197,2026-06-30T09:43:00,1,3.3083,25467.06,2109.3,1227.9,26110.51
4861,176,2026-06-05T19:41:00,1,79.6742,8143.02,801.84,399.09,8259.16
4862,280,2026-06-04T20:27:00,1,57.5885,5850.4,549.95,248.96,5785.46
4863,266,2026-06-10T13:55:00,1,3.1433,24288.87,2137.78,1183.15,25026.34
4864,258,2026-06-03T11:01:00,1,20.9309,143146.24,6966.46,7340.34,145290.21
4865,494,2026-06-03T12:15:00,1,3.4802,24014.68,1371.94,1162.95,24604.21
4866,169,2026-06-09T10:11:00,1,4.4869,34850.2,3163.94,1940.06,35318.88
4867,229,2026-06-06T09:12:00,1,16.1684,111514.85,5699.62,6233.59,111246.25
4868,1,2026-06-17T13:29:00,1,4.1528,31942.18,2664.61,1703.54,33069.85
4869,474,2026-06-16T15:42:00,1,2.6939,20435.95,1464.75,1009.57,21209.1
4870,350,2026-06-16T12:49:00,1,40.4539,3903.83,183.69,222.71,3900.46
4871,240,2026-06-13T09:30:00,1,5.1622,37776.57,1411.66,1888.49,38618.57
4872,218,2026-06-21T19:26:00,1,41.5219,287414.15,15988.81,15662.95,292651.2
4873,99,2026-06-04T17:33:00,1,19.3079,132350.82,6748.68,5188.48,135735.36
4874,443,2026-06-17T13:06:00,1,15.7014,119180.86,8484.73,4689.42,120762.4
4875,260,2026-06-13T12:56:00,1,24.8355,170390.07,8499.12,7270.46,174878.99
4876,434,2026-06-22T19:21:00,1,133.699,13203.07,917.47,721.19,13484.87
4877,418,2026-06-13T13:06:00,1,23.6409,178952.15,12414.78,8347.13,183599.47
4878,307,2026-06-20T20:57:00,1,20.694,156758.66,10471.12,6130.91,159864.7
4879,361,2026-06-25T15:50:00,1,4.8008,36830.84,2925.19,1896.39,37516.15
4880,476,2026-06-09T18:46:00,1,15.7836,108462.18,5383.28,5350.14,110953.24
4881,374,2026-06-25T13:08:00,1,158.1349,15726.55,1160.74,608.57,15997.31
4882,175,2026-06-27T18:28:00,1,10.3823,71086.71,3451.42,2886.0,72571.72
4883,360,2026-06-02T14:35:00,1,6.8958,47340.23,2346.51,1880.72,48032.53
4884,298,2026-06-04T11:37:00,1,12.0285,88152.18,3320.1,5066.51,89544.49
4885,201,2026-06-15T11:07:00,1,18.3302,126275.06,6990.73,5969.97,129569.1
4886,500,2026-06-11T12:40:00,1,31.1716,215729.71,13061.94,8561.47,218466.21
4887,471,2026-06-13T14:10:00,1,4.1632,28940.31,1802.37,1545.25,29492.86
4888,206,2026-06-26T15:36:00,1,25.6022,175560.08,8910.24,7328.8,179409.86
4889,386,2026-06-30T17:29:00,1,6.0161,41632.89,2327.6,2038.67,42664.58
4890,189,2026-06-26T18:14:00,1,10.9377,74848.46,3652.78,2889.22,76878.67
4891,106,2026-06-25T17:52:00,1,25.5639,177334.2,10853.14,8666.06,181086.15
4892,157,2026-06-07T10:00:00,1,5.5603,42861.73,3711.49,2157.4,43921.22
4893,211,2026-06-12T14:54:00,1,6.0918,43016.49,55.47,2383.09,43932.92
4894,48,2026-06-16T15:36:00,1,12.8521,87577.3,3982.36,4907.04,89666.74
4895,118,2026-06-25T09:56:00,1,16.9789,116247.79,5675.25,5234.3,119673.31
4896,88,2026-06-24T10:09:00,1,28.7165,196132.19,9198.97,7708.79,200582.9
4897,476,2026-06-18T14:23:00,1,15.7836,108129.01,4822.66,4332.32,110953.24
4898,266,2026-06-21T18:00:00,1,3.1433,24258.7,2057.85,1156.12,25026.34
4899,487,2026-06-08T18:29:00,1,139.4639,13829.64,993.38,732.43,13934.72
4900,55,2026-06-16T16:44:00,1,41.8192,289553.17,17545.2,11571.63,296351.07
4901,14,2026-06-07T16:58:00,1,37.31,255653.86,13069.09,11833.57,262318.39
4902,33,2026-06-29T13:58:00,1,20.5951,141217.3,6728.62,5622.61,144592.47
4903,487,2026-06-23T15:16:00,1,139.4639,13851.04,1002.23,619.63,13934.72
4904,280,2026-06-26T17:37:00,1,57.5885,5810.48,501.4,293.92,5785.46
4905,168,2026-06-07T13:07:00,1,22.6916,2289.13,197.87,104.83,2348.48
4906,396,2026-06-18T16:29:00,1,24.6006,2374.87,112.11,129.17,2384.32
4907,454,2026-06-22T15:17:00,1,40.6398,4103.46,369.07,162.35,4115.87
4908,121,2026-06-10T20:59:00,1,5.6102,38711.87,2241.14,2195.74,39753.67
4909,306,2026-06-26T19:53:00,1,28.0255,192644.51,10220.93,9899.11,196973.59
4910,126,2026-06-27T12:02:00,1,5.5909,38542.03,2120.22,2044.31,39847.32
4911,123,2026-06-08T15:47:00,1,7.2724,50165.74,2503.38,2485.15,50807.76
4912,435,2026-06-24T16:57:00,1,21.1293,161293.73,12188.91,7225.95,164260.83
4913,141,2026-06-28T13:34:00,1,2.1494,16396.82,1244.28,875.03,16856.21
4914,149,2026-06-29T13:44:00,1,24.2917,184804.68,13498.4,7249.75,190817.31
4915,457,2026-06-15T10:34:00,1,28.4822,2758.99,136.92,117.45,2777.92
4916,52,2026-06-12T13:10:00,1,8.4833,59902.8,76.28,3285.29,61107.55
4917,249,2026-06-02T18:57:00,1,17.3609,118816.31,5539.91,6340.69,121096.77
4918,490,2026-06-12T13:51:00,1,5.6869,39206.66,2225.72,2046.11,39431.19
4919,246,2026-06-14T09:30:00,1,84.5028,8429.04,663.23,340.7,7735.34
4920,498,2026-06-19T16:23:00,1,29.3844,2840.15,134.43,125.78,2596.58
4921,155,2026-06-22T16:09:00,1,43.3929,4196.69,209.32,194.86,4226.11
4922,266,2026-06-19T15:43:00,1,3.1433,24280.59,2141.79,1003.1,25026.34
4923,300,2026-06-07T19:01:00,1,18.9634,129154.69,5857.13,5797.34,131950.52
4924,397,2026-06-07T13:43:00,1,7.6603,52670.35,2864.08,2638.26,53492.63
4925,196,2026-06-17T09:53:00,1,29.6387,3019.86,292.21,158.96,2814.98
4926,224,2026-06-13T11:59:00,1,48.1507,4887.84,462.79,256.1,4971.13
4927,454,2026-06-21T12:33:00,1,40.6398,4135.53,390.17,191.18,4115.87
4928,71,2026-06-30T09:39:00,1,13.8926,102102.79,4016.17,4994.76,103051.46
4929,401,2026-06-28T16:28:00,1,6.8381,47113.51,2487.66,2207.81,48170.62
4930,313,2026-06-12T12:36:00,1,10.3132,70647.69,3582.7,3739.52,71776.08
4931,294,2026-06-29T12:31:00,1,11.2674,1090.79,55.2,44.91,1099.9
4932,241,2026-06-19T16:04:00,1,21.0662,143559.77,6898.91,7567.36,146917.66
4933,354,2026-06-26T12:22:00,1,3.0016,22843.33,1646.12,1292.25,23185.98
4934,68,2026-06-05T11:42:00,1,19.087,131511.32,6744.75,6109.14,132429.93
4935,417,2026-06-02T19:58:00,1,14.235,104432.32,4112.72,5948.8,105673.59
4936,90,2026-06-10T19:49:00,1,25.9884,178387.98,9442.85,7644.12,185674.24
4937,130,2026-06-02T18:59:00,1,2.9689,22800.59,1877.59,969.96,22961.63
4938,124,2026-06-09T15:52:00,1,16.7443,127083.44,8836.03,4935.04,128948.28
4939,373,2026-06-29T15:36:00,1,191.6333,18890.16,1277.14,1033.0,19140.35
4940,139,2026-06-23T15:39:00,1,9.7207,71189.16,2705.27,3987.23,72596.75
4941,183,2026-07-21T17:56:00,1,18.2712,127207.0,6429.98,3811.77,129006.3
4942,207,2026-07-11T10:08:00,1,13.2941,99312.19,4491.09,3303.57,98609.31
4943,270,2026-07-11T09:02:00,1,4.256,33181.96,2825.74,1153.31,33198.81
4944,419,2026-07-13T17:56:00,1,3.1838,22305.98,1365.59,646.67,22366.68
4945,441,2026-07-18T14:15:00,1,5.6742,40000.73,2469.81,1296.26,40522.82
4946,58,2026-07-04T17:50:00,1,55.451,5134.15,484.58,172.95,5047.45
4947,6,2026-07-09T13:57:00,1,11.7587,87545.4,3511.97,2633.44,88161.08
4948,77,2026-07-17T16:26:00,1,5.0459,39809.94,3745.58,1184.23,40007.15
4949,405,2026-07-10T09:30:00,1,69.8843,6795.52,917.55,205.73,7338.21
4950,298,2026-07-28T17:40:00,1,12.0285,89983.64,4211.65,2792.26,89873.29
4951,238,2026-07-18T09:14:00,1,17.9613,128412.95,175.91,4403.0,128290.61
4952,384,2026-07-19T12:56:00,1,139.1589,12890.5,1213.68,357.85,13806.42
4953,41,2026-07-30T10:39:00,1,3.6873,25755.14,1469.18,956.68,25728.91
4954,382,2026-07-29T15:59:00,1,52.9414,4958.07,510.99,152.39,5290.2
4955,111,2026-07-31T11:34:00,1,8.7362,65220.19,2846.95,2151.07,65471.14
4956,433,2026-07-16T11:58:00,1,2.1387,16653.25,1408.47,591.89,16424.51
4957,471,2026-07-17T20:04:00,1,4.1632,29416.86,1872.34,1064.23,29492.86
4958,134,2026-07-26T14:51:00,1,8.2685,59225.73,77.02,1750.97,59124.2
4959,218,2026-07-06T19:36:00,1,41.5219,291836.98,17705.24,7893.51,292651.2
4960,207,2026-07-10T12:12:00,1,13.2941,99128.34,4084.3,3079.62,98609.31
4961,405,2026-07-06T16:00:00,1,69.8843,6720.11,845.64,215.61,7338.21
4962,10,2026-07-11T17:31:00,1,7.7867,54177.57,2852.16,1415.61,54210.59
4963,166,2026-07-11T09:09:00,1,42.0913,295773.09,18331.65,8139.91,293157.89
4964,362,2026-07-06T09:05:00,1,198.9095,18385.0,1664.67,625.05,20107.23
4965,385,2026-07-29T13:04:00,1,45.0218,4320.91,539.08,127.07,4324.75
4966,211,2026-07-09T19:55:00,1,6.0918,43596.27,61.28,1461.77,43932.92
4967,371,2026-07-03T15:26:00,1,3.5364,27491.86,2255.44,1016.29,27587.51
4968,71,2026-07-28T09:49:00,1,13.8926,103480.2,4415.82,3510.36,103051.46
4969,54,2026-07-12T18:28:00,1,23.9682,184482.37,13434.99,6330.72,187282.13
4970,135,2026-07-09T20:25:00,1,22.9212,2141.79,214.12,56.22,2313.05
4971,31,2026-07-16T13:47:00,1,19.1019,147699.84,11540.35,5231.18,145166.23
4972,289,2026-07-30T09:36:00,1,4.1901,33131.0,3190.51,928.15,32756.33
4973,197,2026-07-17T12:44:00,1,3.3083,26170.6,2525.32,717.45,26110.51
4974,297,2026-07-07T09:27:00,1,28.6626,200982.53,11792.46,6964.52,201164.64
4975,28,2026-07-26T16:38:00,1,12.4734,92891.0,3662.53,2686.69,93249.78
4976,82,2026-07-08T13:47:00,1,61.9363,5889.09,688.92,187.35,5874.53
4977,353,2026-07-18T18:40:00,1,5.7849,40504.07,2240.95,1401.74,40515.33
4978,245,2026-07-01T10:36:00,1,39.8096,3788.66,439.08,99.14,4189.15
4979,231,2026-07-16T16:42:00,1,16.9595,131286.48,10398.15,4784.33,131187.83
4980,71,2026-07-01T18:08:00,1,13.8926,103781.55,4550.04,3122.28,103051.46
4981,26,2026-07-04T20:46:00,1,42.9332,303727.68,19288.36,8377.0,302199.84
4982,187,2026-07-05T18:28:00,1,12.717,98196.14,7230.8,3399.98,99284.23
4983,448,2026-07-01T12:48:00,1,1.8774,14711.0,1301.18,484.94,14722.59
4984,256,2026-07-19T10:21:00,1,3.4873,27065.63,2194.42,748.84,26890.68
4985,286,2026-07-31T14:51:00,1,25.0601,177302.32,11447.06,6600.88,176868.79
4986,67,2026-07-03T18:41:00,1,5.6959,40101.71,2526.94,1134.92,39923.68
4987,237,2026-07-03T09:57:00,1,8.7772,60839.86,2938.34,1685.9,60919.31
4988,420,2026-07-15T13:44:00,1,5.4005,42179.5,3655.03,1585.31,42365.92
4989,457,2026-07-04T11:19:00,1,28.4822,2544.74,156.51,96.52,2777.92
4990,300,2026-07-26T15:10:00,1,18.9634,132010.9,6594.37,3782.02,132207.48
4991,204,2026-07-05T17:15:00,1,23.1628,2172.25,224.49,57.83,2203.47
4992,369,2026-07-03T16:46:00,1,3.836,26740.89,1435.53,908.12,27004.67
4993,240,2026-07-08T20:50:00,1,5.1622,38600.88,1737.71,1307.25,38618.57
4994,246,2026-07-16T13:12:00,1,84.5028,7728.21,631.66,272.18,7735.34
4995,338,2026-07-10T13:39:00,1,10.8588,80897.88,3264.63,2985.68,80139.62
4996,477,2026-07-15T15:23:00,1,13.4506,93494.93,5130.54,2590.68,94914.32
4997,255,2026-07-04T20:54:00,1,5.3041,37193.22,2052.71,1145.48,37330.54
4998,164,2026-07-08T19:02:00,1,3.6678,28763.78,2572.09,1055.4,28940.57
4999,445,2026-07-06T12:17:00,1,56.0557,5399.96,687.92,177.73,5771.96
5000,493,2026-07-18T11:18:00,1,3.8343,26940.15,1578.9,910.61,26924.1
5001,253,2026-07-19T19:01:00,1,12.2356,91464.12,4200.55,3466.57,91721.49
5002,384,2026-07-02T10:26:00,1,139.1589,12812.11,1128.33,329.55,13806.42
5003,372,2026-07-12T11:18:00,1,4.8056,33503.66,1915.68,1062.63,33637.33
5004,468,2026-07-06T20:53:00,1,25.5173,178982.52,10514.75,6173.09,180900.58
5005,74,2026-07-05T09:14:00,1,7.7284,57688.42,2406.79,1915.37,57947.77
5006,220,2026-07-26T10:45:00,1,39.659,3530.03,202.24,92.77,3876.63
5007,143,2026-07-30T10:43:00,1,12.2929,92032.79,4193.5,3504.07,92374.57
5008,177,2026-07-05T20:07:00,1,21.5109,151349.57,8974.52,4085.2,149601.12
5009,401,2026-07-15T13:58:00,1,6.8381,47485.8,2562.56,1326.43,48170.62
5010,36,2026-07-09T15:36:00,1,3.5236,27643.62,2462.25,1014.2,27680.59
5011,420,2026-07-01T17:17:00,1,5.4005,42641.23,4066.75,1437.73,42365.92
5012,68,2026-07-30T14:39:00,1,19.087,133127.41,7413.17,3787.68,132429.93
5013,282,2026-07-24T11:10:00,1,41.6824,292396.34,16711.45,10483.7,294156.91
5014,307,2026-07-18T19:48:00,1,20.694,160505.03,12757.53,5822.48,159864.7
5015,172,2026-07-20T20:30:00,1,27.5585,2450.15,135.51,75.75,2681.44
5016,420,2026-07-16T14:15:00,1,5.4005,42500.18,4005.09,1132.84,42365.92
5017,459,2026-07-20T15:49:00,1,6.8639,51009.02,1985.54,1416.05,51697.62
5018,485,2026-07-06T12:25:00,1,12.8272,89796.47,5110.01,2833.23,90681.68
5019,173,2026-07-01T18:36:00,1,17.1759,118540.66,5461.75,3342.34,120399.88
5020,9,2026-07-19T09:27:00,1,3.5458,27541.12,2252.69,1047.49,27738.73
5021,160,2026-07-27T19:19:00,1,41.4832,3973.18,493.15,105.15,4277.48
5022,161,2026-07-05T20:45:00,1,28.3219,199235.37,11780.08,6347.2,197778.07
5023,173,2026-07-11T20:58:00,1,17.1759,118936.35,5722.78,4473.29,120399.88
5024,152,2026-07-06T18:31:00,1,14.682,102215.95,5283.92,2780.2,103061.96
5025,319,2026-07-05T20:27:00,1,72.4721,7002.83,908.65,246.49,7444.73
5026,236,2026-07-31T18:14:00,1,45.6461,4367.09,532.82,160.04,4723.14
5027,331,2026-07-07T18:25:00,1,6.1706,43101.96,2372.36,1230.96,43124.06
5028,313,2026-07-01T20:49:00,1,10.3132,71642.15,3744.37,2616.87,71776.08
5029,357,2026-07-19T20:22:00,1,43.877,4152.53,470.81,148.36,4465.7
5030,94,2026-07-17T14:29:00,1,58.6439,5627.19,699.34,194.04,6179.76
5031,106,2026-07-08T10:57:00,1,25.5639,180163.06,11439.53,6516.99,181086.15
5032,119,2026-07-08T13:21:00,1,3.7223,26081.57,1514.13,828.4,26552.84
5033,133,2026-07-21T09:11:00,1,14.5876,113572.31,9449.52,3894.84,113326.2
5034,123,2026-07-14T11:18:00,1,7.2724,50903.59,2798.55,1853.79,50807.76
5035,404,2026-07-16T18:34:00,1,42.524,300069.16,19408.21,7764.88,300825.57
5036,198,2026-07-07T09:15:00,1,15.7741,1408.55,82.26,44.33,1527.5
5037,123,2026-07-12T15:03:00,1,7.2724,50446.79,2644.14,1882.82,50807.76
5038,68,2026-07-08T09:31:00,1,19.087,133694.97,7719.43,3981.59,132429.93
5039,377,2026-07-03T17:54:00,1,10.3794,80129.66,6060.29,2416.96,79835.86
5040,267,2026-07-02T13:40:00,1,11.3594,79547.18,4579.0,3009.83,80167.77
5041,372,2026-07-02T19:52:00,1,4.8056,33550.45,1835.12,924.3,33637.33
5042,366,2026-07-22T13:04:00,1,20.7568,1841.12,99.62,55.17,2026.31
5043,44,2026-07-19T14:54:00,1,4.73,33408.27,2179.86,1014.04,33944.67
5044,48,2026-07-05T09:31:00,1,12.8521,89401.68,4336.97,2873.09,89666.74
5045,411,2026-07-17T12:52:00,1,13.1482,91202.04,4211.05,2441.16,92603.34
5046,391,2026-07-29T20:47:00,1,39.395,3500.06,190.88,90.56,3826.29
5047,120,2026-07-24T13:59:00,1,3.0118,23694.77,2187.78,791.97,23993.62
5048,406,2026-07-03T10:21:00,1,17.4692,124842.29,178.76,4593.38,124975.1
5049,369,2026-07-16T16:07:00,1,3.836,26962.19,1644.36,798.62,27004.67
5050,475,2026-07-30T11:32:00,1,4.7599,33213.47,1862.96,1189.33,33455.21
5051,336,2026-07-21T12:01:00,1,106.314,9709.69,787.82,283.08,10623.18
5052,448,2026-07-26T11:54:00,1,1.8774,14633.35,1203.37,514.15,14722.59
5053,454,2026-07-03T19:23:00,1,40.6398,3831.23,420.33,140.87,4115.87
5054,474,2026-07-31T11:00:00,1,2.6939,21060.17,1826.72,603.15,21209.1
5055,465,2026-07-25T10:20:00,1,6.5188,45317.01,2347.17,1412.92,45599.09
5056,24,2026-07-10T17:42:00,1,6.8653,47783.84,2556.0,1415.56,48746.72
5057,204,2026-07-17T15:38:00,1,23.1628,2192.3,245.93,74.86,2203.47
5058,238,2026-07-15T19:13:00,1,17.9613,128320.1,193.17,3787.72,128290.61
5059,369,2026-07-31T17:02:00,1,3.836,26898.4,1510.6,1002.91,27004.67
5060,397,2026-07-25T10:58:00,1,7.6603,53615.28,3121.03,1447.56,53492.63
5061,152,2026-07-25T09:46:00,1,14.682,102179.11,5400.06,3574.12,103061.96
5062,116,2026-07-20T17:32:00,1,4.3399,33821.07,2824.55,1225.59,33403.12
5063,298,2026-07-04T13:51:00,1,12.0285,89880.54,3878.33,2539.23,88631.82
5064,476,2026-07-13T12:35:00,1,15.7836,109508.53,5697.11,3344.3,110953.24
5065,279,2026-07-04T20:34:00,1,3.3772,26301.17,2154.63,844.42,25986.45
5066,391,2026-07-12T14:59:00,1,39.395,3493.89,180.77,125.99,3826.29
5067,224,2026-07-30T19:02:00,1,48.1507,4540.21,490.74,173.94,4971.13
5068,352,2026-07-19T17:34:00,1,5.1549,36046.9,2013.22,1381.09,36627.39
5069,404,2026-07-06T09:00:00,1,42.524,298179.83,17432.13,8305.51,300825.57
5070,257,2026-07-31T09:46:00,1,3.6998,25864.52,1378.13,823.78,26155.07
5071,339,2026-07-18T13:28:00,1,4.9004,34220.91,1808.15,1168.99,34103.43
5072,83,2026-07-21T15:18:00,1,16.4877,126970.77,9285.52,3593.01,128344.3
5073,10,2026-07-15T20:49:00,1,7.7867,54279.61,3124.5,1894.77,54210.59
5074,15,2026-07-31T15:38:00,1,47.6096,4478.49,479.28,117.5,4427.85
5075,237,2026-07-31T18:40:00,1,8.7772,61398.28,3308.14,2169.26,60919.31
5076,304,2026-07-12T13:38:00,1,23.2115,160052.27,7479.37,4620.37,163176.85
5077,293,2026-07-07T13:24:00,1,22.9979,160384.5,8584.79,5936.43,161345.44
5078,258,2026-07-09T15:33:00,1,20.9309,146082.12,8056.02,5504.5,145290.21
5079,275,2026-07-24T17:21:00,1,5.1673,38525.59,1626.37,1169.98,38494.77
5080,406,2026-07-16T13:22:00,1,17.4692,124709.94,188.43,3326.66,124975.1
5081,230,2026-07-02T14:52:00,1,3.6613,28657.41,2486.58,956.51,28377.29
5082,214,2026-07-07T10:32:00,1,15.0718,107977.0,165.7,3108.28,107549.49
5083,27,2026-07-30T18:59:00,1,5.6731,39982.32,2617.13,1248.16,40006.98
5084,79,2026-07-01T17:53:00,1,19.4648,135260.18,7112.11,3695.88,134335.63
5085,184,2026-07-14T12:49:00,1,14.3522,110728.41,8320.73,3955.76,110630.79
5086,250,2026-07-23T09:43:00,1,77.1732,7392.75,921.78,264.45,8120.8
5087,107,2026-07-04T16:06:00,1,29.1472,203911.71,10806.85,7014.6,203805.95
5088,316,2026-07-26T14:18:00,1,4.8799,38092.61,3184.25,1177.85,37802.56
5089,293,2026-07-16T10:09:00,1,22.9979,160829.62,9042.1,4143.21,161345.44
5090,140,2026-07-22T13:21:00,1,21.4836,1900.38,97.91,71.85,2063.66
5091,171,2026-07-01T13:37:00,1,3.3292,23463.59,1545.54,900.04,23715.65
5092,19,2026-07-17T19:36:00,1,12.8924,90256.3,4957.73,3142.27,88723.96
5093,313,2026-07-30T16:25:00,1,10.3132,71885.3,3958.65,2032.37,71776.08
5094,336,2026-07-15T11:19:00,1,106.314,9749.96,805.76,313.25,10623.18
5095,200,2026-07-04T13:15:00,1,16.4058,115432.28,6741.23,2974.55,115360.06
5096,281,2026-07-08T09:37:00,1,13.5853,95107.64,5443.71,2507.12,94266.98
5097,44,2026-07-10T13:39:00,1,4.73,33171.47,2010.75,916.02,33944.67
5098,497,2026-07-08T20:17:00,1,3.6197,28429.67,2581.46,906.74,28164.82
5099,58,2026-07-15T19:26:00,1,55.451,5152.31,487.22,169.25,5047.45
5100,167,2026-07-09T17:39:00,1,12.0913,83893.09,4158.58,2563.76,82941.57
5101,266,2026-07-23T18:51:00,1,3.1433,24474.71,2065.94,657.81,25026.34
5102,200,2026-07-06T14:40:00,1,16.4058,114714.32,6401.59,3164.58,115360.06
5103,215,2026-07-02T09:08:00,1,40.8508,3871.43,441.6,105.42,4327.85
5104,120,2026-07-29T15:47:00,1,3.0118,23784.15,2299.66,620.73,23993.62
5105,249,2026-07-15T10:11:00,1,17.3609,120558.74,6505.44,4591.79,121096.77
5106,191,2026-07-03T20:02:00,1,10.7173,76591.28,110.59,2469.21,77465.39
5107,440,2026-07-09T19:10:00,1,4.4772,31172.74,1648.43,1004.14,31473.28
5108,412,2026-07-28T14:04:00,1,3.3552,23546.21,1511.91,876.51,23469.55
5109,220,2026-07-13T10:54:00,1,39.659,3530.1,195.57,122.44,3876.63
5110,97,2026-07-07T17:18:00,1,12.0171,83592.49,4272.54,2661.9,83643.95
5111,411,2026-07-09T18:35:00,1,13.1482,91293.01,4588.91,3054.84,92603.34
5112,202,2026-07-26T11:30:00,1,4.3318,33834.03,2846.5,902.05,34282.41
5113,207,2026-07-20T13:19:00,1,13.2941,99052.87,4103.48,3235.18,98609.31
5114,162,2026-07-05T13:44:00,1,11.2042,77698.63,3540.94,2148.28,78313.61
5115,297,2026-07-05T15:12:00,1,28.6626,201149.23,11438.93,6550.63,201164.64
5116,385,2026-07-03T16:04:00,1,45.0218,4291.31,512.63,135.21,4324.75
5117,160,2026-07-12T10:58:00,1,41.4832,3940.9,452.16,148.46,4277.48
5118,284,2026-07-02T15:40:00,1,22.3956,156646.35,8843.0,4772.59,156051.35
5119,313,2026-07-26T10:38:00,1,10.3132,71830.05,3622.57,2081.18,71776.08
5120,406,2026-07-08T15:05:00,1,17.4692,124927.83,180.62,3851.8,124975.1
5121,13,2026-07-09T10:55:00,1,24.6984,171435.65,8565.26,6105.88,174080.63
5122,268,2026-07-19T10:52:00,1,7.2654,51893.9,77.5,1410.94,52415.61
5123,310,2026-07-26T14:54:00,1,30.6255,216178.54,13633.43,5880.59,214170.23
5124,200,2026-07-31T13:46:00,1,16.4058,115686.38,7107.87,3848.93,114509.45
5125,260,2026-07-14T12:18:00,1,24.8355,173077.46,8797.08,5913.06,174878.99
5126,35,2026-07-02T10:12:00,1,10.6628,82257.25,6039.98,2188.43,82126.32
5127,402,2026-07-03T17:40:00,1,3.1346,21936.13,1257.77,592.69,21687.27
5128,57,2026-07-10T10:44:00,1,19.0088,136071.82,171.45,5196.02,135836.68
5129,375,2026-07-08T16:55:00,1,4.191,29417.3,1756.41,992.63,29466.95
5130,313,2026-07-22T09:32:00,1,10.3132,71531.52,3528.86,2116.71,71776.08
5131,191,2026-07-14T09:51:00,1,10.7173,76567.95,96.48,2690.13,77465.39
5132,480,2026-07-13T17:29:00,1,23.4422,163008.05,8824.72,4790.43,166738.59
5133,281,2026-07-07T13:51:00,1,13.5853,94388.63,4717.63,2655.49,94266.98
5134,430,2026-07-12T14:30:00,1,7.8341,54793.21,3298.42,1676.04,53671.17
5135,68,2026-07-31T19:30:00,1,19.087,133960.34,7636.85,4214.24,132429.93
5136,320,2026-07-09T13:01:00,1,11.7703,88101.7,3985.37,2768.5,88241.28
5137,119,2026-07-07T13:16:00,1,3.7223,26364.3,1794.92,991.25,26552.84
5138,329,2026-07-21T17:28:00,1,18.6736,144672.51,11384.83,5409.33,143626.71
5139,2,2026-07-20T10:45:00,1,5.3919,37937.97,2347.66,1091.12,37773.68
5140,123,2026-07-13T13:05:00,1,7.2724,50884.93,3053.12,1953.25,50807.76
5141,100,2026-07-27T10:00:00,1,3.7986,26531.54,1558.97,1006.41,26721.43
5142,444,2026-07-13T16:22:00,1,21.3326,147053.18,6745.04,4080.46,149570.04
5143,125,2026-07-31T09:22:00,1,21.1855,162862.98,11606.35,5515.77,163495.59
5144,262,2026-07-30T19:53:00,1,7.1953,50526.95,3135.97,1449.64,50188.36
5145,21,2026-07-03T15:41:00,1,5.716,39777.37,2070.0,1290.09,40047.33
5146,177,2026-07-10T14:14:00,1,21.5109,150577.98,8866.54,4037.17,149601.12
5147,209,2026-07-02T09:17:00,1,18.2845,126928.34,6256.86,3718.28,128197.36
5148,235,2026-07-10T18:19:00,1,8.0469,57617.74,87.72,1770.02,57915.77
5149,466,2026-07-18T18:52:00,1,4.9899,39034.14,3408.1,1316.83,39724.52
5150,277,2026-07-19T10:29:00,1,56.7869,5415.31,650.32,156.12,5388.83
5151,7,2026-07-29T10:01:00,1,13.6765,102067.94,4507.45,3142.44,102782.02
5152,30,2026-07-30T09:48:00,1,7.7113,57762.42,2661.09,2068.68,57913.08
5153,39,2026-07-15T12:41:00,1,38.8962,3660.24,387.9,138.48,3941.11
5154,258,2026-07-11T12:51:00,1,20.9309,146036.0,8071.65,4317.88,145290.21
5155,108,2026-07-27T17:06:00,1,16.1291,112233.79,6198.67,2926.3,111090.06
5156,60,2026-07-30T18:45:00,1,6.9398,48697.81,2989.65,1522.39,48655.45
5157,404,2026-07-14T13:39:00,1,42.524,300331.72,19046.52,11504.68,300825.57
5158,13,2026-07-06T13:05:00,1,24.6984,172435.19,9373.88,5005.97,174080.63
5159,432,2026-07-12T16:17:00,1,12.1559,93801.4,7051.67,3112.01,95303.21
5160,122,2026-07-08T13:42:00,1,4.447,34702.79,2946.85,1182.44,35554.5
5161,302,2026-07-24T14:23:00,1,24.6146,171254.63,8455.14,5921.47,173269.35
5162,499,2026-07-06T16:49:00,1,13.2935,102536.33,7543.5,3918.55,102010.86
5163,362,2026-07-01T14:15:00,1,198.9095,18428.9,1692.65,643.25,20107.23
5164,482,2026-07-01T13:39:00,1,14.7715,103285.12,6035.77,3645.06,101157.77
5165,370,2026-07-26T19:25:00,1,9.1394,65471.66,92.96,1827.02,64697.78
5166,185,2026-07-07T20:39:00,1,138.7501,12824.8,1158.69,446.12,13875.63
5167,256,2026-07-21T16:13:00,1,3.4873,27308.53,2417.02,781.37,26890.68
5168,303,2026-07-28T11:17:00,1,14.7384,109626.43,4530.88,3406.41,111247.67
5169,271,2026-07-16T12:50:00,1,4.3867,34473.02,3204.36,949.68,34477.91
5170,398,2026-07-26T17:24:00,1,7.997,57287.47,80.93,1722.47,57680.36
5171,457,2026-07-11T18:09:00,1,28.4822,2548.86,155.79,73.2,2777.92
5172,461,2026-07-16T16:42:00,1,4.6784,36726.84,3378.92,1122.62,36331.05
5173,51,2026-07-09T12:17:00,1,62.6149,6047.54,781.63,231.53,6550.57
5174,308,2026-07-07T16:58:00,1,22.5917,159159.35,10040.8,5896.88,157919.72
5175,324,2026-07-13T09:23:00,1,11.2024,86523.28,6641.21,2251.96,86023.64
5176,193,2026-07-18T12:52:00,1,14.9404,104197.13,5376.69,3304.55,102287.59
5177,170,2026-07-15T20:07:00,1,3.1856,24839.65,2115.17,673.55,25271.83
5178,205,2026-07-05T18:35:00,1,9.4979,70880.41,2941.46,2171.28,71377.12
5179,326,2026-07-07T13:25:00,1,9.6607,67441.37,3675.05,2046.76,66077.72
5180,161,2026-07-13T20:38:00,1,28.3219,197479.96,11202.01,6553.25,197778.07
5181,239,2026-07-01T19:41:00,1,20.6013,142266.27,6635.96,4180.98,142380.11
5182,174,2026-07-12T12:38:00,1,36.7959,257276.34,15411.0,9375.41,261235.38
5183,382,2026-07-08T20:53:00,1,52.9414,4947.96,503.0,135.05,5290.2
5184,54,2026-07-24T20:37:00,1,23.9682,185653.62,14498.86,5691.68,187282.13
5185,81,2026-07-12T19:03:00,1,18.3862,127061.71,6206.28,4235.67,128128.95
5186,175,2026-07-01T09:00:00,1,10.3823,72074.54,3721.84,2005.3,72571.72
5187,27,2026-07-22T10:42:00,1,5.6731,39745.56,2338.56,1505.08,40006.98
5188,411,2026-07-24T15:04:00,1,13.1482,91154.07,4192.66,3287.94,92603.34
5189,221,2026-07-03T17:16:00,1,12.4688,93245.93,4266.2,2935.74,93644.97
5190,420,2026-07-09T19:32:00,1,5.4005,42728.77,4134.15,1502.4,42365.92
5191,45,2026-07-05T09:03:00,1,16.0869,112609.41,6134.4,4115.8,113372.22
5192,358,2026-07-24T12:33:00,1,5.1854,36655.5,2359.58,1004.04,36398.05
5193,455,2026-07-10T18:39:00,1,21.0382,146857.3,8259.95,4465.34,146482.23
5194,29,2026-07-25T20:52:00,1,13.1621,102051.52,8182.19,3853.61,103492.16
5195,300,2026-07-28T19:59:00,1,18.9634,131047.55,6510.92,3569.29,132207.48
5196,117,2026-07-03T17:07:00,1,31.0203,2745.02,141.49,93.65,2758.76
5197,264,2026-07-22T19:15:00,1,10.9703,76828.43,4493.01,2929.58,77272.76
5198,334,2026-07-14T14:46:00,1,14.5628,102257.1,5927.96,3846.42,101921.6
5199,223,2026-07-03T10:49:00,1,5.2555,41261.02,3756.77,1123.06,41228.9
5200,283,2026-07-18T15:13:00,1,29.6388,2759.74,274.82,75.58,2996.9
5201,400,2026-07-03T13:07:00,1,27.1971,2556.05,273.4,97.63,2604.31
5202,258,2026-07-13T20:14:00,1,20.9309,144924.88,7258.79,4878.18,145290.21
5203,442,2026-07-01T10:44:00,1,22.5468,173642.49,12596.11,5364.21,176097.65
5204,334,2026-07-14T12:20:00,1,14.5628,101982.04,5652.9,3163.64,101921.6
5205,485,2026-07-21T16:27:00,1,12.8272,89771.94,4981.07,2374.14,90681.68
5206,146,2026-07-01T18:42:00,1,45.6533,4084.9,243.63,112.28,4363.13
5207,37,2026-07-23T11:21:00,1,3.501,24438.11,1420.44,696.97,24874.3
5208,75,2026-07-26T19:51:00,1,5.2811,37493.61,2566.47,1031.43,37112.22
5209,214,2026-07-26T15:56:00,1,15.0718,107965.46,149.34,2904.46,107549.49
5210,321,2026-07-08T18:36:00,1,3.0001,23358.54,1934.89,675.73,23799.06
5211,171,2026-07-28T14:11:00,1,3.3292,23469.59,1606.03,882.09,23715.65
5212,482,2026-07-20T13:43:00,1,14.7715,103019.4,5517.16,2976.54,101157.77
5213,278,2026-07-09T20:40:00,1,14.5841,113430.82,9205.7,3264.36,111708.45
5214,229,2026-07-25T17:07:00,1,16.1684,112970.94,6394.02,3675.99,111246.25
5215,464,2026-07-29T12:14:00,1,13.6974,105297.09,7587.51,3112.23,105015.19
5216,26,2026-07-14T17:01:00,1,42.9332,301149.37,17157.41,10041.52,302199.84
5217,171,2026-07-18T14:20:00,1,3.3292,23518.4,1498.04,627.71,23715.65
5218,374,2026-07-12T20:03:00,1,158.1349,14587.97,1288.82,496.68,15997.31
5219,411,2026-07-21T11:49:00,1,13.1482,91891.84,4979.08,3174.14,92603.34
5220,258,2026-07-17T11:59:00,1,20.9309,146403.0,7920.19,4890.56,145290.21
5221,189,2026-07-19T20:46:00,1,10.9377,76035.01,3822.13,2094.38,76878.67
5222,142,2026-07-31T11:07:00,1,6.2076,43512.26,2428.5,1245.01,43188.45
5223,220,2026-07-06T15:46:00,1,39.659,3547.36,213.62,134.7,3876.63
5224,12,2026-07-07T13:04:00,1,28.8297,200472.14,10179.11,5963.49,201674.99
5225,286,2026-07-26T14:42:00,1,25.0601,175224.58,9486.85,5881.91,176868.79
5226,330,2026-07-19T12:46:00,1,4.6319,32458.6,1877.87,1034.4,32282.12
5227,243,2026-07-30T14:31:00,1,15.8002,113068.18,167.38,3177.58,111419.59
5228,454,2026-07-19T18:41:00,1,40.6398,3801.52,391.43,114.17,4115.87
5229,435,2026-07-05T19:05:00,1,21.1293,163194.95,12056.01,5120.8,164260.83
5230,40,2026-07-03T15:59:00,1,47.2477,4436.04,470.54,125.86,4849.47
5231,243,2026-07-01T11:22:00,1,15.8002,113006.14,149.1,3656.27,111419.59
5232,208,2026-07-31T10:06:00,1,11.0838,85987.92,6853.69,3150.98,85709.59
5233,87,2026-07-12T11:13:00,1,5.8771,41512.82,2881.7,1217.71,41296.96
5234,111,2026-07-01T14:25:00,1,8.7362,65361.93,2961.35,2127.59,65471.14
5235,133,2026-07-02T11:36:00,1,14.5876,113449.72,9178.14,3642.25,113326.2
5236,90,2026-07-21T11:32:00,1,25.9884,182164.93,10375.37,6149.87,185674.24
5237,248,2026-07-08T11:51:00,1,12.1774,85027.21,4655.52,3089.34,84291.64
5238,60,2026-07-02T17:33:00,1,6.9398,48791.64,2991.32,1675.59,48538.28
5239,108,2026-07-03T20:27:00,1,16.1291,111675.21,5274.6,3489.81,112888.54
5240,187,2026-07-25T11:11:00,1,12.717,98965.58,8270.61,3223.61,99284.23
5241,2,2026-07-16T16:54:00,1,5.3919,37585.63,1998.77,993.01,37773.68
5242,12,2026-07-18T13:53:00,1,28.8297,201194.53,10505.96,6553.52,201674.99
5243,358,2026-07-03T16:39:00,1,5.1854,36511.06,2303.96,1269.52,36398.05
5244,372,2026-07-14T15:20:00,1,4.8056,33810.77,2022.98,956.15,33637.33
5245,36,2026-07-06T14:21:00,1,3.5236,27707.02,2528.04,968.43,27680.59
5246,50,2026-07-22T14:56:00,1,12.6872,94888.58,4229.91,2451.4,95672.47
5247,45,2026-07-02T20:34:00,1,16.0869,111813.43,5645.36,3747.55,113372.22
5248,410,2026-07-09T11:13:00,1,25.5672,2416.61,266.41,65.85,2604.67
5249,368,2026-07-02T16:08:00,1,6.4593,48036.42,1865.6,1486.96,48411.74
5250,70,2026-07-08T19:33:00,1,30.9727,2749.83,149.36,75.8,2987.25
5251,124,2026-07-01T13:43:00,1,16.7443,130059.79,10459.27,3646.5,128948.28
5252,76,2026-07-29T16:21:00,1,36.1511,255390.13,16153.0,7435.84,253596.23
5253,430,2026-07-07T18:09:00,1,7.8341,54889.9,3180.22,2094.15,53671.17
5254,452,2026-07-31T10:55:00,1,17.8714,125874.73,7596.44,4615.22,127221.62
5255,221,2026-07-23T15:39:00,1,12.4688,92798.16,3907.34,2522.88,93644.97
5256,204,2026-07-27T13:00:00,1,23.1628,2177.45,234.32,76.0,2203.47
5257,133,2026-07-07T13:58:00,1,14.5876,113727.2,9379.47,3281.51,113326.2
5258,135,2026-07-03T15:25:00,1,22.9212,2173.29,249.51,66.47,2313.05
5259,141,2026-07-19T17:18:00,1,2.1494,16716.53,1387.14,434.5,16856.21
5260,155,2026-07-26T10:21:00,1,43.3929,3868.23,227.13,126.37,4226.11
5261,388,2026-07-21T11:37:00,1,12.1851,87086.3,111.98,2683.34,87746.43
5262,220,2026-07-27T18:08:00,1,39.659,3532.95,205.96,113.77,3876.63
5263,158,2026-07-04T09:41:00,1,35.8635,251516.37,13914.94,6458.36,253196.23
5264,325,2026-07-31T20:26:00,1,16.9172,118785.13,6822.03,3976.39,119145.47
5265,54,2026-07-24T14:53:00,1,23.9682,186165.1,15010.34,5230.83,187282.13
5266,88,2026-07-23T12:44:00,1,28.7165,199343.84,10544.34,5510.94,201704.8
5267,88,2026-07-05T09:20:00,1,28.7165,201329.95,11262.9,7678.55,201704.8
5268,269,2026-07-27T19:28:00,1,4.0936,28565.18,1653.24,1091.09,28237.31
5269,338,2026-07-10T20:03:00,1,10.8588,80923.91,3290.66,3025.89,80139.62
5270,373,2026-07-28T15:11:00,1,191.6333,17693.69,1598.41,565.51,19140.35
5271,498,2026-07-11T18:23:00,1,29.3844,2623.04,154.16,89.86,2596.58
5272,26,2026-07-25T14:49:00,1,42.9332,299614.77,16612.85,8114.28,302199.84
5273,85,2026-07-27T15:53:00,1,26.0333,2309.53,125.6,74.1,2522.05
5274,97,2026-07-15T17:11:00,1,12.0171,83106.93,4159.99,2705.48,83643.95
5275,214,2026-07-02T13:34:00,1,15.0718,107874.93,142.31,4119.16,107549.49
5276,313,2026-07-01T14:51:00,1,10.3132,72184.69,4286.91,1866.29,71776.08
5277,480,2026-07-18T20:48:00,1,23.4422,164658.44,9604.46,5284.87,166738.59
5278,316,2026-07-16T10:51:00,1,4.8799,37938.99,3154.77,1235.21,37802.56
5279,473,2026-07-28T11:11:00,1,4.9432,34576.11,2113.08,1251.08,33998.85
5280,324,2026-07-29T14:44:00,1,11.2024,86256.94,6345.29,3265.1,86023.64
5281,410,2026-07-10T11:02:00,1,25.5672,2414.35,263.89,73.07,2604.67
5282,173,2026-07-24T16:20:00,1,17.1759,119964.76,6364.39,3936.43,120399.88
5283,237,2026-07-16T10:06:00,1,8.7772,61063.26,3133.21,2331.19,60919.31
5284,362,2026-07-07T17:14:00,1,198.9095,18406.37,1682.06,704.32,20107.23
5285,10,2026-07-23T15:09:00,1,7.7867,54187.93,2993.49,1617.04,54210.59
5286,236,2026-07-28T19:06:00,1,45.6461,4354.2,520.38,154.22,4723.14
5287,48,2026-07-13T14:33:00,1,12.8521,88579.37,4048.92,2913.89,89666.74
5288,305,2026-07-15T10:56:00,1,24.7258,192438.12,16056.63,5022.42,193918.09
5289,185,2026-07-22T10:49:00,1,138.7501,12846.23,1205.1,356.47,13875.63
5290,110,2026-07-07T15:03:00,1,19.8326,142059.68,193.52,4585.35,139927.76
5291,4,2026-07-30T15:43:00,1,11.895,85115.36,119.28,2475.61,85807.67
5292,399,2026-07-03T18:56:00,1,14.9726,111283.91,4436.59,3571.89,112741.34
5293,276,2026-07-19T19:58:00,1,20.2773,141138.52,7263.73,4023.75,140177.51
5294,265,2026-07-09T10:47:00,1,20.2554,1901.59,198.11,51.26,1896.91
5295,132,2026-07-24T19:30:00,1,8.3701,58486.39,3127.05,1949.64,59029.06
5296,308,2026-07-29T16:06:00,1,22.5917,159677.35,10172.26,5302.6,157919.72
5297,337,2026-07-30T09:58:00,1,6.8574,51382.41,2382.65,1773.1,51059.98
5298,417,2026-07-28T19:31:00,1,14.235,106379.06,4873.12,3010.94,105673.59
5299,399,2026-07-18T11:32:00,1,14.9726,112056.03,5157.21,3839.13,112741.34
5300,194,2026-07-24T18:32:00,1,3.7547,29515.28,2703.31,1112.0,29655.1
5301,211,2026-07-17T13:49:00,1,6.0918,43602.45,62.77,1421.01,43932.92
5302,126,2026-07-19T09:45:00,1,5.5909,39411.75,2499.51,1360.39,39847.32
5303,483,2026-07-29T16:15:00,1,9.9881,69641.96,3543.71,2357.84,70426.37
5304,266,2026-07-19T18:54:00,1,3.1433,24523.34,2105.51,810.61,25026.34
5305,417,2026-07-31T13:20:00,1,14.235,106395.55,4762.92,3845.71,105673.59
5306,246,2026-07-22T13:17:00,1,84.5028,7819.97,730.19,266.2,7801.8
5307,60,2026-07-28T18:57:00,1,6.9398,48608.1,3032.98,1525.53,48655.45
5308,442,2026-07-06T19:49:00,1,22.5468,175302.91,14187.76,4791.66,176097.65
5309,492,2026-07-11T16:53:00,1,5.5826,43557.92,3739.63,1244.58,43858.87
5310,188,2026-07-19T20:16:00,1,32.234,2853.32,148.57,87.33,3114.91
5311,133,2026-07-11T12:58:00,1,14.5876,112939.22,8892.14,4220.64,113326.2
5312,325,2026-07-17T20:55:00,1,16.9172,118136.59,6209.18,3971.92,119145.47
5313,303,2026-07-24T20:50:00,1,14.7384,109541.36,4295.77,3943.31,111247.67
5314,306,2026-07-31T14:28:00,1,28.0255,195980.05,10498.88,6287.12,196973.59
5315,271,2026-07-25T14:26:00,1,4.3867,34185.57,2900.55,1169.17,34477.91
5316,354,2026-07-26T17:19:00,1,3.0016,23443.34,1971.39,713.7,23185.98
5317,439,2026-07-07T16:53:00,1,5.9325,42089.77,2931.77,1442.33,41926.14
5318,370,2026-07-07T19:06:00,1,9.1394,65459.06,83.29,2046.81,64697.78
5319,429,2026-07-22T15:06:00,1,11.4674,85861.61,3919.24,2709.87,86268.38
5320,468,2026-07-30T14:42:00,1,25.5173,179182.75,11116.12,6559.25,180900.58
5321,14,2026-07-21T17:13:00,1,37.31,262694.45,16066.4,8379.09,262318.39
5322,205,2026-07-19T20:45:00,1,9.4979,70569.11,2830.66,1978.87,71377.12
5323,268,2026-07-11T12:26:00,1,7.2654,51890.46,69.49,1485.34,52415.61
5324,310,2026-07-19T17:21:00,1,30.6255,215325.97,13130.29,5870.36,214170.23
5325,363,2026-07-25T10:48:00,1,13.8933,106658.53,7574.43,2986.15,109183.11
5326,74,2026-07-30T14:12:00,1,7.7284,57855.55,2632.04,2074.4,57947.77
5327,85,2026-07-15T20:21:00,1,26.0333,2313.52,123.34,79.79,2522.05
5328,432,2026-07-04T13:38:00,1,12.1559,93892.64,6979.54,2945.06,95303.21
5329,368,2026-07-02T12:17:00,1,6.4593,48108.97,1938.15,1828.04,48411.74
5330,258,2026-07-16T18:21:00,1,20.9309,145422.61,7277.41,4511.83,145290.21
5331,471,2026-07-02T14:23:00,1,4.1632,29381.05,1905.35,1019.31,29492.86
5332,183,2026-07-23T11:02:00,1,18.2712,127001.52,6875.69,4858.38,129006.3
5333,23,2026-07-14T12:26:00,1,26.3325,184387.48,10204.84,5313.84,186120.07
5334,165,2026-07-09T18:17:00,1,34.0778,240285.27,15563.65,8590.19,240878.13
5335,426,2026-07-16T11:06:00,1,38.3169,3705.17,487.32,100.12,3943.04
5336,295,2026-07-19T10:40:00,1,14.8897,103254.86,4950.08,3519.15,103325.4
5337,79,2026-07-16T09:53:00,1,19.4648,135522.7,7053.85,4780.5,134335.63
5338,223,2026-07-11T10:57:00,1,5.2555,40818.01,3332.79,1428.93,41228.9
5339,82,2026-07-06T17:41:00,1,61.9363,6004.5,798.13,223.38,5874.53
5340,127,2026-07-21T15:18:00,1,3.0645,24108.95,2235.28,625.34,24453.74
5341,152,2026-07-14T19:00:00,1,14.682,102315.36,5197.75,3081.18,103061.96
5342,497,2026-07-09T14:37:00,1,3.6197,28160.24,2292.09,837.63,28164.82
5343,177,2026-07-02T20:21:00,1,21.5109,150323.55,8358.92,4633.12,149601.12
5344,229,2026-07-01T17:38:00,1,16.1684,112589.6,6143.65,3584.55,111246.25
5345,427,2026-07-22T12:41:00,1,60.6339,5787.37,700.19,206.94,6272.72
5346,74,2026-07-16T18:46:00,1,7.7284,57517.04,2428.54,2198.47,57947.77
5347,320,2026-07-02T09:01:00,1,11.7703,87721.48,3587.85,3170.3,88241.28
5348,278,2026-07-06T15:36:00,1,14.5841,113305.68,9090.47,4096.86,111708.45
5349,200,2026-07-24T11:27:00,1,16.4058,115618.86,7111.88,4172.81,115360.06
5350,473,2026-07-30T19:11:00,1,4.9432,34559.91,2002.12,966.01,33998.85
5351,80,2026-07-02T14:43:00,1,3.9658,27779.63,1606.7,844.33,27956.4
5352,12,2026-07-13T09:27:00,1,28.8297,199705.87,10088.03,7089.1,201674.99
5353,342,2026-07-31T20:04:00,1,33.6753,3266.46,437.73,84.61,3531.28
5354,181,2026-07-22T12:37:00,1,19.7854,141562.47,182.33,3694.07,142839.21
5355,452,2026-07-07T16:27:00,1,17.8714,125096.75,7134.97,4181.8,127221.62
5356,319,2026-07-16T15:11:00,1,72.4721,7024.41,938.2,261.86,7444.73
5357,387,2026-07-03T12:48:00,1,11.9529,89162.29,3864.12,2503.55,89528.73
5358,366,2026-07-27T10:47:00,1,20.7568,1839.49,98.2,64.39,2026.31
5359,318,2026-07-06T19:39:00,1,17.6338,122688.21,6268.1,3734.31,121744.27
5360,79,2026-07-04T09:30:00,1,19.4648,135092.15,6134.74,4041.4,134335.63
5361,47,2026-07-06T09:57:00,1,4.4362,30946.79,1658.55,957.78,30937.05
5362,299,2026-07-05T19:29:00,1,2.7577,19588.89,1336.39,629.58,19335.39
5363,237,2026-07-24T09:20:00,1,8.7772,60988.55,2936.68,1915.75,60919.31
5364,153,2026-07-20T17:34:00,1,36.3674,3496.12,441.62,111.47,3846.81
5365,473,2026-07-15T11:03:00,1,4.9432,34566.28,2091.68,1278.97,33998.85
5366,212,2026-07-07T17:53:00,1,170.6976,15622.44,1270.19,538.51,17057.24
5367,370,2026-07-24T11:26:00,1,9.1394,65359.46,95.83,2476.33,64697.78
5368,308,2026-07-18T15:45:00,1,22.5917,158068.78,8640.27,4635.61,157919.72
5369,223,2026-07-12T20:56:00,1,5.2555,41186.77,3681.26,1225.21,41228.9
5370,144,2026-07-16T15:52:00,1,7.8189,54675.44,3070.23,1990.81,54445.48
5371,369,2026-07-27T13:28:00,1,3.836,26605.37,1386.93,826.37,27004.67
5372,83,2026-07-23T14:11:00,1,16.4877,127686.93,10145.13,4767.22,128344.3
5373,192,2026-07-15T20:16:00,1,4.2888,29996.41,1820.92,979.13,30519.56
5374,250,2026-07-16T09:28:00,1,77.1732,7415.88,934.87,240.76,8120.8
5375,2,2026-07-26T15:20:00,1,5.3919,37901.6,2241.68,1264.27,37773.68
5376,257,2026-07-15T15:05:00,1,3.6998,25773.55,1467.53,946.0,26155.07
5377,76,2026-07-29T16:58:00,1,36.1511,254769.27,15532.14,8153.02,253596.23
5378,82,2026-07-18T09:50:00,1,61.9363,5907.18,714.44,181.38,5874.53
5379,319,2026-07-05T15:43:00,1,72.4721,6966.05,871.87,266.51,7444.73
5380,383,2026-07-03T13:07:00,1,62.5518,6031.73,781.76,212.77,6362.59
5381,234,2026-07-01T16:04:00,1,16.4047,113613.69,5612.04,3193.36,115501.01
5382,343,2026-07-17T15:46:00,1,12.5555,87852.03,4782.46,2286.43,87744.14
5383,382,2026-07-13T12:04:00,1,52.9414,4985.25,533.94,128.3,5290.2
5384,368,2026-07-27T13:30:00,1,6.4593,48303.66,2258.67,1484.77,48411.74
5385,463,2026-07-19T11:29:00,1,4.2011,33101.62,3139.63,1116.87,33199.55
5386,311,2026-07-17T11:48:00,1,6.7935,50594.44,2039.53,1375.01,51184.74
5387,406,2026-07-09T12:23:00,1,17.4692,125005.35,161.89,4295.72,124975.1
5388,358,2026-07-22T09:05:00,1,5.1854,36417.35,2226.12,1323.12,36398.05
5389,308,2026-07-20T19:16:00,1,22.5917,157823.14,8702.11,5286.3,157919.72
5390,297,2026-07-01T20:07:00,1,28.6626,200794.5,12091.98,5147.44,201164.64
5391,253,2026-07-01T19:25:00,1,12.2356,91461.8,4065.85,3253.93,91721.49
5392,260,2026-07-28T09:30:00,1,24.8355,172485.0,9385.06,5225.92,174878.99
5393,249,2026-07-21T16:52:00,1,17.3609,120354.14,5594.42,4543.11,121096.77
5394,153,2026-07-02T17:37:00,1,36.3674,3471.05,417.64,98.85,3846.81
5395,197,2026-07-24T20:09:00,1,3.3083,25913.51,2289.24,789.2,26110.51
5396,344,2026-07-30T09:20:00,1,14.46,100091.2,4852.15,2668.98,100842.02
5397,37,2026-07-03T09:03:00,1,3.501,24365.59,1270.16,882.21,24874.3
5398,360,2026-07-16T17:47:00,1,6.8958,48023.31,2510.62,1294.64,48032.53
5399,192,2026-07-01T09:09:00,1,4.2888,30253.05,2017.39,779.06,30519.56
5400,185,2026-07-22T19:48:00,1,138.7501,12704.3,1063.17,402.24,13875.63
5401,494,2026-07-21T11:02:00,1,3.4802,24486.37,1481.41,840.82,24604.21
5402,45,2026-07-01T16:23:00,1,16.0869,112091.31,6181.92,3116.53,113372.22
5403,481,2026-07-20T19:29:00,1,9.6978,69366.43,102.61,2196.08,68785.54
5404,359,2026-07-23T14:40:00,1,1.683,13125.84,1127.63,480.53,12973.64
5405,123,2026-07-28T20:28:00,1,7.2724,50726.02,2966.64,1507.2,50807.76
5406,399,2026-07-10T14:09:00,1,14.9726,111600.1,4555.89,3942.73,112741.34
5407,203,2026-07-22T20:16:00,1,3.5736,28126.47,2590.67,941.64,27946.28
5408,356,2026-07-21T15:18:00,1,10.5422,78395.68,3147.99,2289.18,78802.91
5409,61,2026-07-12T13:02:00,1,13.7262,95731.06,5506.55,2709.5,94538.58
5410,499,2026-07-26T10:57:00,1,13.2935,103528.83,8433.78,3777.78,102010.86
5411,477,2026-07-07T18:49:00,1,13.4506,93625.66,4843.76,3520.24,94914.32
5412,123,2026-07-28T15:47:00,1,7.2724,50635.84,2876.46,1570.93,50807.76
5413,306,2026-07-25T15:34:00,1,28.0255,195988.38,11253.25,6542.37,196973.59
5414,62,2026-07-24T09:53:00,1,4.7149,37085.32,3416.64,1128.21,37523.03
5415,283,2026-07-11T16:19:00,1,29.6388,2777.36,287.11,98.36,2996.9
5416,319,2026-07-22T13:39:00,1,72.4721,6871.18,790.77,207.84,7444.73
5417,385,2026-07-13T13:37:00,1,45.0218,4327.44,542.01,115.15,4324.75
5418,326,2026-07-02T14:32:00,1,9.6607,67149.07,3391.73,1900.75,66077.72
5419,214,2026-07-06T14:28:00,1,15.0718,107844.4,144.18,2823.12,107549.49
5420,136,2026-07-09T18:35:00,1,27.1123,189790.14,11001.6,6231.04,190610.02
5421,233,2026-07-07T12:20:00,1,12.6163,94027.64,3780.98,2857.1,92727.37
5422,78,2026-07-15T10:05:00,1,3.8207,30056.03,2801.07,811.48,29281.47
5423,369,2026-07-31T14:51:00,1,3.836,26786.18,1398.38,926.12,27004.67
5424,369,2026-07-28T15:43:00,1,3.836,26594.51,1402.69,862.68,27004.67
5425,226,2026-07-29T20:20:00,1,13.4675,93848.5,4724.63,3067.9,93023.91
5426,318,2026-07-08T14:52:00,1,17.6338,122949.29,6564.98,3267.7,121744.27
5427,308,2026-07-14T09:52:00,1,22.5917,158201.4,8763.18,5398.61,157919.72
5428,350,2026-07-15T13:44:00,1,40.4539,3614.69,211.3,101.72,3900.46
5429,497,2026-07-28T09:56:00,1,3.6197,28178.9,2367.8,1037.92,28164.82
5430,83,2026-07-05T11:22:00,1,16.4877,128139.88,10202.54,3966.95,128344.3
5431,328,2026-07-31T11:00:00,1,3.0974,24308.1,2193.81,828.48,24319.39
5432,178,2026-07-28T11:52:00,1,4.4698,31297.9,1943.78,1020.22,31553.38
5433,307,2026-07-17T17:55:00,1,20.694,161239.97,13334.57,6041.43,159864.7
5434,56,2026-07-23T13:30:00,1,175.6407,16163.44,1435.97,614.14,16189.86
5435,363,2026-07-09T16:19:00,1,13.8933,107805.78,8517.45,3504.75,109183.11
5436,204,2026-07-01T16:06:00,1,23.1628,2171.04,222.12,71.8,2203.47
5437,258,2026-07-24T16:50:00,1,20.9309,146465.25,8029.53,4222.08,145290.21
5438,468,2026-07-06T16:11:00,1,25.5173,178286.08,9818.31,5544.91,180900.58
5439,267,2026-07-11T14:51:00,1,11.3594,79221.66,4347.08,2848.1,80167.77
5440,77,2026-07-20T16:55:00,1,5.0459,39805.72,3766.79,1111.21,40007.15
5441,500,2026-07-27T17:41:00,1,31.1716,217829.94,12903.17,8140.17,215660.52
5442,329,2026-07-15T16:30:00,1,18.6736,144613.25,11405.12,4704.92,143626.71
5443,176,2026-07-10T16:48:00,1,79.6742,7615.19,913.79,244.93,8259.16
5444,157,2026-07-31T10:58:00,1,5.5603,43255.39,3556.91,1261.06,43921.22
5445,325,2026-07-30T18:44:00,1,16.9172,118488.22,7065.11,4128.39,119145.47
5446,115,2026-07-14T20:21:00,1,15.2051,108660.51,167.1,4057.04,108043.66
5447,321,2026-07-14T19:04:00,1,3.0001,23232.74,1826.04,729.67,23799.06
5448,372,2026-07-19T12:33:00,1,4.8056,33537.82,1810.29,1020.36,33637.33
5449,321,2026-07-01T17:18:00,1,3.0001,23227.29,1798.3,844.45,23799.06
5450,420,2026-07-10T20:50:00,1,5.4005,42374.12,3764.11,1216.25,42365.92
5451,356,2026-07-12T10:23:00,1,10.5422,78544.51,3310.84,2936.81,78802.91
5452,218,2026-07-18T11:44:00,1,41.5219,293135.84,18497.12,8014.96,288363.83
5453,489,2026-07-08T16:01:00,1,9.8667,73847.52,3389.61,1949.2,72383.18
5454,349,2026-07-14T09:55:00,1,3.9789,30891.85,2501.09,890.6,30859.88
5455,168,2026-07-31T11:45:00,1,22.6916,2120.85,214.76,64.58,2348.48
5456,70,2026-07-15T12:03:00,1,30.9727,2764.8,159.07,81.38,2987.25
5457,115,2026-07-27T19:45:00,1,15.2051,108539.48,150.23,3716.65,108043.66
5458,400,2026-07-30T19:41:00,1,27.1971,2558.82,271.54,83.09,2604.31
5459,87,2026-07-10T14:26:00,1,5.8771,41255.67,2537.98,1516.73,41296.96
5460,101,2026-07-28T11:40:00,1,6.4304,44576.95,2347.16,1601.34,45333.33
5461,42,2026-07-07T17:54:00,1,5.2378,41165.37,3698.44,1061.39,41098.97
5462,100,2026-07-18T09:57:00,1,3.7986,26767.35,1642.23,870.12,26721.43
5463,209,2026-07-14T13:22:00,1,18.2845,126806.12,5858.91,4377.48,128197.36
5464,331,2026-07-28T15:14:00,1,6.1706,42997.13,2473.5,1383.39,43124.06
5465,188,2026-07-14T10:33:00,1,32.234,2864.83,155.56,103.9,3114.91
5466,494,2026-07-01T19:33:00,1,3.4802,24373.42,1461.24,890.55,24604.21
5467,95,2026-07-11T19:33:00,1,30.4621,2842.09,282.66,106.89,3085.67
5468,375,2026-07-18T14:53:00,1,4.191,29561.72,1841.15,977.76,29466.95
5469,327,2026-07-09T18:33:00,1,2.2934,17847.71,1457.95,667.61,17663.02
5470,405,2026-07-10T11:44:00,1,69.8843,6662.17,784.2,213.32,7338.21
5471,448,2026-07-18T09:21:00,1,1.8774,14743.88,1339.94,462.18,14722.59
5472,82,2026-07-02T19:10:00,1,61.9363,5905.13,704.96,201.8,5874.53
5473,435,2026-07-20T16:05:00,1,21.1293,163690.11,12780.0,6007.13,164260.83
5474,422,2026-07-24T20:10:00,1,43.7528,4129.36,459.81,114.57,4400.94
5475,487,2026-07-01T15:33:00,1,139.4639,12785.04,1050.55,398.09,13934.72
5476,233,2026-07-10T20:30:00,1,12.6163,93934.08,3735.86,2936.77,92727.37
5477,292,2026-07-13T20:42:00,1,17.0016,118443.5,6621.09,4464.45,120190.48
5478,415,2026-07-11T16:47:00,1,4.4374,34561.28,2911.21,948.48,34410.05
5479,200,2026-07-01T17:58:00,1,16.4058,115205.79,7196.89,3169.79,115360.06
5480,259,2026-07-15T16:05:00,1,3.1863,24987.11,2257.64,905.5,24576.47
5481,396,2026-07-01T12:52:00,1,24.6006,2190.6,120.71,74.75,2384.32
5482,119,2026-07-09T19:45:00,1,3.7223,26267.39,1721.17,789.1,26552.84
5483,195,2026-07-16T11:12:00,1,5.6896,39710.43,2158.73,1469.33,40165.21
5484,345,2026-07-05T16:31:00,1,6.9195,48764.78,2966.41,1779.79,48077.3
5485,342,2026-07-23T14:13:00,1,33.6753,3249.36,425.69,85.51,3531.28
5486,180,2026-07-17T12:03:00,1,21.5984,151710.02,8810.9,5017.86,151997.74
5487,500,2026-07-05T19:42:00,1,31.1716,220131.34,13814.62,6257.02,215660.52
5488,440,2026-07-05T16:59:00,1,4.4772,31306.18,1672.76,939.44,31473.28
5489,484,2026-07-01T13:02:00,1,8.7331,65068.05,2689.61,1801.68,64838.82
5490,406,2026-07-24T14:18:00,1,17.4692,124937.13,191.15,3727.83,124975.1
5491,483,2026-07-14T20:43:00,1,9.9881,69579.34,3510.66,2428.21,70426.37
5492,120,2026-07-19T16:41:00,1,3.0118,23712.95,2232.97,877.91,23993.62
5493,22,2026-07-10T17:34:00,1,13.9576,103900.55,4112.92,3212.53,103466.89
5494,455,2026-07-31T15:40:00,1,21.0382,146542.75,7305.63,5230.92,146482.23
5495,418,2026-07-28T16:14:00,1,23.6409,182152.86,13575.99,6690.27,183599.47
5496,282,2026-07-13T14:24:00,1,41.6824,292854.22,18701.99,11194.98,294156.91
5497,324,2026-07-01T17:42:00,1,11.2024,86464.63,6448.58,3281.89,86023.64
5498,492,2026-07-29T16:47:00,1,5.5826,43546.95,3723.81,1488.89,43858.87
5499,122,2026-07-07T10:44:00,1,4.447,34728.48,2918.29,968.31,35554.5
5500,88,2026-07-10T17:29:00,1,28.7165,200190.23,11009.09,5971.23,201704.8
5501,488,2026-07-23T15:57:00,1,4.4681,31361.56,1985.59,807.1,31759.9
5502,87,2026-07-08T14:37:00,1,5.8771,41527.79,2738.52,1202.26,41296.96
5503,448,2026-07-19T11:26:00,1,1.8774,14653.13,1263.63,427.46,14722.59
5504,146,2026-07-02T17:38:00,1,45.6533,4060.78,227.73,105.2,4363.13
5505,172,2026-07-07T20:03:00,1,27.5585,2442.76,125.64,66.56,2681.44
5506,121,2026-07-28T09:44:00,1,5.6102,39597.8,2754.44,1305.61,39753.67
5507,64,2026-07-08T10:55:00,1,3.1873,22367.76,1331.36,717.07,22434.36
5508,404,2026-07-13T14:27:00,1,42.524,296275.24,16587.66,8433.54,300825.57
5509,294,2026-07-20T17:49:00,1,11.2674,997.65,51.3,36.92,1099.9
5510,41,2026-07-02T10:23:00,1,3.6873,25821.9,1486.97,666.63,25728.91
5511,437,2026-07-07T12:20:00,1,4.6132,36038.87,3039.82,1051.85,36178.81
5512,215,2026-07-15T16:31:00,1,40.8508,3880.04,443.26,130.91,4327.85
5513,89,2026-07-17T14:59:00,1,3.0342,21353.32,1278.48,566.02,21200.13
5514,202,2026-07-12T14:29:00,1,4.3318,34011.44,3097.85,1158.04,34282.41
5515,371,2026-07-30T14:31:00,1,3.5364,27785.21,2515.76,1030.67,27587.51
5516,181,2026-07-19T14:01:00,1,19.7854,141299.94,191.65,4648.28,142839.21
5517,474,2026-07-11T20:40:00,1,2.6939,20903.9,1689.47,708.67,21209.1
5518,205,2026-07-05T16:07:00,1,9.4979,71016.66,3077.71,2392.11,71377.12
5519,160,2026-07-17T13:57:00,1,41.4832,3970.14,484.31,146.87,4277.48
5520,41,2026-07-18T11:44:00,1,3.6873,25782.53,1393.58,773.88,25728.91
5521,167,2026-07-05T14:09:00,1,12.0913,84463.47,4434.3,2878.84,82941.57
5522,432,2026-07-30T19:49:00,1,12.1559,93514.54,6654.19,2936.36,95303.21
5523,283,2026-07-21T10:25:00,1,29.6388,2811.92,324.63,77.89,2996.9
5524,345,2026-07-11T19:45:00,1,6.9195,48153.65,2544.32,1274.09,48077.3
5525,99,2026-07-03T16:18:00,1,19.3079,134413.15,7042.6,5002.63,135735.36
5526,378,2026-07-10T12:02:00,1,22.3074,154484.7,7526.0,4073.54,157085.33
5527,421,2026-07-26T15:48:00,1,70.6148,6800.6,875.31,215.32,7399.3
5528,331,2026-07-29T17:46:00,1,6.1706,43185.97,2350.79,1217.49,43124.06
5529,413,2026-07-18T12:52:00,1,9.2313,68650.28,2742.21,2593.18,69692.43
5530,388,2026-07-12T20:59:00,1,12.1851,87084.43,126.32,2499.08,87746.43
5531,50,2026-07-26T13:00:00,1,12.6872,94548.65,3790.76,3621.01,95672.47
5532,393,2026-07-23T15:14:00,1,5.8217,40723.72,2448.37,1146.92,40681.64
5533,155,2026-07-21T18:16:00,1,43.3929,3873.05,231.52,138.12,4226.11
5534,50,2026-07-06T17:57:00,1,12.6872,94961.56,4301.24,2538.65,95672.47
5535,22,2026-07-12T14:30:00,1,13.9576,104268.99,4661.55,3550.2,103466.89
5536,305,2026-07-11T09:18:00,1,24.7258,191440.23,15081.73,5050.67,193918.09
5537,491,2026-07-27T10:08:00,1,28.3832,197334.55,10739.14,7358.14,196145.75
5538,426,2026-07-30T14:19:00,1,38.3169,3696.54,474.09,137.42,3943.04
5539,217,2026-07-01T10:50:00,1,32.1275,2997.91,294.7,111.28,3280.44
5540,62,2026-07-07T20:14:00,1,4.7149,37224.93,3498.4,1306.04,37523.03
5541,140,2026-07-26T10:12:00,1,21.4836,1910.16,107.47,57.87,2063.66
5542,115,2026-07-20T20:11:00,1,15.2051,108758.34,160.17,3652.07,108043.66
5543,474,2026-07-15T11:31:00,1,2.6939,20942.59,1725.65,647.65,21209.1
5544,128,2026-07-10T10:09:00,1,11.2314,80416.59,119.49,2178.04,79829.9
5545,14,2026-07-25T20:45:00,1,37.31,260557.21,14621.63,6958.13,262318.39
5546,109,2026-07-17T10:18:00,1,38.1991,3560.05,350.18,101.34,3663.12
5547,316,2026-07-28T18:33:00,1,4.8799,38080.17,3282.92,991.61,37802.56
5548,321,2026-07-02T20:04:00,1,3.0001,23416.52,1971.93,792.71,23799.06
5549,309,2026-07-13T14:10:00,1,20.9922,162733.45,13042.27,4795.08,163877.64
5550,101,2026-07-04T18:55:00,1,6.4304,45341.52,2739.09,1223.24,45333.33
5551,315,2026-07-02T12:12:00,1,42.8276,3810.51,214.7,100.97,4154.72
5552,171,2026-07-13T20:13:00,1,3.3292,23533.94,1637.23,821.48,23715.65
5553,52,2026-07-15T15:56:00,1,8.4833,60608.24,92.62,1732.72,61107.55
5554,459,2026-07-21T13:59:00,1,6.8639,51144.81,2151.94,1344.55,51697.62
5555,379,2026-07-29T16:05:00,1,2.4927,19465.23,1683.7,515.55,19009.38
5556,6,2026-07-28T18:05:00,1,11.7587,87727.69,3879.58,3021.52,88161.08
5557,329,2026-07-04T16:18:00,1,18.6736,145587.09,12073.28,5205.14,143626.71
5558,21,2026-07-11T12:46:00,1,5.716,40106.15,2429.59,1042.21,40047.33
5559,110,2026-07-26T12:17:00,1,19.8326,142057.3,184.8,5024.86,139927.76
5560,426,2026-07-09T16:04:00,1,38.3169,3690.75,468.3,114.79,3943.04
5561,137,2026-07-29T14:03:00,1,19.0534,147392.32,11476.03,5225.84,148363.19
5562,441,2026-07-23T20:09:00,1,5.6742,39856.91,2551.31,1197.24,40522.82
5563,190,2026-07-23T12:04:00,1,2.4559,19219.42,1711.16,604.99,19101.48
5564,440,2026-07-13T15:01:00,1,4.4772,31329.85,1882.54,885.84,31473.28
5565,445,2026-07-07T17:46:00,1,56.0557,5407.64,694.48,204.86,5771.96
5566,42,2026-07-03T20:49:00,1,5.2378,41156.1,3778.16,1502.84,41098.97
5567,31,2026-07-11T16:54:00,1,19.1019,148326.93,12081.29,5107.24,145166.23
5568,18,2026-07-31T18:24:00,1,66.0832,6294.5,743.51,230.18,7010.81
5569,458,2026-07-25T16:01:00,1,5.2364,36734.39,2217.72,1140.01,36647.98
5570,7,2026-07-12T18:55:00,1,13.6765,102059.97,4458.59,2979.74,102782.02
5571,446,2026-07-31T12:55:00,1,15.9701,123405.09,9384.48,4243.43,125003.74
5572,381,2026-07-05T20:29:00,1,51.5308,5011.8,678.58,144.2,5266.72
5573,33,2026-07-01T14:33:00,1,20.5951,142787.9,7198.41,5011.86,144592.47
5574,437,2026-07-01T10:17:00,1,4.6132,36361.93,3410.95,1200.82,36178.81
5575,348,2026-07-02T11:13:00,1,9.5558,66449.32,3384.29,1869.43,66902.72
5576,159,2026-07-07T15:21:00,1,106.8915,9901.47,914.03,354.75,9855.57
5577,473,2026-07-18T20:34:00,1,4.9432,34783.2,2087.34,1020.97,33998.85
5578,370,2026-07-17T19:10:00,1,9.1394,65414.02,92.35,2196.28,64697.78
5579,130,2026-07-15T18:31:00,1,2.9689,23044.77,1866.12,805.93,22961.63
5580,100,2026-07-05T17:53:00,1,3.7986,26668.87,1526.92,986.31,26721.43
5581,369,2026-07-05T14:47:00,1,3.836,26980.94,1591.45,880.8,27004.67
5582,146,2026-07-12T12:39:00,1,45.6533,4059.32,219.88,149.14,4068.27
5583,410,2026-07-04T09:13:00,1,25.5672,2419.64,275.83,91.51,2604.67
5584,488,2026-07-10T12:27:00,1,4.4681,31453.79,2018.44,871.68,31759.9
5585,265,2026-07-18T20:31:00,1,20.2554,1903.23,205.02,53.75,1896.91
5586,105,2026-07-13T12:09:00,1,3.087,24171.04,2158.26,879.03,23973.36
5587,129,2026-07-18T12:26:00,1,58.1956,5510.01,630.89,159.26,5543.18
5588,136,2026-07-15T15:57:00,1,27.1123,189193.26,11077.65,5596.97,190610.02
5589,426,2026-07-09T20:17:00,1,38.3169,3683.84,461.39,129.11,3943.04
5590,54,2026-07-13T11:02:00,1,23.9682,184519.35,13606.91,6534.58,187282.13
5591,212,2026-07-08T11:36:00,1,170.6976,15589.65,1257.88,465.53,17057.24
5592,236,2026-07-16T14:32:00,1,45.6461,4370.12,536.76,118.69,4723.14
5593,161,2026-07-01T13:16:00,1,28.3219,198385.31,11925.82,5360.3,197778.07
5594,426,2026-07-03T10:45:00,1,38.3169,3663.78,447.84,102.15,3943.04
5595,166,2026-07-23T10:04:00,1,42.0913,293401.23,16667.77,8935.34,293157.89
5596,221,2026-07-18T15:58:00,1,12.4688,92917.84,3895.22,2499.98,93644.97
5597,18,2026-07-28T10:33:00,1,66.0832,6295.47,745.14,191.39,7010.81
5598,324,2026-07-06T14:21:00,1,11.2024,86636.79,6586.57,3047.78,86023.64
5599,180,2026-07-23T14:58:00,1,21.5984,151309.1,9308.26,4607.71,151997.74
5600,138,2026-07-06T12:24:00,1,3.6759,28772.03,2504.75,920.99,29060.19
5601,271,2026-07-25T12:31:00,1,4.3867,34205.55,2920.53,1247.51,34477.91
5602,241,2026-07-03T12:18:00,1,21.0662,147757.2,8787.48,5308.77,146917.66
5603,467,2026-07-26T14:17:00,1,3.5951,28136.93,2419.38,947.88,27521.95
5604,180,2026-07-28T15:01:00,1,21.5984,151033.39,9192.16,5170.55,151997.74
5605,5,2026-07-08T10:38:00,1,4.2729,33798.32,3285.63,1233.49,33053.93
5606,220,2026-07-21T11:14:00,1,39.659,3545.49,217.31,97.67,3876.63
5607,279,2026-07-13T13:43:00,1,3.3772,26408.97,2326.83,835.48,25986.45
5608,68,2026-07-23T16:47:00,1,19.087,132160.73,6671.34,4833.47,132429.93
5609,464,2026-07-26T12:34:00,1,13.6974,105722.27,7737.92,3786.17,105015.19
5610,195,2026-07-22T18:20:00,1,5.6896,39921.87,2406.07,1050.29,40165.21
5611,446,2026-07-22T18:12:00,1,15.9701,123950.29,9833.07,3207.2,125003.74
5612,138,2026-07-01T10:26:00,1,3.6759,28779.63,2523.56,959.47,29060.19
5613,363,2026-07-30T10:04:00,1,13.8933,108289.33,9014.34,2818.15,109183.11
5614,101,2026-07-14T09:15:00,1,6.4304,45263.72,2728.3,1616.88,45333.33
5615,146,2026-07-27T13:12:00,1,45.6533,4059.39,229.53,117.01,4068.27
5616,464,2026-07-24T09:00:00,1,13.6974,106788.42,8976.52,3845.0,105015.19
5617,368,2026-07-14T18:21:00,1,6.4593,48020.92,1931.68,1528.69,48411.74
5618,379,2026-07-22T10:19:00,1,2.4927,19457.05,1645.01,716.34,19009.38
5619,433,2026-07-06T13:39:00,1,2.1387,16699.01,1416.27,503.46,16424.51
5620,399,2026-07-13T11:53:00,1,14.9726,111488.62,4722.0,3324.04,112741.34
5621,47,2026-07-24T20:44:00,1,4.4362,31204.52,1863.76,988.95,30937.05
5622,188,2026-07-28T11:32:00,1,32.234,2866.41,159.08,90.8,2865.94
5623,4,2026-07-31T20:56:00,1,11.895,85033.24,107.34,2628.45,85807.67
5624,472,2026-07-30T16:13:00,1,13.3279,92651.18,4868.57,2451.13,91782.23
5625,144,2026-07-10T13:44:00,1,7.8189,54613.19,3103.14,1861.05,54445.48
5626,400,2026-07-11T19:07:00,1,27.1971,2561.7,276.6,73.26,2604.31
5627,435,2026-07-14T11:27:00,1,21.1293,163978.62,13214.09,5353.95,164260.83
5628,148,2026-07-30T20:05:00,1,2.6633,20842.26,1811.57,695.24,20944.68
5629,366,2026-07-31T10:28:00,1,20.7568,1851.16,107.59,48.48,2026.31
5630,7,2026-07-15T11:43:00,1,13.6765,101986.97,4425.66,3845.73,102782.02
5631,379,2026-07-20T16:25:00,1,2.4927,19353.63,1550.22,657.99,19009.38
5632,41,2026-07-24T13:55:00,1,3.6873,25932.83,1545.25,677.47,25728.91
5633,415,2026-07-31T13:05:00,1,4.4374,35060.86,3379.47,1032.97,34410.05
5634,372,2026-07-30T20:57:00,1,4.8056,33709.53,2058.02,937.93,33637.33
5635,339,2026-07-28T20:22:00,1,4.9004,34294.84,2112.88,985.59,34103.43
5636,413,2026-07-05T17:12:00,1,9.2313,69155.63,3123.68,2555.55,69692.43
5637,340,2026-07-07T16:45:00,1,165.8251,15264.76,1322.19,522.57,15369.49
5638,190,2026-07-28T17:07:00,1,2.4559,19078.49,1566.13,608.54,19101.48
5639,350,2026-07-07T14:24:00,1,40.4539,3585.36,184.0,98.14,3900.46
5640,146,2026-07-21T10:52:00,1,45.6533,4057.49,226.27,140.8,4068.27
5641,46,2026-07-11T20:46:00,1,3.1675,24658.56,2066.14,672.26,25049.19
5642,36,2026-07-27T16:02:00,1,3.5236,27596.61,2478.7,1055.44,27680.59
5643,359,2026-07-29T10:59:00,1,1.683,13104.29,1098.71,435.19,12973.64
5644,384,2026-07-30T10:07:00,1,139.1589,12705.66,1002.4,443.62,13806.42
5645,222,2026-07-04T13:16:00,1,12.5433,93356.49,3673.53,3504.86,93042.29
5646,202,2026-07-23T18:54:00,1,4.3318,34004.67,3123.01,1291.78,34282.41
5647,270,2026-07-08T14:51:00,1,4.256,33109.25,2717.24,1091.94,33198.81
5648,162,2026-07-06T16:13:00,1,11.2042,78074.25,4103.0,2300.48,78313.61
5649,389,2026-07-27T17:54:00,1,19.9391,139908.63,8826.0,4506.05,140278.17
5650,346,2026-07-25T12:31:00,1,3.0109,21157.48,1310.59,734.03,21621.42
5651,384,2026-07-22T19:53:00,1,139.1589,12784.88,1109.45,375.14,13806.42
5652,387,2026-07-16T17:35:00,1,11.9529,88994.16,3793.17,2342.62,89528.73
5653,472,2026-07-04T11:21:00,1,13.3279,93087.87,4788.4,2788.93,91782.23
5654,494,2026-07-04T20:49:00,1,3.4802,24515.48,1458.6,863.25,24604.21
5655,297,2026-07-27T11:25:00,1,28.6626,199340.83,10908.6,7575.37,201404.25
5656,259,2026-07-19T15:42:00,1,3.1863,25165.28,2440.78,663.69,24576.47
5657,216,2026-07-14T15:23:00,1,3.2471,25545.75,2376.62,702.5,25710.38
5658,484,2026-07-24T12:53:00,1,8.7331,65348.91,2986.63,2132.41,64838.82
5659,305,2026-07-21T15:19:00,1,24.7258,192798.32,16311.49,6069.29,193918.09
5660,215,2026-07-25T10:49:00,1,40.8508,3956.02,522.1,128.09,4327.85
5661,382,2026-07-01T20:30:00,1,52.9414,5018.75,564.26,140.62,5290.2
5662,5,2026-07-27T09:28:00,1,4.2729,33604.06,3144.78,1115.65,33053.93
5663,26,2026-07-26T09:33:00,1,42.9332,301059.24,17115.8,9711.69,302199.84
5664,336,2026-07-17T20:45:00,1,106.314,9826.92,893.35,304.01,10623.18
5665,407,2026-07-14T12:10:00,1,9.1757,64067.88,3373.01,2410.36,63145.55
5666,21,2026-07-16T20:02:00,1,5.716,40149.77,2423.83,1436.13,40047.33
5667,305,2026-07-31T13:32:00,1,24.7258,192523.64,15990.58,6197.35,193918.09
5668,144,2026-07-20T15:31:00,1,7.8189,54521.69,2911.48,1880.95,54445.48
5669,384,2026-07-10T19:11:00,1,139.1589,12827.02,1122.36,470.43,13806.42
5670,328,2026-07-14T13:43:00,1,3.0974,24052.92,1951.95,878.2,24319.39
5671,460,2026-07-09T16:08:00,1,20.4061,158839.84,13007.85,4869.33,160633.54
5672,227,2026-07-16T10:49:00,1,14.5655,112379.83,8556.07,3850.74,114409.44
5673,319,2026-07-17T18:17:00,1,72.4721,6900.39,810.56,185.74,7444.73
5674,267,2026-07-16T09:12:00,1,11.3594,79356.11,4383.39,2035.06,80167.77
5675,164,2026-07-11T09:11:00,1,3.6678,28671.13,2510.29,1010.98,28940.57
5676,233,2026-07-06T12:03:00,1,12.6163,94107.89,3954.21,3603.74,92727.37
5677,116,2026-07-05T13:22:00,1,4.3399,34291.16,3247.64,1048.57,33403.12
5678,92,2026-07-31T12:15:00,1,13.6036,95200.02,5167.31,3597.73,94779.98
5679,6,2026-07-20T16:48:00,1,11.7587,88054.94,4071.72,3109.61,88161.08
5680,413,2026-07-27T20:24:00,1,9.2313,68616.13,2810.99,2424.6,69692.43
5681,122,2026-07-11T11:41:00,1,4.447,34574.03,2855.49,1112.98,35554.5
5682,80,2026-07-09T14:07:00,1,3.9658,27727.16,1575.21,974.09,27956.4
5683,68,2026-07-11T19:36:00,1,19.087,133365.35,7554.92,3755.75,132429.93
5684,316,2026-07-01T12:25:00,1,4.8799,37972.54,3116.59,1360.23,37802.56
5685,385,2026-07-30T12:12:00,1,45.0218,4355.45,569.12,144.98,4324.75
5686,73,2026-07-16T13:08:00,1,10.0421,74752.05,3171.36,2121.38,75087.54
5687,80,2026-07-18T11:49:00,1,3.9658,27958.11,1727.08,965.21,27956.4
5688,411,2026-07-17T12:31:00,1,13.1482,91345.17,4354.18,2501.91,92603.34
5689,359,2026-07-06T12:06:00,1,1.683,13051.7,1025.3,459.57,13079.57
5690,21,2026-07-08T20:44:00,1,5.716,40154.12,2428.12,1396.7,40047.33
5691,380,2026-07-29T18:19:00,1,27.6089,2444.86,125.71,79.59,2674.7
5692,76,2026-07-21T09:13:00,1,36.1511,253263.03,14295.58,9516.55,253596.23
5693,396,2026-07-15T12:56:00,1,24.6006,2180.63,110.98,61.34,2384.32
5694,405,2026-07-07T17:56:00,1,69.8843,6745.14,869.27,227.26,7338.21
5695,433,2026-07-17T15:40:00,1,2.1387,16595.52,1309.68,484.52,16424.51
5696,409,2026-07-31T16:57:00,1,46.9191,4371.21,430.01,132.05,4742.35
5697,293,2026-07-21T12:28:00,1,22.9979,161498.29,9476.65,4691.22,161345.44
5698,55,2026-07-19T19:23:00,1,41.8192,293746.27,17647.55,10192.72,296351.07
5699,401,2026-07-30T15:36:00,1,6.8381,47875.91,2837.58,1295.28,48170.62
5700,350,2026-07-13T19:40:00,1,40.4539,3605.26,203.9,133.53,3900.46
5701,204,2026-07-10T13:19:00,1,23.1628,2173.8,225.58,75.29,2203.47
5702,387,2026-07-27T16:42:00,1,11.9529,89177.17,3971.16,2392.36,89528.73
5703,371,2026-07-18T19:10:00,1,3.5364,27868.42,2619.83,878.79,27587.51
5704,232,2026-07-10T11:40:00,1,38.8965,3447.79,176.21,97.37,3473.25
5705,439,2026-07-15T18:27:00,1,5.9325,41482.36,2508.5,1576.85,41926.14
5706,279,2026-07-17T20:08:00,1,3.3772,26272.61,2134.88,741.24,25986.45
5707,281,2026-07-18T09:14:00,1,13.5853,94723.88,4866.49,3398.29,94266.98
5708,321,2026-07-15T19:43:00,1,3.0001,23395.58,1994.37,780.76,23799.06
5709,277,2026-07-28T20:23:00,1,56.7869,5412.5,642.97,153.19,5388.83
5710,12,2026-07-08T14:48:00,1,28.8297,200499.28,10221.24,6656.87,201674.99
5711,310,2026-07-27T14:49:00,1,30.6255,214647.46,13310.83,8143.42,214170.23
5712,45,2026-07-22T14:00:00,1,16.0869,111911.68,5838.68,2907.7,113372.22
5713,209,2026-07-14T19:33:00,1,18.2845,127262.82,6315.61,4742.74,128197.36
5714,216,2026-07-21T19:29:00,1,3.2471,25527.77,2350.75,665.54,25710.38
5715,120,2026-07-10T13:53:00,1,3.0118,23638.2,2105.82,747.66,23993.62
5716,303,2026-07-19T11:35:00,1,14.7384,109998.08,4884.7,3419.36,111247.67
5717,311,2026-07-12T20:00:00,1,6.7935,50752.72,2271.38,1357.1,51184.74
5718,124,2026-07-17T16:24:00,1,16.7443,129390.81,9714.94,3826.52,128948.28
5719,91,2026-07-05T15:15:00,1,9.0049,64495.4,82.9,1942.06,64892.0
5720,482,2026-07-22T19:26:00,1,14.7715,102947.37,5547.79,2906.77,101157.77
5721,122,2026-07-20T18:18:00,1,4.447,34938.92,3177.47,1169.51,35554.5
5722,4,2026-07-07T20:18:00,1,11.895,85207.37,120.29,2560.71,85807.67
5723,221,2026-07-12T14:12:00,1,12.4688,92921.25,3938.53,3166.78,93644.97
5724,41,2026-07-16T09:03:00,1,3.6873,25681.0,1344.6,818.7,25728.91
5725,80,2026-07-24T11:47:00,1,3.9658,27927.61,1698.05,720.56,27956.4
5726,430,2026-07-31T19:24:00,1,7.8341,54961.84,3113.42,1550.56,53671.17
5727,119,2026-07-22T20:24:00,1,3.7223,26300.33,1756.41,729.76,26552.84
5728,349,2026-07-26T11:10:00,1,3.9789,31029.28,2566.22,1080.24,30859.88
5729,388,2026-07-07T13:36:00,1,12.1851,87278.82,116.61,2798.5,87746.43
5730,115,2026-07-20T15:00:00,1,15.2051,108764.81,166.64,3377.57,108043.66
5731,425,2026-07-04T09:19:00,1,11.6469,87060.65,3786.83,2265.96,87666.76
5732,293,2026-07-17T20:01:00,1,22.9979,160776.72,8618.24,5597.6,161345.44
5733,398,2026-07-15T11:26:00,1,7.997,57121.9,75.3,2090.28,57680.36
5734,165,2026-07-10T17:56:00,1,34.0778,240027.12,15526.32,7518.88,240878.13
5735,305,2026-07-21T17:22:00,1,24.7258,191888.58,15401.75,6544.41,193918.09
5736,327,2026-07-12T16:27:00,1,2.2934,17896.19,1529.5,522.14,17663.02
5737,424,2026-07-02T09:38:00,1,17.9523,126451.68,7972.6,4234.79,124501.49
5738,106,2026-07-16T20:42:00,1,25.5639,178594.13,9870.86,5520.32,177488.62
5739,352,2026-07-12T09:18:00,1,5.1549,36003.06,2119.08,1179.39,36627.39
5740,186,2026-07-25T13:26:00,1,20.4986,142281.58,7161.37,4092.11,142115.47
5741,232,2026-07-31T16:50:00,1,38.8965,3464.7,197.39,102.01,3434.48
5742,115,2026-07-23T16:49:00,1,15.2051,108564.12,166.05,3104.15,108043.66
5743,294,2026-07-29T20:20:00,1,11.2674,997.81,51.35,35.39,1099.9
5744,70,2026-07-17T14:24:00,1,30.9727,2771.24,168.6,72.01,2987.25
5745,233,2026-07-12T12:28:00,1,12.6163,94410.38,4375.04,2523.1,92727.37
5746,289,2026-07-26T16:05:00,1,4.1901,33138.03,3164.15,1162.28,32756.33
5747,316,2026-07-17T12:28:00,1,4.8799,38582.39,3704.48,1254.27,37802.56
5748,146,2026-07-08T18:52:00,1,45.6533,4075.71,242.66,122.85,4363.13
5749,215,2026-07-17T09:25:00,1,40.8508,3905.15,472.46,110.68,4327.85
5750,84,2026-07-24T09:32:00,1,13.5748,94366.25,4583.34,2596.71,95463.21
5751,458,2026-07-19T15:17:00,1,5.2364,36996.44,2424.68,1339.54,36647.98
5752,208,2026-07-26T13:59:00,1,11.0838,86082.23,6794.27,2908.65,85709.59
5753,119,2026-07-10T13:33:00,1,3.7223,26289.1,1767.0,751.13,26552.84
5754,216,2026-07-20T11:52:00,1,3.2471,25387.18,2195.68,973.81,25710.38
5755,56,2026-07-22T12:32:00,1,175.6407,16100.82,1364.57,418.82,16189.86
5756,241,2026-07-03T12:21:00,1,21.0662,146182.54,7212.82,4763.73,146917.66
5757,462,2026-07-10T15:00:00,1,52.4788,5033.61,619.62,147.59,5136.59
5758,481,2026-07-10T16:25:00,1,9.6978,69431.54,98.67,1829.53,68785.54
5759,138,2026-07-15T18:07:00,1,3.6759,28504.42,2282.39,886.72,29060.19
5760,349,2026-07-24T11:11:00,1,3.9789,31196.51,2783.54,968.75,30859.88
5761,63,2026-07-26T12:46:00,1,12.9209,89829.61,4375.82,3432.22,91101.24
5762,307,2026-07-27T14:35:00,1,20.694,160381.6,12864.83,5540.23,159864.7
5763,420,2026-07-14T20:04:00,1,5.4005,42473.6,3939.25,1473.84,42365.92
5764,339,2026-07-19T13:07:00,1,4.9004,34471.55,2118.13,902.07,34103.43
5765,167,2026-07-17T14:08:00,1,12.0913,84316.78,4318.44,2390.4,82941.57
5766,450,2026-07-18T15:00:00,1,10.9034,967.74,53.6,33.63,1046.78
5767,55,2026-07-27T20:00:00,1,41.8192,291518.2,16592.51,8633.77,296351.07
5768,409,2026-07-28T16:12:00,1,46.9191,4365.44,424.7,144.51,4742.35
5769,421,2026-07-17T09:04:00,1,70.6148,6698.36,764.6,256.49,7399.3
5770,99,2026-07-28T16:06:00,1,19.3079,133834.19,7035.16,4032.28,135735.36
5771,289,2026-07-03T15:47:00,1,4.1901,33075.65,3174.3,1083.37,32756.33
5772,486,2026-07-21T18:36:00,1,25.5385,2278.76,135.57,75.77,2478.69
5773,411,2026-07-19T19:50:00,1,13.1482,91055.44,4248.39,3395.53,92603.34
5774,385,2026-07-12T10:36:00,1,45.0218,4276.47,490.14,128.98,4324.75
5775,52,2026-07-22T12:53:00,1,8.4833,60709.09,90.14,2184.02,61107.55
5776,493,2026-07-19T17:27:00,1,3.8343,26821.48,1506.66,837.01,26924.1
5777,424,2026-07-22T17:00:00,1,17.9523,125901.57,7528.59,4001.5,124501.49
5778,341,2026-07-10T12:45:00,1,23.4326,164430.23,10058.84,4520.08,166136.18
5779,88,2026-07-25T17:58:00,1,28.7165,200934.63,11644.65,7608.52,201704.8
5780,381,2026-07-31T14:01:00,1,51.5308,4981.76,653.17,187.2,5266.72
5781,263,2026-08-30T15:05:00,1,11.0827,86310.0,7197.25,2321.57,85889.43
5782,82,2026-08-31T11:04:00,1,61.9363,5960.65,756.76,168.43,5874.53
5783,406,2026-08-07T11:02:00,1,17.4692,125084.7,166.99,3767.37,124975.1
5784,301,2026-08-28T13:02:00,1,33.2508,3153.97,361.9,111.89,3387.51
5785,354,2026-08-02T16:55:00,1,3.0016,23583.95,2124.16,853.35,23185.98
5786,360,2026-08-03T14:33:00,1,6.8958,48542.36,2998.64,1535.45,48032.53
5787,297,2026-08-12T13:34:00,1,28.6626,200168.71,11762.27,6959.72,201924.16
5788,4,2026-08-13T11:57:00,1,11.895,85198.76,116.56,2255.57,85807.67
5789,221,2026-08-26T09:41:00,1,12.4688,93701.36,4370.14,2556.24,92691.91
5790,123,2026-08-30T14:04:00,1,7.2724,50584.59,2652.71,1546.4,50807.76
5791,229,2026-08-11T10:07:00,1,16.1684,112783.96,6132.18,3021.96,111246.25
5792,296,2026-08-14T17:05:00,1,106.5754,9734.27,775.54,329.34,10695.11
5793,478,2026-08-04T19:45:00,1,4.5452,35741.05,3288.05,975.25,35575.85
5794,343,2026-08-25T18:59:00,1,12.5555,87297.41,4157.15,2994.14,87744.14
5795,119,2026-08-07T18:55:00,1,3.7223,26122.0,1527.39,777.24,26552.84
5796,397,2026-08-17T11:03:00,1,7.6603,53859.87,3228.96,1779.23,53492.63
5797,229,2026-08-26T13:52:00,1,16.1684,112926.71,5714.7,3057.18,111246.25
5798,353,2026-08-11T20:32:00,1,5.7849,40519.24,2360.25,1325.13,40383.57
5799,373,2026-08-20T09:56:00,1,191.6333,17772.9,1685.28,640.5,19140.35
5800,311,2026-08-23T15:55:00,1,6.7935,50609.48,2124.75,1365.4,51184.74
5801,293,2026-08-02T14:10:00,1,22.9979,161911.05,9555.25,4889.58,161345.44
5802,49,2026-08-03T12:50:00,1,22.3665,2084.83,207.61,54.68,2270.99
5803,225,2026-08-01T13:49:00,1,26.4171,184923.0,11137.05,5692.55,187721.1
5804,56,2026-08-31T09:16:00,1,175.6407,16215.58,1458.25,530.69,16189.86
5805,136,2026-08-24T09:56:00,1,27.1123,190522.33,12061.85,5870.09,190610.02
5806,289,2026-08-23T10:16:00,1,4.1901,32588.43,2683.98,1089.21,32756.33
5807,22,2026-08-26T13:27:00,1,13.9576,104709.12,4711.57,3807.43,103466.89
5808,301,2026-08-11T14:01:00,1,33.2508,3108.86,316.79,102.11,3387.51
5809,437,2026-08-13T20:21:00,1,4.6132,35910.94,2913.78,1231.94,36178.81
5810,442,2026-08-30T11:44:00,1,22.5468,175590.12,14642.04,4573.17,176097.65
5811,243,2026-08-09T17:14:00,1,15.8002,113180.48,152.96,3523.55,111419.59
5812,365,2026-08-20T14:36:00,1,7.5425,54021.99,77.5,2015.36,53978.26
5813,347,2026-08-02T13:05:00,1,8.607,64282.46,2747.14,1762.19,64522.39
5814,163,2026-08-05T13:39:00,1,45.0083,4020.82,232.47,136.79,4378.61
5815,190,2026-08-15T16:58:00,1,2.4559,19306.66,1733.59,740.59,19101.48
5816,230,2026-08-06T19:34:00,1,3.6613,28658.45,2468.7,803.55,28377.29
5817,154,2026-08-15T10:56:00,1,24.6383,171945.68,8461.69,5261.34,170050.2
5818,320,2026-08-26T15:54:00,1,11.7703,87976.93,3650.03,2302.77,88241.28
5819,153,2026-08-16T15:07:00,1,36.3674,3468.13,404.9,132.31,3846.81
5820,250,2026-08-10T17:20:00,1,77.1732,7439.0,957.99,226.18,8120.8
5821,311,2026-08-30T19:24:00,1,6.7935,50457.48,1962.76,1915.66,51184.74
5822,70,2026-08-20T10:07:00,1,30.9727,2764.52,164.36,104.65,2987.25
5823,404,2026-08-13T17:25:00,1,42.524,298168.66,17456.25,10567.01,300825.57
5824,232,2026-08-01T17:08:00,1,38.8965,3481.16,204.91,102.86,3434.48
5825,144,2026-08-26T18:58:00,1,7.8189,55250.36,3403.55,2034.01,54445.48
5826,336,2026-08-26T09:07:00,1,106.314,9810.68,880.3,311.82,10623.18
5827,209,2026-08-12T20:31:00,1,18.2845,126432.63,6244.04,4594.76,128197.36
5828,438,2026-08-22T14:52:00,1,3.7537,26248.05,1440.03,725.08,26461.5
5829,496,2026-08-16T20:09:00,1,11.1941,83984.72,3905.82,2371.76,84505.86
5830,172,2026-08-05T14:09:00,1,27.5585,2451.15,131.55,92.9,2681.44
5831,181,2026-08-27T09:33:00,1,19.7854,141414.67,207.46,5124.67,142839.21
5832,171,2026-08-24T13:38:00,1,3.3292,23512.78,1599.09,854.04,23715.65
5833,206,2026-08-29T14:54:00,1,25.6022,179253.33,9812.08,5001.32,179409.86
5834,31,2026-08-11T14:58:00,1,19.1019,148754.24,12086.26,3823.83,145166.23
5835,389,2026-08-29T10:12:00,1,19.9391,139879.84,7918.29,3937.62,140278.17
5836,383,2026-08-04T15:01:00,1,62.5518,6007.86,752.88,182.37,6362.59
5837,175,2026-08-20T13:42:00,1,10.3823,72496.88,3968.61,2434.67,72571.72
5838,80,2026-08-08T20:07:00,1,3.9658,27820.65,1475.09,970.6,27956.4
5839,4,2026-08-20T18:17:00,1,11.895,85182.95,109.08,2340.84,85807.67
5840,487,2026-08-09T10:50:00,1,139.4639,12939.82,1202.54,368.73,13934.72
5841,434,2026-08-09T10:17:00,1,133.699,12409.15,1157.04,419.44,13484.87
5842,459,2026-08-01T16:32:00,1,6.8639,51347.03,2331.51,1668.24,51697.62
5843,119,2026-08-09T12:43:00,1,3.7223,26374.06,1740.25,945.37,26552.84
5844,449,2026-08-21T18:48:00,1,12.1078,90485.06,3847.82,3282.91,89778.51
5845,291,2026-08-05T11:06:00,1,2.3094,18102.95,1557.9,533.82,18316.84
5846,493,2026-08-04T12:05:00,1,3.8343,26830.0,1511.35,869.17,26924.1
5847,117,2026-08-16T19:57:00,1,31.0203,2771.75,158.91,91.03,2761.05
5848,397,2026-08-17T09:02:00,1,7.6603,53438.14,2807.23,1442.61,53492.63
5849,428,2026-08-22T13:10:00,1,2.987,23324.86,1967.51,642.08,23252.12
5850,218,2026-08-12T18:48:00,1,41.5219,292093.86,19160.03,9419.23,288363.83
5851,429,2026-08-14T14:32:00,1,11.4674,85958.48,3897.65,2947.93,86268.38
5852,254,2026-08-15T14:55:00,1,49.5838,4716.65,542.69,167.61,5015.91
5853,69,2026-08-14T17:33:00,1,62.0656,5919.3,702.07,204.74,6460.93
5854,284,2026-08-05T16:52:00,1,22.3956,155872.75,7991.92,5501.08,156051.35
5855,333,2026-08-05T11:08:00,1,52.5275,5028.19,606.95,147.74,5479.96
5856,340,2026-08-11T16:33:00,1,165.8251,15172.02,1247.69,411.08,15123.51
5857,361,2026-08-18T14:02:00,1,4.8008,37915.68,3533.45,1239.29,37516.15
5858,133,2026-08-09T20:33:00,1,14.5876,112819.32,8466.19,3220.89,113326.2
5859,100,2026-08-17T13:28:00,1,3.7986,26766.81,1659.89,739.65,26721.43
5860,211,2026-08-16T20:02:00,1,6.0918,43638.86,60.13,1628.3,43932.92
5861,284,2026-08-05T13:20:00,1,22.3956,156459.81,8578.98,5947.71,156051.35
5862,376,2026-08-23T20:42:00,1,28.2449,198881.52,12640.58,6228.64,199320.81
5863,70,2026-08-02T10:43:00,1,30.9727,2762.02,158.76,81.79,2987.25
5864,449,2026-08-27T17:23:00,1,12.1078,90066.4,3653.76,3356.3,89778.51
5865,322,2026-08-07T20:08:00,1,36.3621,254316.48,14058.63,9040.27,257975.67
5866,209,2026-08-05T16:53:00,1,18.2845,126616.32,5881.57,4302.67,128197.36
5867,158,2026-08-23T13:14:00,1,35.8635,252739.49,16263.1,6736.05,253196.23
5868,2,2026-08-21T15:05:00,1,5.3919,38011.35,2294.38,980.5,37773.68
5869,148,2026-08-30T18:24:00,1,2.6633,20668.81,1657.11,566.78,20944.68
5870,494,2026-08-10T13:59:00,1,3.4802,24511.39,1519.9,772.24,24604.21
5871,109,2026-08-07T16:06:00,1,38.1991,3560.09,349.07,127.4,3663.12
5872,433,2026-08-04T12:52:00,1,2.1387,16711.63,1441.18,505.34,16424.51
5873,130,2026-08-29T16:10:00,1,2.9689,23078.72,1843.57,762.34,22836.34
5874,331,2026-08-14T10:01:00,1,6.1706,43516.25,2637.07,1374.36,43124.06
5875,400,2026-08-02T13:14:00,1,27.1971,2571.29,285.37,91.89,2604.31
5876,157,2026-08-10T20:45:00,1,5.5603,43797.68,3969.86,1399.47,43921.22
5877,289,2026-08-23T15:40:00,1,4.1901,32753.02,2848.57,1069.71,32756.33
5878,38,2026-08-24T16:32:00,1,9.9544,71203.93,100.15,2284.53,71867.8
5879,215,2026-08-02T11:07:00,1,40.8508,3967.65,534.14,152.15,4327.85
5880,194,2026-08-19T13:13:00,1,3.7547,29486.59,2676.0,943.25,29655.1
5881,243,2026-08-14T11:31:00,1,15.8002,113239.49,173.1,3217.22,111419.59
5882,480,2026-08-10T12:13:00,1,23.4422,163924.42,9056.57,4290.96,166738.59
5883,64,2026-08-06T18:20:00,1,3.1873,22310.98,1190.11,636.59,22434.36
5884,141,2026-08-18T09:18:00,1,2.1494,16662.35,1268.84,614.2,16856.21
5885,240,2026-08-07T20:56:00,1,5.1622,38626.83,1713.28,1473.66,38618.57
5886,393,2026-08-29T15:35:00,1,5.8217,41360.33,2830.98,1174.42,40681.64
5887,247,2026-08-10T16:16:00,1,21.3958,149413.66,8065.09,5207.83,150400.66
5888,4,2026-08-15T15:55:00,1,11.895,85221.56,107.48,2620.94,85807.67
5889,406,2026-08-12T16:24:00,1,17.4692,124865.38,171.28,3202.52,124975.1
5890,382,2026-08-05T11:07:00,1,52.9414,4949.71,493.63,189.59,5290.2
5891,461,2026-08-31T17:08:00,1,4.6784,36539.69,3065.93,1256.94,36331.05
5892,65,2026-08-19T17:26:00,1,7.9839,59732.31,2722.95,1691.64,59216.13
5893,460,2026-08-31T13:48:00,1,20.4061,158339.55,12334.72,5027.87,160633.54
5894,235,2026-08-05T12:38:00,1,8.0469,57729.05,79.29,2001.26,57915.77
5895,110,2026-08-07T20:49:00,1,19.8326,142030.0,212.23,5283.63,139927.76
5896,191,2026-08-21T18:10:00,1,10.7173,76796.55,109.02,2790.26,77465.39
5897,353,2026-08-25T19:25:00,1,5.7849,40406.11,2099.54,1242.46,40383.57
5898,19,2026-08-29T12:06:00,1,12.8924,89632.5,4307.63,2698.8,88723.96
5899,98,2026-08-07T12:21:00,1,6.3389,44293.45,2409.99,1652.19,43750.15
5900,278,2026-08-26T17:05:00,1,14.5841,113633.77,9147.74,3750.14,111708.45
5901,61,2026-08-31T15:22:00,1,13.7262,96264.38,5237.71,2845.47,94538.58
5902,54,2026-08-05T09:55:00,1,23.9682,187437.19,15723.73,5233.4,187282.13
5903,206,2026-08-24T10:30:00,1,25.6022,178703.69,10183.1,5849.66,179409.86
5904,403,2026-08-23T20:14:00,1,49.0885,4568.08,443.66,149.63,5031.23
5905,421,2026-08-13T10:05:00,1,70.6148,6736.36,805.42,254.34,7399.3
5906,367,2026-08-14T14:47:00,1,9.0261,64685.21,94.35,2135.65,65124.45
5907,437,2026-08-18T18:59:00,1,4.6132,36465.87,3427.19,1264.81,36178.81
5908,138,2026-08-06T18:48:00,1,3.6759,28479.6,2185.41,819.03,29060.19
5909,106,2026-08-30T15:12:00,1,25.5639,178377.22,9887.34,6308.7,177488.62
5910,483,2026-08-23T11:31:00,1,9.9881,69281.07,3421.64,2284.57,70426.37
5911,212,2026-08-15T16:23:00,1,170.6976,15715.15,1345.83,501.35,17057.24
5912,303,2026-08-07T10:13:00,1,14.7384,109975.53,4585.06,3602.27,111247.67
5913,444,2026-08-25T18:04:00,1,21.3326,148441.23,7180.59,4722.62,149570.04
5914,312,2026-08-12T17:01:00,1,22.4573,155037.43,7419.98,5584.37,159340.48
5915,293,2026-08-21T15:50:00,1,22.9979,161159.3,8816.84,4739.95,161345.44
5916,263,2026-08-28T18:00:00,1,11.0827,85448.21,6157.92,2406.75,85889.43
5917,361,2026-08-26T14:55:00,1,4.8008,37748.6,3353.84,1162.56,37516.15
5918,15,2026-08-02T18:06:00,1,47.6096,4439.02,437.43,118.3,4427.85
5919,178,2026-08-10T13:11:00,1,4.4698,31550.89,2021.74,807.79,31553.38
5920,399,2026-08-07T18:10:00,1,14.9726,111772.75,4707.58,3220.65,112741.34
5921,404,2026-08-03T09:05:00,1,42.524,297860.64,17008.33,9855.71,300825.57
5922,2,2026-08-28T10:51:00,1,5.3919,38024.27,2254.3,1436.17,37773.68
5923,496,2026-08-13T13:52:00,1,11.1941,83849.62,3780.8,3120.47,84505.86
5924,245,2026-08-23T19:51:00,1,39.8096,3832.6,487.8,113.41,3805.28
5925,350,2026-08-20T16:14:00,1,40.4539,3601.23,205.13,96.32,3900.46
5926,283,2026-08-22T18:36:00,1,29.6388,2809.29,321.41,85.63,2996.9
5927,202,2026-08-15T11:02:00,1,4.3318,34129.1,3133.12,1042.81,34282.41
5928,312,2026-08-22T11:48:00,1,22.4573,156113.23,7694.06,4086.53,159340.48
5929,104,2026-08-15T19:11:00,1,47.6116,4453.7,445.76,131.43,4803.13
5930,32,2026-08-12T18:28:00,1,9.8569,68247.94,3456.07,2085.18,68990.65
5931,85,2026-08-29T16:06:00,1,26.0333,2312.98,124.1,69.96,2522.05
5932,354,2026-08-28T19:28:00,1,3.0016,23524.44,2049.73,711.84,23185.98
5933,329,2026-08-07T16:00:00,1,18.6736,143965.52,10435.46,5300.59,143626.71
5934,64,2026-08-04T18:06:00,1,3.1873,22367.53,1321.15,660.86,22434.36
5935,444,2026-08-31T19:51:00,1,21.3326,148885.72,7416.45,4762.7,149570.04
5936,98,2026-08-24T18:27:00,1,6.3389,44430.65,2706.3,1372.71,43750.15
5937,272,2026-08-11T17:55:00,1,5.634,39651.4,2487.79,1295.15,39860.07
5938,341,2026-08-22T09:59:00,1,23.4326,164805.57,9940.69,5810.28,166136.18
5939,403,2026-08-17T12:22:00,1,49.0885,4605.29,475.47,153.56,5031.23
5940,268,2026-08-13T18:18:00,1,7.2654,52047.46,79.72,1651.43,52415.61
5941,442,2026-08-07T15:17:00,1,22.5468,175968.91,14742.61,6567.57,176097.65
5942,145,2026-08-29T12:09:00,1,8.7446,65342.15,2796.14,1813.45,65052.32
5943,262,2026-08-13T14:38:00,1,7.1953,50571.75,3073.63,1720.48,50188.36
5944,208,2026-08-26T14:33:00,1,11.0838,86553.46,7144.9,2508.07,85709.59
5945,237,2026-08-21T13:52:00,1,8.7772,61362.19,3220.35,1873.27,60919.31
5946,311,2026-08-21T10:22:00,1,6.7935,50682.6,2071.78,1584.62,51184.74
5947,188,2026-08-27T13:54:00,1,32.234,2875.22,165.31,100.78,2865.94
5948,236,2026-08-30T09:45:00,1,45.6461,4355.86,520.67,129.34,4723.14
5949,339,2026-08-05T12:28:00,1,4.9004,34221.33,1863.4,1215.39,34103.43
5950,265,2026-08-06T20:17:00,1,20.2554,1907.88,206.63,48.98,1896.91
5951,361,2026-08-27T14:56:00,1,4.8008,37790.29,3527.27,1263.05,37516.15
5952,122,2026-08-21T09:15:00,1,4.447,35010.4,3189.94,1045.39,34655.8
5953,235,2026-08-26T09:49:00,1,8.0469,57736.58,85.53,1684.73,57915.77
5954,258,2026-08-17T12:12:00,1,20.9309,145513.17,7169.97,4152.73,145290.21
5955,388,2026-08-18T12:11:00,1,12.1851,87385.61,118.73,2687.74,87746.43
5956,384,2026-08-20T15:19:00,1,139.1589,12711.25,1028.86,391.64,13806.42
5957,395,2026-08-17T09:30:00,1,3.4824,27106.85,2214.83,1012.73,26609.85
5958,119,2026-08-15T13:05:00,1,3.7223,26276.36,1577.56,998.11,26552.84
5959,187,2026-08-01T11:51:00,1,12.717,98781.4,7968.54,3017.27,99284.23
5960,376,2026-08-09T09:51:00,1,28.2449,199587.73,12665.81,5912.21,199320.81
5961,393,2026-08-29T12:55:00,1,5.8217,40961.1,2431.75,1237.86,40681.64
5962,284,2026-08-15T12:57:00,1,22.3956,157337.26,8734.39,4897.61,156051.35
5963,156,2026-08-30T15:17:00,1,40.2472,3578.56,196.99,104.49,3905.61
5964,369,2026-08-26T15:47:00,1,3.836,27110.06,1673.7,830.77,27004.67
5965,22,2026-08-08T11:57:00,1,13.9576,104156.75,4214.89,3809.12,103466.89
5966,260,2026-08-07T16:16:00,1,24.8355,173349.97,9252.63,5703.36,174878.99
5967,61,2026-08-11T20:48:00,1,13.7262,95856.95,5314.68,3414.11,94538.58
5968,307,2026-08-10T10:01:00,1,20.694,161435.33,13206.48,4277.01,159864.7
5969,96,2026-08-21T17:07:00,1,14.1124,98411.92,4928.7,2575.93,98136.12
5970,363,2026-08-28T13:33:00,1,13.8933,107895.07,8496.57,2920.91,109183.11
5971,140,2026-08-19T19:30:00,1,21.4836,1923.67,115.61,60.96,2063.66
5972,108,2026-08-17T09:27:00,1,16.1291,111907.92,5302.31,3202.98,111090.06
5973,48,2026-08-09T16:55:00,1,12.8521,89328.68,4274.77,3303.81,89666.74
5974,348,2026-08-12T17:37:00,1,9.5558,66003.07,3190.41,2489.3,66902.72
5975,112,2026-08-28T14:42:00,1,3.2447,25256.1,2042.15,952.32,25379.69
5976,403,2026-08-25T09:11:00,1,49.0885,4639.48,504.76,129.66,5031.23
5977,405,2026-08-15T17:30:00,1,69.8843,6642.47,759.61,204.35,6821.81
5978,178,2026-08-14T10:40:00,1,4.4698,31726.15,2114.48,836.74,31553.38
5979,451,2026-08-30T10:10:00,1,13.8323,96202.29,5034.57,3300.37,96203.06
5980,320,2026-08-06T10:55:00,1,11.7703,87764.49,3570.0,3054.24,88241.28
5981,117,2026-08-19T16:16:00,1,31.0203,2753.67,143.0,77.11,2761.05
5982,193,2026-08-20T13:43:00,1,14.9404,103994.33,5380.37,3355.66,102287.59
5983,56,2026-08-23T12:31:00,1,175.6407,16228.9,1471.57,458.48,16189.86
5984,219,2026-08-30T20:32:00,1,78.5036,7223.97,628.1,185.76,7781.34
5985,415,2026-08-01T09:40:00,1,4.4374,34787.26,3099.52,920.0,34410.05
5986,427,2026-08-25T10:56:00,1,60.6339,5820.89,713.7,196.79,6272.72
5987,18,2026-08-27T09:29:00,1,66.0832,6337.08,781.47,165.54,6273.83
5988,282,2026-08-07T13:28:00,1,41.6824,293832.72,18421.68,10082.38,294156.91
5989,283,2026-08-24T09:14:00,1,29.6388,2779.46,282.69,105.63,2996.9
5990,136,2026-08-17T12:27:00,1,27.1123,191364.03,12164.74,5759.34,190610.02
5991,494,2026-08-28T19:00:00,1,3.4802,24600.11,1512.39,719.42,24604.21
5992,462,2026-08-10T16:11:00,1,52.4788,5084.48,677.31,170.53,5136.59
5993,275,2026-08-02T16:35:00,1,5.1673,38634.7,1691.35,1082.58,38494.77
5994,462,2026-08-27T15:51:00,1,52.4788,5042.4,630.51,180.19,5136.59
5995,137,2026-08-08T16:47:00,1,19.0534,148409.08,11979.31,3956.39,148363.19
5996,277,2026-08-11T13:16:00,1,56.7869,5483.39,714.99,175.65,5388.83
5997,142,2026-08-29T18:57:00,1,6.2076,43338.74,2255.42,1421.22,43188.45
5998,168,2026-08-24T11:40:00,1,22.6916,2142.43,230.89,55.5,2348.48
5999,20,2026-08-15T09:54:00,1,10.7348,80334.25,3521.93,2438.81,80272.03
6000,380,2026-08-27T18:49:00,1,27.6089,2454.77,133.69,76.14,2674.7
6001,30,2026-08-04T19:02:00,1,7.7113,57646.79,2587.65,1593.05,57913.08
6002,478,2026-08-05T18:25:00,1,4.5452,35812.57,3249.76,1190.98,35575.85
6003,202,2026-08-07T11:58:00,1,4.3318,33837.39,2861.81,1281.77,34282.41
6004,131,2026-08-12T13:00:00,1,9.6225,68787.78,102.95,2112.76,68876.9
6005,131,2026-08-01T10:51:00,1,9.6225,68809.92,95.07,2327.57,68876.9
6006,187,2026-08-09T11:43:00,1,12.717,99067.49,8095.79,3603.31,99284.23
6007,247,2026-08-07T11:55:00,1,21.3958,150190.47,8820.5,3894.39,150400.66
6008,334,2026-08-20T14:00:00,1,14.5628,101497.53,5375.91,2719.7,101921.6
6009,12,2026-08-10T17:08:00,1,28.8297,200599.93,10140.26,5336.63,201674.99
6010,373,2026-08-02T15:59:00,1,191.6333,17718.97,1612.19,610.75,19140.35
6011,276,2026-08-05T17:55:00,1,20.2773,141427.33,7533.88,3720.95,140177.51
6012,67,2026-08-26T09:58:00,1,5.6959,40431.44,2662.15,1328.28,39923.68
6013,184,2026-08-10T12:58:00,1,14.3522,111467.4,8664.17,3864.89,110630.79
6014,276,2026-08-12T18:28:00,1,20.2773,140304.57,7016.81,5072.61,140177.51
6015,471,2026-08-07T20:09:00,1,4.1632,29413.81,1906.01,950.82,29492.86
6016,144,2026-08-27T14:15:00,1,7.8189,54946.11,3263.1,1855.39,54445.48
6017,281,2026-08-27T17:10:00,1,13.5853,94553.53,4754.56,3459.02,94266.98
6018,260,2026-08-05T17:55:00,1,24.8355,173309.31,9317.52,4853.31,174878.99
6019,74,2026-08-14T18:22:00,1,7.7284,57991.17,2686.66,2116.97,57947.77
6020,462,2026-08-31T14:23:00,1,52.4788,4988.44,579.17,149.62,5136.59
6021,344,2026-08-15T17:42:00,1,14.46,101196.13,5248.82,3593.2,100842.02
6022,385,2026-08-03T09:15:00,1,45.0218,4301.28,522.6,128.75,4324.75
6023,30,2026-08-30T20:46:00,1,7.7113,57520.52,2474.18,1896.01,57913.08
6024,454,2026-08-27T13:47:00,1,40.6398,3832.79,416.2,139.57,4115.87
6025,268,2026-08-15T14:00:00,1,7.2654,52058.23,71.02,1782.61,52415.61
6026,440,2026-08-23T13:37:00,1,4.4772,31406.52,1884.8,1010.03,31473.28
6027,394,2026-08-04T20:01:00,1,16.5177,115829.43,6759.75,4218.5,115239.65
6028,273,2026-08-19T15:45:00,1,5.1573,38356.18,1530.27,1107.26,38716.4
6029,155,2026-08-02T16:59:00,1,43.3929,3852.74,205.57,115.02,4226.11
6030,453,2026-08-14T14:38:00,1,24.0131,186521.49,14683.51,5637.1,188274.4
6031,372,2026-08-26T14:32:00,1,4.8056,33893.16,2027.42,958.91,33637.33
6032,273,2026-08-03T20:08:00,1,5.1573,38581.11,1768.77,1238.44,38716.4
6033,353,2026-08-05T13:28:00,1,5.7849,40487.65,2289.26,1438.62,40383.57
6034,410,2026-08-27T16:17:00,1,25.5672,2402.65,253.22,76.78,2604.67
6035,197,2026-08-19T20:07:00,1,3.3083,26112.03,2488.98,792.11,26110.51
6036,68,2026-08-07T13:47:00,1,19.087,133388.69,7273.82,3668.1,132429.93
6037,313,2026-08-26T16:39:00,1,10.3132,72549.53,4163.11,2305.36,71776.08
6038,22,2026-08-01T14:57:00,1,13.9576,104132.65,4460.59,3613.08,103466.89
6039,193,2026-08-20T13:36:00,1,14.9404,104348.52,5734.56,3402.49,102287.59
6040,367,2026-08-24T20:54:00,1,9.0261,64561.73,88.75,2393.55,65124.45
6041,475,2026-08-04T19:36:00,1,4.7599,33310.3,1879.73,909.27,33455.21
6042,181,2026-08-26T10:09:00,1,19.7854,141944.88,194.76,5169.89,142839.21
6043,175,2026-08-12T09:59:00,1,10.3823,71941.85,3696.4,2158.03,72571.72
6044,91,2026-08-25T18:46:00,1,9.0049,64561.54,89.16,2021.97,64892.0
6045,422,2026-08-01T11:58:00,1,43.7528,4111.94,426.64,111.79,4400.94
6046,414,2026-08-05T15:23:00,1,3.8752,30470.45,2707.66,1045.08,29798.99
6047,106,2026-08-26T14:07:00,1,25.5639,179311.11,9797.91,5239.96,177488.62
6048,370,2026-08-21T19:52:00,1,9.1394,65482.84,85.95,1762.88,65469.82
6049,28,2026-08-02T14:35:00,1,12.4734,93040.9,3862.95,3525.59,93249.78
6050,129,2026-08-26T14:56:00,1,58.1956,5557.42,668.99,167.57,5543.18
6051,443,2026-08-12T10:27:00,1,15.7014,122294.68,10219.03,4385.26,122985.45
6052,298,2026-08-31T14:50:00,1,12.0285,90274.27,4210.83,2559.1,89873.29
6053,493,2026-08-22T15:26:00,1,3.8343,26869.41,1528.71,1021.65,26924.1
6054,272,2026-08-02T14:48:00,1,5.634,39889.92,2565.97,1420.63,39860.07
6055,4,2026-08-10T10:01:00,1,11.895,85333.15,130.57,2996.97,85807.67
6056,269,2026-08-14T12:05:00,1,4.0936,28841.7,1722.3,757.11,28237.31
6057,254,2026-08-03T16:35:00,1,49.5838,4644.57,483.0,138.5,5015.91
6058,171,2026-08-25T18:29:00,1,3.3292,23441.23,1395.87,787.85,23715.65
6059,311,2026-08-08T09:49:00,1,6.7935,50697.62,2053.51,1658.66,51184.74
6060,498,2026-08-20T10:42:00,1,29.3844,2619.08,152.26,75.18,2596.58
6061,362,2026-08-14T17:32:00,1,198.9095,18163.95,1443.62,598.86,20107.23
6062,292,2026-08-12T10:02:00,1,17.0016,119105.28,7349.51,3086.36,119506.04
6063,195,2026-08-12T18:05:00,1,5.6896,39807.02,2407.86,1300.25,40165.21
6064,51,2026-08-04T09:10:00,1,62.6149,5992.04,731.76,169.09,6550.57
6065,216,2026-08-10T12:43:00,1,3.2471,25326.34,2067.72,846.46,25710.38
6066,361,2026-08-24T18:27:00,1,4.8008,37475.91,3184.04,1063.54,37516.15
6067,130,2026-08-16T09:42:00,1,2.9689,23202.06,1963.53,648.9,22836.34
6068,356,2026-08-29T16:33:00,1,10.5422,78598.92,3195.52,2576.05,78802.91
6069,91,2026-08-31T17:34:00,1,9.0049,64522.54,92.84,2438.07,64892.0
6070,327,2026-08-07T16:33:00,1,2.2934,17898.63,1499.12,523.12,17663.02
6071,54,2026-08-25T15:25:00,1,23.9682,186722.12,15117.0,6627.41,187282.13
6072,133,2026-08-24T11:47:00,1,14.5876,113619.7,9421.2,4189.46,113852.94
6073,5,2026-08-18T10:11:00,1,4.2729,33432.59,2831.06,1075.19,33053.93
6074,157,2026-08-06T13:30:00,1,5.5603,43854.81,4081.26,1349.89,43921.22
6075,148,2026-08-05T13:54:00,1,2.6633,20890.53,1810.06,645.24,20944.68
6076,18,2026-08-09T19:48:00,1,66.0832,6348.71,787.15,207.94,6273.83
6077,90,2026-08-25T15:15:00,1,25.9884,182994.51,10904.0,6606.38,185674.24
6078,236,2026-08-20T10:43:00,1,45.6461,4410.95,578.96,131.4,4723.14
6079,369,2026-08-18T13:17:00,1,3.836,26983.35,1526.54,975.64,27004.67
6080,325,2026-08-19T16:42:00,1,16.9172,117501.9,6002.66,3591.87,119145.47
6081,49,2026-08-10T18:13:00,1,22.3665,2121.34,243.0,61.29,2270.99
6082,423,2026-08-19T10:51:00,1,46.576,4158.15,238.31,124.28,4505.28
6083,174,2026-08-11T19:09:00,1,36.7959,259123.69,16406.53,7971.48,261235.38
6084,105,2026-08-20T19:24:00,1,3.087,23996.36,1917.92,903.51,23973.36
6085,422,2026-08-26T17:36:00,1,43.7528,4120.06,444.82,106.06,4400.94
6086,429,2026-08-13T15:24:00,1,11.4674,85523.17,3499.5,3234.99,86268.38
6087,223,2026-08-22T10:42:00,1,5.2555,41621.14,4043.79,1342.19,41228.9
6088,287,2026-08-06T11:15:00,1,11.5804,81437.93,4699.6,2685.8,80373.75
6089,354,2026-08-25T19:08:00,1,3.0016,23500.1,2009.54,894.82,23185.98
6090,142,2026-08-13T09:14:00,1,6.2076,43490.97,2512.93,1189.84,43188.45
6091,249,2026-08-07T13:03:00,1,17.3609,120458.57,5748.68,4173.85,121096.77
6092,205,2026-08-22T15:31:00,1,9.4979,71079.31,3168.38,2005.01,71377.12
6093,488,2026-08-10T14:31:00,1,4.4681,31611.74,2093.82,1209.59,31759.9
6094,268,2026-08-08T14:20:00,1,7.2654,52089.24,66.14,1510.5,52415.61
6095,312,2026-08-13T14:43:00,1,22.4573,156399.91,8153.21,5832.32,159340.48
6096,414,2026-08-15T19:58:00,1,3.8752,30529.65,2800.85,1036.24,29798.99
6097,421,2026-08-12T15:35:00,1,70.6148,6838.45,902.57,215.36,7399.3
6098,360,2026-08-01T10:54:00,1,6.8958,47876.64,2512.34,1441.7,48032.53
6099,392,2026-08-05T16:41:00,1,61.6451,5990.04,801.37,202.2,5976.56
6100,226,2026-08-09T13:13:00,1,13.4675,93971.37,4844.8,3537.1,93023.91
6101,221,2026-08-30T14:26:00,1,12.4688,92777.2,3769.92,2929.55,92691.91
6102,58,2026-08-09T13:51:00,1,55.451,5151.37,484.61,155.29,5047.45
6103,135,2026-08-06T10:43:00,1,22.9212,2133.38,208.23,62.58,2313.05
6104,273,2026-08-14T10:55:00,1,5.1573,38537.24,1631.55,1211.44,38716.4
6105,195,2026-08-05T19:36:00,1,5.6896,39640.45,2071.34,1180.1,40165.21
6106,51,2026-08-19T19:01:00,1,62.6149,6091.83,822.16,183.06,6550.57
6107,428,2026-08-11T12:14:00,1,2.987,23277.18,1906.15,782.81,23252.12
6108,169,2026-08-29T17:05:00,1,4.4869,35454.77,3362.08,1052.64,35318.88
6109,333,2026-08-09T11:45:00,1,52.5275,5112.67,691.96,190.6,5479.96
6110,301,2026-08-17T15:26:00,1,33.2508,3154.37,356.98,99.96,3387.51
6111,378,2026-08-07T18:44:00,1,22.3074,154710.78,7317.53,4930.88,157085.33
6112,381,2026-08-02T12:35:00,1,51.5308,4984.09,652.93,135.81,5266.72
6113,53,2026-08-01T20:51:00,1,39.5475,3524.96,193.87,131.75,3823.01
6114,270,2026-08-20T16:02:00,1,4.256,33698.78,3259.57,1180.45,33198.81
6115,22,2026-08-12T17:17:00,1,13.9576,103783.28,4154.77,3458.08,103466.89
6116,185,2026-08-15T13:37:00,1,138.7501,12878.82,1198.84,437.56,13875.63
6117,443,2026-08-25T09:21:00,1,15.7014,121661.85,9244.54,4077.15,122985.45
6118,451,2026-08-05T14:39:00,1,13.8323,96151.58,4815.24,3327.05,96519.23
6119,330,2026-08-14T13:13:00,1,4.6319,32388.49,1702.94,876.02,32282.12
6120,169,2026-08-29T09:19:00,1,4.4869,35535.11,3442.42,1283.42,35318.88
6121,500,2026-08-28T20:57:00,1,31.1716,218592.22,11799.2,6950.13,215660.52
6122,395,2026-08-24T15:04:00,1,3.4824,27247.1,2372.49,774.54,26609.85
6123,6,2026-08-20T11:06:00,1,11.7587,88050.85,3951.8,3265.2,88161.08
6124,214,2026-08-18T12:52:00,1,15.0718,108094.13,153.36,3165.0,107549.49
6125,245,2026-08-04T11:02:00,1,39.8096,3801.34,456.94,119.06,3805.28
6126,152,2026-08-08T13:15:00,1,14.682,102245.13,4709.81,2782.72,103061.96
6127,426,2026-08-03T14:25:00,1,38.3169,3646.28,430.34,113.18,3943.04
6128,456,2026-08-02T10:57:00,1,2.4701,19161.23,1501.37,539.89,18869.74
6129,220,2026-08-31T15:48:00,1,39.659,3524.73,192.58,113.25,3876.63
6130,78,2026-08-09T11:26:00,1,3.8207,29981.29,2649.72,894.84,29281.47
6131,243,2026-08-31T12:25:00,1,15.8002,113196.39,146.59,2976.27,111419.59
6132,335,2026-08-29T16:46:00,1,17.4016,121225.55,6057.76,3192.51,119712.65
6133,167,2026-08-04T14:57:00,1,12.0913,83656.56,3815.29,3093.83,82941.57
6134,399,2026-08-28T15:35:00,1,14.9726,112239.2,5118.93,3857.7,112741.34
6135,261,2026-08-02T16:04:00,1,3.9864,31053.52,2552.95,796.06,31349.87
6136,412,2026-08-03T17:05:00,1,3.3552,23811.83,1652.21,634.95,23469.55
6137,452,2026-08-13T12:51:00,1,17.8714,125410.33,7436.39,4315.17,127221.62
6138,97,2026-08-08T18:51:00,1,12.0171,83924.28,4092.4,3003.27,83643.95
6139,123,2026-08-25T19:55:00,1,7.2724,51179.66,3023.14,1461.75,50807.76
6140,196,2026-08-09T20:20:00,1,29.6387,2792.54,298.15,97.73,2814.98
6141,45,2026-08-28T09:57:00,1,16.0869,112768.59,6047.77,3364.43,113372.22
6142,236,2026-08-19T10:45:00,1,45.6461,4367.07,525.49,119.92,4723.14
6143,282,2026-08-08T15:43:00,1,41.6824,292772.32,15868.22,8512.08,294156.91
6144,141,2026-08-14T19:59:00,1,2.1494,16848.06,1466.93,600.41,16856.21
6145,365,2026-08-11T11:46:00,1,7.5425,54043.2,79.03,1780.25,53978.26
6146,20,2026-08-10T10:20:00,1,10.7348,80031.1,3138.91,2842.52,80272.03
6147,378,2026-08-10T14:06:00,1,22.3074,155247.82,7876.88,4039.48,157085.33
6148,28,2026-08-20T14:46:00,1,12.4734,92979.68,3769.05,2718.8,93249.78
6149,132,2026-08-08T12:00:00,1,8.3701,58815.24,3211.08,1658.56,59029.06
6150,168,2026-08-16T13:12:00,1,22.6916,2147.7,236.39,65.11,2348.48
6151,248,2026-08-23T17:57:00,1,12.1774,84873.14,4577.92,2175.9,84291.64
6152,151,2026-08-04T12:28:00,1,18.1146,127078.85,7464.52,4864.95,126093.84
6153,493,2026-08-15T10:50:00,1,3.8343,26832.43,1390.47,909.04,26924.1
6154,246,2026-08-01T16:03:00,1,84.5028,7838.1,720.43,275.57,7801.8
6155,60,2026-08-27T18:10:00,1,6.9398,48472.6,2600.45,1677.55,48655.45
6156,295,2026-08-29T12:58:00,1,14.8897,103942.43,5398.97,3731.94,103325.4
6157,484,2026-08-21T10:28:00,1,8.7331,65462.92,2973.31,2299.98,64838.82
6158,341,2026-08-27T17:06:00,1,23.4326,165414.13,10524.41,5026.71,166136.18
6159,242,2026-08-13T14:38:00,1,137.6048,12681.41,1123.98,385.51,13734.42
6160,52,2026-08-16T20:49:00,1,8.4833,60779.23,92.5,1740.14,61107.55
6161,301,2026-08-08T09:43:00,1,33.2508,3094.69,301.29,107.01,3387.51
6162,184,2026-08-24T10:49:00,1,14.3522,110892.56,8375.51,4010.31,110630.79
6163,200,2026-08-20T20:41:00,1,16.4058,115547.57,7261.25,3237.85,114509.45
6164,40,2026-08-16T15:18:00,1,47.2477,4460.54,480.87,171.0,4453.06
6165,342,2026-08-16T13:46:00,1,33.6753,3202.42,365.95,106.67,3531.28
6166,160,2026-08-02T19:18:00,1,41.4832,3973.08,486.42,137.52,4277.48
6167,493,2026-08-28T20:21:00,1,3.8343,26926.04,1489.22,740.74,26924.1
6168,305,2026-08-07T09:42:00,1,24.7258,192923.24,16115.47,5849.08,193918.09
6169,266,2026-08-28T14:00:00,1,3.1433,24882.65,2394.16,758.72,25026.34
6170,308,2026-08-09T16:34:00,1,22.5917,158793.09,9283.48,5832.1,157919.72
6171,468,2026-08-21T20:11:00,1,25.5173,179363.61,10332.17,4929.67,180900.58
6172,240,2026-08-04T15:01:00,1,5.1622,38537.07,1678.65,1390.43,38618.57
6173,405,2026-08-05T19:24:00,1,69.8843,6800.98,918.82,246.38,6821.81
6174,420,2026-08-24T17:27:00,1,5.4005,42597.1,4021.6,1125.85,42365.92
6175,274,2026-08-28T09:38:00,1,4.3282,34216.74,3250.98,1199.83,33874.1
6176,471,2026-08-31T09:37:00,1,4.1632,29590.01,1981.33,922.64,29492.86
6177,345,2026-08-03T09:52:00,1,6.9195,48517.63,2817.38,1766.39,48077.3
6178,297,2026-08-03T12:08:00,1,28.6626,201712.16,12408.3,5290.24,201924.16
6179,267,2026-08-23T09:22:00,1,11.3594,79137.11,4235.61,2196.18,80167.77
6180,493,2026-08-28T17:29:00,1,3.8343,27063.26,1626.44,923.87,26924.1
6181,248,2026-08-27T09:05:00,1,12.1774,84747.11,4254.37,2707.31,84291.64
6182,148,2026-08-22T15:32:00,1,2.6633,20804.7,1761.84,568.32,20944.68
6183,70,2026-08-29T14:27:00,1,30.9727,2773.26,169.08,74.73,2987.25
6184,344,2026-08-21T15:19:00,1,14.46,101123.03,5337.24,3365.24,100842.02
6185,232,2026-08-01T19:20:00,1,38.8965,3488.79,212.54,109.39,3434.48
6186,317,2026-08-12T19:07:00,1,14.7122,113648.53,8633.73,4070.48,114345.81
6187,316,2026-08-27T10:13:00,1,4.8799,38016.14,3188.59,991.18,37802.56
6188,195,2026-08-13T18:59:00,1,5.6896,39716.16,2157.57,1488.22,40165.21
6189,394,2026-08-22T17:50:00,1,16.5177,115390.61,6225.96,3370.97,115239.65
6190,357,2026-08-20T16:22:00,1,43.877,4093.69,410.22,107.15,4465.7
6191,58,2026-08-14T20:33:00,1,55.451,5101.89,440.68,147.96,5047.45
6192,222,2026-08-21T10:35:00,1,12.5433,93745.55,3992.09,2835.59,93042.29
6193,70,2026-08-24T13:32:00,1,30.9727,2752.02,142.88,96.06,2987.25
6194,240,2026-08-31T18:15:00,1,5.1622,38745.94,1810.61,1239.44,38618.57
6195,198,2026-08-28T19:43:00,1,15.7741,1411.07,86.52,52.89,1402.87
6196,177,2026-08-21T12:23:00,1,21.5109,151617.33,9125.04,4300.91,149601.12
6197,204,2026-08-20T10:11:00,1,23.1628,2179.79,235.27,68.91,2203.47
6198,186,2026-08-05T18:12:00,1,20.4986,142920.99,7566.27,5199.77,142115.47
6199,34,2026-08-23T19:36:00,1,12.0678,83694.87,4122.33,2414.88,84501.09
6200,67,2026-08-05T18:05:00,1,5.6959,40113.13,2502.42,1278.95,39923.68
6201,304,2026-08-14T12:23:00,1,23.2115,162647.19,8874.95,5361.26,163176.85
6202,128,2026-08-22T12:48:00,1,11.2314,80407.56,101.93,2703.87,79829.9
6203,297,2026-08-16T19:25:00,1,28.6626,201938.39,12175.07,5272.0,201924.16
6204,283,2026-08-05T16:23:00,1,29.6388,2792.01,297.31,97.85,2996.9
6205,124,2026-08-08T15:44:00,1,16.7443,129599.56,9703.84,3867.64,128948.28
6206,92,2026-08-02T17:31:00,1,13.6036,94535.12,4414.4,3237.53,94779.98
6207,135,2026-08-16T17:10:00,1,22.9212,2160.05,229.4,58.44,2313.05
6208,215,2026-08-19T13:47:00,1,40.8508,3962.96,524.96,131.34,4327.85
6209,195,2026-08-04T11:51:00,1,5.6896,39823.59,2254.02,1310.34,40165.21
6210,69,2026-08-05T19:29:00,1,62.0656,5980.62,756.56,159.44,6460.93
6211,273,2026-08-14T12:36:00,1,5.1573,38501.78,1596.09,1445.3,38716.4
6212,346,2026-08-09T16:23:00,1,3.0109,21331.06,1405.22,767.54,21621.42
6213,446,2026-08-25T14:30:00,1,15.9701,124199.47,9858.35,3267.71,125003.74
6214,369,2026-08-22T18:05:00,1,3.836,26884.78,1532.85,854.3,27004.67
6215,244,2026-08-10T19:19:00,1,15.9038,110751.87,5685.48,4131.85,111267.13
6216,114,2026-08-10T12:32:00,1,22.4097,174342.51,13824.29,4923.76,172028.36
6217,491,2026-08-23T16:22:00,1,28.3832,197024.92,9872.06,6783.8,196145.75
6218,19,2026-08-28T16:10:00,1,12.8924,90119.85,4591.41,3345.17,88723.96
6219,28,2026-08-20T12:24:00,1,12.4734,93019.85,3809.22,2422.55,93249.78
6220,315,2026-08-23T14:26:00,1,42.8276,3827.7,229.33,120.07,3840.92
6221,100,2026-08-29T18:06:00,1,3.7986,26693.43,1553.42,750.69,26721.43
6222,217,2026-08-18T16:00:00,1,32.1275,3010.19,313.41,108.92,3280.44
6223,429,2026-08-17T15:36:00,1,11.4674,85665.2,3696.8,2548.86,86268.38
6224,404,2026-08-09T19:58:00,1,42.524,298307.46,16887.88,11160.0,300825.57
6225,145,2026-08-09T20:04:00,1,8.7446,65522.14,2967.21,1728.06,65498.65
6226,9,2026-08-10T20:37:00,1,3.5458,27704.46,2306.28,881.86,28130.5
6227,254,2026-08-09T18:09:00,1,49.5838,4680.93,507.96,140.73,5015.91
6228,62,2026-08-30T17:51:00,1,4.7149,37259.41,3602.57,1004.78,37523.03
6229,39,2026-08-17T15:39:00,1,38.8962,3664.86,392.52,123.86,3941.11
6230,475,2026-08-31T11:48:00,1,4.7599,33516.34,1950.59,906.76,33455.21
6231,451,2026-08-28T16:20:00,1,13.8323,96728.66,4964.91,2780.11,96203.06
6232,112,2026-08-17T19:04:00,1,3.2447,25220.46,2027.51,807.96,25379.69
6233,55,2026-08-03T12:19:00,1,41.8192,293146.57,16949.15,9378.76,296351.07
6234,244,2026-08-12T15:18:00,1,15.9038,110456.93,5917.28,3736.84,111267.13
6235,448,2026-08-30T11:19:00,1,1.8774,14714.39,1312.76,407.08,14722.59
6236,444,2026-08-31T15:10:00,1,21.3326,148688.28,7219.01,4421.79,149570.04
6237,2,2026-08-30T12:21:00,1,5.3919,37555.45,2017.81,1020.76,37773.68
6238,378,2026-08-09T20:10:00,1,22.3074,155893.33,8265.19,5233.99,157085.33
6239,77,2026-08-22T16:53:00,1,5.0459,39434.18,3355.49,1153.11,40007.15
6240,458,2026-08-03T13:14:00,1,5.2364,37058.67,2474.55,1065.45,36647.98
6241,147,2026-08-13T18:59:00,1,27.792,194862.06,11399.56,5143.26,193824.6
6242,181,2026-08-27T09:46:00,1,19.7854,141421.93,214.72,4475.33,142839.21
6243,352,2026-08-02T12:59:00,1,5.1549,36177.81,2027.78,1294.81,36627.39
6244,305,2026-08-17T16:36:00,1,24.7258,192622.34,15883.56,5120.96,193918.09
6245,413,2026-08-12T11:04:00,1,9.2313,68615.1,2722.63,1923.32,69692.43
6246,138,2026-08-21T11:00:00,1,3.6759,28817.67,2514.8,769.24,29060.19
6247,485,2026-08-06T16:21:00,1,12.8272,89548.54,4548.2,3018.12,90681.68
6248,212,2026-08-03T18:21:00,1,170.6976,15660.27,1333.62,409.24,17057.24
6249,233,2026-08-09T20:58:00,1,12.6163,94421.34,4170.01,2521.0,92727.37
6250,178,2026-08-09T12:27:00,1,4.4698,31439.98,1859.29,892.73,31553.38
6251,207,2026-08-12T17:21:00,1,13.2941,99342.99,4450.5,2558.86,98609.31
6252,499,2026-08-20T15:44:00,1,13.2935,103530.9,8454.86,2739.63,102010.86
6253,404,2026-08-29T19:39:00,1,42.524,298648.92,17215.31,8091.04,300825.57
6254,54,2026-08-22T11:36:00,1,23.9682,185391.28,14016.25,5869.5,187282.13
6255,33,2026-08-23T13:37:00,1,20.5951,142761.8,6962.04,5002.78,144592.47
6256,96,2026-08-06T10:41:00,1,14.1124,98046.82,4530.01,3244.04,99348.29
6257,366,2026-08-04T18:58:00,1,20.7568,1850.69,106.91,51.17,2026.31
6258,324,2026-08-09T13:00:00,1,11.2024,86863.45,6726.52,2546.36,86023.64
6259,400,2026-08-03T14:44:00,1,27.1971,2539.19,256.54,81.68,2604.31
6260,375,2026-08-13T18:07:00,1,4.191,29703.23,2037.31,981.33,29466.95
6261,152,2026-08-28T09:57:00,1,14.682,102198.59,4797.91,3036.78,103061.96
6262,65,2026-08-27T10:28:00,1,7.9839,59362.91,2382.29,2059.64,59216.13
6263,161,2026-08-29T17:41:00,1,28.3219,198248.73,10807.88,5206.21,197778.07
6264,161,2026-08-23T17:32:00,1,28.3219,198185.24,11436.58,6641.95,197778.07
6265,278,2026-08-13T17:04:00,1,14.5841,112897.84,8581.13,3792.27,111708.45
6266,368,2026-08-18T18:07:00,1,6.4593,48181.02,1921.0,1348.52,48411.74
6267,132,2026-08-22T14:38:00,1,8.3701,58180.07,2862.5,2149.9,59029.06
6268,56,2026-08-30T20:40:00,1,175.6407,16138.95,1381.62,610.77,16189.86
6269,308,2026-08-04T12:50:00,1,22.5917,159607.56,10430.05,6060.82,157919.72
6270,80,2026-08-24T10:06:00,1,3.9658,27567.72,1463.75,936.73,27956.4
6271,102,2026-08-02T12:06:00,1,18.5,129055.76,6497.51,4761.92,127765.91
6272,190,2026-08-13T11:56:00,1,2.4559,19267.81,1701.32,624.86,19101.48
6273,126,2026-08-10T20:00:00,1,5.5909,39291.96,2356.41,1131.96,39847.32
6274,387,2026-08-05T20:58:00,1,11.9529,89188.52,3555.31,3112.64,89528.73
6275,134,2026-08-13T10:40:00,1,8.2685,59219.98,77.3,1813.98,59124.2
6276,130,2026-08-25T14:15:00,1,2.9689,23054.26,1797.83,883.81,22836.34
6277,497,2026-08-27T11:15:00,1,3.6197,28406.38,2572.8,1047.59,28234.23
6278,286,2026-08-14T16:30:00,1,25.0601,176419.97,10401.07,4605.22,176868.79
6279,204,2026-08-01T20:12:00,1,23.1628,2173.87,222.87,59.4,2203.47
6280,346,2026-08-21T17:31:00,1,3.0109,21417.19,1472.42,729.4,21621.42
6281,340,2026-08-23T15:58:00,1,165.8251,15367.98,1435.36,477.34,15123.51
6282,250,2026-08-10T16:31:00,1,77.1732,7324.08,843.07,238.03,8120.8
6283,459,2026-08-05T14:11:00,1,6.8639,51184.26,2009.77,1604.37,51697.62
6284,423,2026-08-10T12:53:00,1,46.576,4160.3,248.85,109.26,4505.28
6285,117,2026-08-23T10:01:00,1,31.0203,2747.03,140.7,98.15,2761.05
6286,367,2026-08-22T20:55:00,1,9.0261,64633.46,95.94,2278.68,65124.45
6287,264,2026-08-31T16:51:00,1,10.9703,77267.21,4516.57,2258.58,77272.76
6288,74,2026-08-12T13:56:00,1,7.7284,57527.41,2362.55,1791.0,57947.77
6289,36,2026-08-14T17:37:00,1,3.5236,27802.27,2587.35,948.9,27680.59
6290,357,2026-08-07T15:48:00,1,43.877,4135.28,446.98,131.56,4465.7
6291,385,2026-08-31T18:35:00,1,45.0218,4350.38,567.65,151.09,4324.75
6292,170,2026-08-23T10:51:00,1,3.1856,24675.71,1940.31,807.17,24560.11
6293,295,2026-08-06T12:58:00,1,14.8897,104186.54,5518.9,3349.02,103325.4
6294,202,2026-08-21T11:49:00,1,4.3318,33841.44,2845.29,1156.83,34282.41
6295,445,2026-08-15T09:30:00,1,56.0557,5398.07,679.3,167.66,5771.96
6296,470,2026-08-24T19:56:00,1,11.707,87682.41,4059.89,2552.41,87563.24
6297,124,2026-08-12T19:14:00,1,16.7443,130377.73,10857.92,4099.67,128948.28
6298,44,2026-08-17T12:04:00,1,4.73,33440.14,2177.11,1013.25,33944.67
6299,438,2026-08-03T18:11:00,1,3.7537,26360.73,1569.19,904.85,26461.5
6300,359,2026-08-03T13:45:00,1,1.683,13140.04,1126.94,390.0,12973.64
6301,249,2026-08-24T16:54:00,1,17.3609,119812.12,5537.99,3077.67,121096.77
6302,348,2026-08-01T20:35:00,1,9.5558,66204.81,3341.6,2012.59,66902.72
6303,295,2026-08-30T13:42:00,1,14.8897,103634.29,5497.32,3047.72,103325.4
6304,308,2026-08-20T12:50:00,1,22.5917,158817.26,9700.97,5921.61,157919.72
6305,184,2026-08-15T15:08:00,1,14.3522,111097.46,8401.01,3435.88,110630.79
6306,410,2026-08-03T14:58:00,1,25.5672,2388.12,242.26,89.7,2604.67
6307,309,2026-08-12T13:35:00,1,20.9922,161360.64,11519.58,5744.22,163877.64
6308,149,2026-08-24T11:57:00,1,24.2917,187678.39,14163.99,6602.08,190817.31
6309,196,2026-08-19T12:45:00,1,29.6387,2780.87,286.48,74.78,2814.98
6310,20,2026-08-24T13:06:00,1,10.7348,79994.7,3316.56,2116.8,80272.03
6311,310,2026-08-14T10:58:00,1,30.6255,215000.69,12111.96,7399.5,214170.23
6312,398,2026-08-23T18:26:00,1,7.997,57160.78,86.75,1536.12,57680.36
6313,266,2026-08-10T15:14:00,1,3.1433,24646.17,2131.06,843.1,25026.34
6314,214,2026-08-25T14:46:00,1,15.0718,108055.93,146.36,3603.58,107549.49
6315,18,2026-08-09T11:09:00,1,66.0832,6285.55,723.99,180.01,6273.83
6316,127,2026-08-09T16:53:00,1,3.0645,23910.31,1988.26,877.2,24453.74
6317,269,2026-08-26T09:45:00,1,4.0936,28883.41,1738.91,1060.46,28237.31
6318,106,2026-08-29T12:40:00,1,25.5639,180903.47,11715.7,6202.08,177488.62
6319,440,2026-08-18T16:04:00,1,4.4772,31363.92,1651.92,1010.05,31473.28
6320,472,2026-08-26T19:46:00,1,13.3279,93389.72,5012.95,3366.22,91782.23
6321,304,2026-08-25T13:43:00,1,23.2115,161387.79,7685.42,6082.71,163176.85
6322,236,2026-08-24T11:52:00,1,45.6461,4412.92,567.69,155.29,4723.14
6323,65,2026-08-03T14:37:00,1,7.9839,59749.21,2760.85,1867.03,59216.13
6324,225,2026-08-08T12:04:00,1,26.4171,187160.22,11666.41,5984.44,187721.1
6325,48,2026-08-10T12:06:00,1,12.8521,89499.62,4593.89,3384.06,89666.74
6326,477,2026-08-01T11:15:00,1,13.4506,94103.89,5618.58,3015.98,94914.32
6327,30,2026-08-27T18:56:00,1,7.7113,57469.14,2434.05,2035.31,57913.08
6328,138,2026-08-22T17:06:00,1,3.6759,28830.33,2547.28,747.93,29060.19
6329,272,2026-08-26T13:35:00,1,5.634,39650.09,2291.26,1372.84,39860.07
6330,197,2026-08-23T09:08:00,1,3.3083,25738.26,2127.15,671.23,26110.51
6331,37,2026-08-17T13:01:00,1,3.501,24443.16,1303.23,649.46,24874.3
6332,291,2026-08-03T13:27:00,1,2.3094,17969.71,1485.42,491.01,18316.84
6333,35,2026-08-14T16:41:00,1,10.6628,82872.76,6569.66,2620.72,82126.32
6334,422,2026-08-21T13:36:00,1,43.7528,4095.84,410.54,144.67,4400.94
6335,323,2026-08-19T09:13:00,1,11.8931,88712.39,3789.23,3309.77,89968.8
6336,354,2026-08-05T19:19:00,1,3.0016,23635.69,2131.57,689.82,23185.98
6337,354,2026-08-16T13:19:00,1,3.0016,23328.22,1855.76,813.46,23185.98
6338,70,2026-08-04T09:51:00,1,30.9727,2742.74,140.72,82.9,2987.25
6339,11,2026-08-10T09:40:00,1,22.9405,161850.28,10296.85,4147.4,162693.73
6340,156,2026-08-04T14:21:00,1,40.2472,3570.3,189.13,102.11,3905.61
6341,397,2026-08-15T20:30:00,1,7.6603,53936.62,3107.77,1472.71,53492.63
6342,405,2026-08-05T12:38:00,1,69.8843,6751.74,869.58,183.9,6821.81
6343,189,2026-08-14T16:08:00,1,10.9377,76828.72,4368.32,2945.82,76878.67
6344,349,2026-08-03T10:45:00,1,3.9789,30981.69,2580.66,1108.37,30859.88
6345,279,2026-08-26T17:37:00,1,3.3772,26506.75,2311.21,980.95,25986.45
6346,296,2026-08-16T16:31:00,1,106.5754,9866.17,889.32,367.02,10695.11
6347,225,2026-08-16T10:13:00,1,26.4171,186514.67,11617.88,6965.98,187480.52
6348,268,2026-08-16T12:38:00,1,7.2654,52046.41,72.14,1383.32,52415.61
6349,286,2026-08-03T18:29:00,1,25.0601,176105.7,10594.77,5801.65,176868.79
6350,342,2026-08-21T17:30:00,1,33.6753,3264.81,428.34,85.32,3531.28
6351,121,2026-08-02T13:20:00,1,5.6102,39577.22,2410.94,1072.4,39753.67
6352,181,2026-08-24T10:41:00,1,19.7854,141524.03,197.91,5306.62,142839.21
6353,393,2026-08-26T13:07:00,1,5.8217,41200.3,2596.84,1436.64,40681.64
6354,287,2026-08-18T18:42:00,1,11.5804,81602.45,4751.56,2121.01,80373.75
6355,215,2026-08-25T12:40:00,1,40.8508,3912.61,471.75,134.08,4327.85
6356,337,2026-08-26T14:32:00,1,6.8574,51150.89,2021.87,1883.25,51467.22
6357,176,2026-08-20T17:40:00,1,79.6742,7585.98,897.33,249.42,8259.16
6358,173,2026-08-08T09:23:00,1,17.1759,120308.72,6205.95,4189.12,120399.88
6359,479,2026-08-09T12:37:00,1,24.1015,187818.62,15407.33,6252.89,187108.32
6360,98,2026-08-15T13:01:00,1,6.3389,44384.04,2323.16,1456.39,43750.15
6361,500,2026-08-14T15:57:00,1,31.1716,218886.16,12379.61,6483.27,215660.52
6362,243,2026-08-01T16:40:00,1,15.8002,112976.81,146.63,2971.08,111419.59
6363,41,2026-08-25T19:17:00,1,3.6873,25848.82,1432.18,813.48,25728.91
6364,100,2026-08-02T19:41:00,1,3.7986,26741.05,1576.2,803.13,26721.43
6365,185,2026-08-24T14:17:00,1,138.7501,12762.03,1073.72,362.49,13875.63
6366,151,2026-08-30T17:45:00,1,18.1146,127394.78,8002.72,3320.03,126093.84
6367,316,2026-08-22T17:55:00,1,4.8799,38248.39,3356.62,1208.27,37802.56
6368,281,2026-08-18T11:41:00,1,13.5853,95805.79,5649.8,3173.48,94266.98
6369,381,2026-08-29T10:48:00,1,51.5308,4979.51,646.8,189.62,5266.72
6370,491,2026-08-02T11:43:00,1,28.3832,199336.07,11303.9,6265.29,196145.75
6371,355,2026-08-01T18:19:00,1,34.4809,3353.32,448.99,86.77,3345.31
6372,265,2026-08-25T11:18:00,1,20.2554,1927.7,221.59,73.71,1896.91
6373,215,2026-08-04T16:34:00,1,40.8508,3940.53,508.65,119.39,4327.85
6374,369,2026-08-01T09:44:00,1,3.836,26890.13,1654.85,784.59,27004.67
6375,166,2026-08-18T17:26:00,1,42.0913,296752.16,17422.09,9433.3,293157.89
6376,137,2026-08-31T11:49:00,1,19.0534,147240.3,10913.99,5578.51,148363.19
6377,156,2026-08-10T09:44:00,1,40.2472,3594.23,214.27,136.23,3905.61
6378,138,2026-08-19T10:51:00,1,3.6759,28660.48,2412.57,906.14,29060.19
6379,9,2026-08-04T09:14:00,1,3.5458,27800.31,2483.09,877.58,28130.5
6380,130,2026-08-06T20:18:00,1,2.9689,23099.67,1862.74,820.96,22836.34
6381,350,2026-08-10T16:15:00,1,40.4539,3588.43,191.11,126.53,3900.46
6382,72,2026-08-10T17:36:00,1,10.2814,71765.99,3843.26,2442.94,71406.0
6383,327,2026-08-28T18:51:00,1,2.2934,17893.56,1485.61,662.41,17663.02
6384,433,2026-08-22T09:16:00,1,2.1387,16559.7,1267.78,469.24,16424.51
6385,425,2026-08-31T16:28:00,1,11.6469,86857.05,3523.95,3315.98,87666.76
6386,332,2026-08-20T18:36:00,1,6.9177,48636.68,2976.47,1556.51,48724.67
6387,77,2026-08-09T13:29:00,1,5.0459,39560.37,3464.27,1303.21,40007.15
6388,12,2026-08-10T19:12:00,1,28.8297,202192.94,11733.27,5489.84,201674.99
6389,33,2026-08-03T13:15:00,1,20.5951,143246.66,7225.09,5074.93,144592.47
6390,73,2026-08-08T14:44:00,1,10.0421,74851.29,2945.94,2169.41,75140.23
6391,201,2026-08-27T10:10:00,1,18.3302,127949.39,6786.58,4110.93,129569.1
6392,247,2026-08-12T16:03:00,1,21.3958,148924.3,8284.36,5523.37,150400.66
6393,12,2026-08-08T16:17:00,1,28.8297,201975.2,10454.03,7506.44,201674.99
6394,106,2026-08-24T15:51:00,1,25.5639,179741.61,11473.12,5416.06,177488.62
6395,363,2026-08-16T20:21:00,1,13.8933,107383.98,7995.9,4085.75,109183.11
6396,112,2026-08-13T19:42:00,1,3.2447,25164.98,1956.39,673.67,25379.69
6397,83,2026-08-07T13:06:00,1,16.4877,127046.91,9147.65,4588.52,128344.3
6398,339,2026-08-03T09:40:00,1,4.9004,34173.65,1808.66,1240.52,34103.43
6399,74,2026-08-01T12:47:00,1,7.7284,57602.3,2413.33,1835.02,57947.77
6400,214,2026-08-21T09:23:00,1,15.0718,107999.33,153.22,2837.72,107549.49
6401,464,2026-08-05T13:16:00,1,13.6974,105817.96,7686.77,4033.3,106073.58
6402,88,2026-08-21T16:41:00,1,28.7165,201931.56,11708.01,7196.33,201704.8
6403,131,2026-08-24T17:16:00,1,9.6225,68834.16,101.12,2481.38,68876.9
6404,356,2026-08-05T10:53:00,1,10.5422,78775.97,3249.33,2444.62,78802.91
6405,218,2026-08-04T18:36:00,1,41.5219,293232.6,19055.19,8680.32,288363.83
6406,381,2026-08-20T15:50:00,1,51.5308,4921.02,595.01,172.25,5266.72
6407,374,2026-08-03T14:20:00,1,158.1349,14545.93,1273.67,530.83,15997.31
6408,112,2026-08-15T14:34:00,1,3.2447,25437.36,2220.07,975.74,25379.69
6409,82,2026-08-13T18:23:00,1,61.9363,5949.72,747.69,207.13,5874.53
6410,33,2026-08-18T18:52:00,1,20.5951,143316.0,6640.94,5230.95,144592.47
6411,454,2026-08-22T12:08:00,1,40.6398,3802.33,391.03,98.87,4115.87
6412,104,2026-08-12T14:32:00,1,47.6116,4483.6,481.37,148.82,4803.13
6413,31,2026-08-23T19:21:00,1,19.1019,147116.73,10787.81,5027.23,145166.23
6414,466,2026-08-21T14:01:00,1,4.9899,38968.55,3263.37,1255.91,39724.52
6415,492,2026-08-26T16:45:00,1,5.5826,43900.44,3904.57,1149.46,43858.87
6416,354,2026-08-17T19:52:00,1,3.0016,23245.58,1790.29,799.24,23185.98
6417,240,2026-08-26T13:58:00,1,5.1622,38540.65,1556.69,1114.53,38618.57
6418,71,2026-08-12T16:31:00,1,13.8926,103326.4,4161.85,3575.91,103051.46
6419,262,2026-08-16T13:36:00,1,7.1953,50373.14,2736.01,1791.58,50188.36
6420,206,2026-08-09T13:27:00,1,25.6022,180818.69,11385.89,5196.66,179409.86
6421,151,2026-08-26T15:36:00,1,18.1146,127044.96,6927.77,3959.35,126093.84
6422,284,2026-08-28T13:34:00,1,22.3956,157101.97,8529.11,4294.72,156051.35
6423,232,2026-08-05T14:51:00,1,38.8965,3486.31,212.39,119.22,3434.48
6424,193,2026-08-26T12:50:00,1,14.9404,103992.84,4923.65,3278.04,102287.59
6425,471,2026-08-27T19:55:00,1,4.1632,29578.65,2059.86,890.35,29492.86
6426,155,2026-08-21T10:08:00,1,43.3929,3885.16,230.18,100.49,4226.11
6427,66,2026-08-01T16:10:00,1,14.0417,100423.88,151.26,2897.56,100611.13
6428,458,2026-08-12T20:12:00,1,5.2364,36660.28,2240.11,1397.32,36647.98
6429,321,2026-08-14T09:36:00,1,3.0001,23240.78,1772.03,819.76,23799.06
6430,444,2026-08-20T11:53:00,1,21.3326,148801.29,7995.68,5360.2,149570.04
6431,336,2026-08-24T18:09:00,1,106.314,9764.36,808.47,253.85,10623.18
6432,211,2026-08-31T10:45:00,1,6.0918,43643.07,56.48,1490.67,43932.92
6433,256,2026-08-10T09:13:00,1,3.4873,27110.48,2131.33,931.95,26890.68
6434,71,2026-08-12T20:43:00,1,13.8926,103217.83,4053.28,3732.66,103051.46
6435,369,2026-08-25T19:38:00,1,3.836,26961.63,1560.33,775.3,27004.67
6436,272,2026-08-30T11:29:00,1,5.634,39684.4,2551.1,1497.33,39860.07
6437,298,2026-08-19T12:27:00,1,12.0285,89629.4,3739.41,3081.16,89873.29
6438,50,2026-08-26T13:36:00,1,12.6872,95240.96,4345.04,3159.29,95672.47
6439,221,2026-08-24T13:38:00,1,12.4688,92864.55,3800.54,3478.58,92691.91
6440,372,2026-08-24T14:53:00,1,4.8056,33706.18,2074.42,1169.74,33637.33
6441,243,2026-08-24T16:46:00,1,15.8002,113018.27,158.23,3061.04,111419.59
6442,103,2026-08-24T13:43:00,1,40.7114,283735.76,15762.33,9840.88,290443.66
6443,387,2026-08-28T20:06:00,1,11.9529,89462.44,3946.37,2454.82,89528.73
6444,282,2026-08-08T19:17:00,1,41.6824,293124.75,16220.65,8048.28,294156.91
6445,479,2026-08-01T12:25:00,1,24.1015,185591.87,13481.61,6175.79,187108.32
6446,459,2026-08-22T10:29:00,1,6.8639,51455.98,2378.41,1630.65,51697.62
6447,218,2026-08-30T19:17:00,1,41.5219,292208.25,18540.31,10137.96,288363.83
6448,23,2026-08-09T19:23:00,1,26.3325,185830.71,11564.86,5683.6,186120.07
6449,54,2026-08-03T17:05:00,1,23.9682,184495.56,13412.71,5615.21,187282.13
6450,66,2026-08-31T11:45:00,1,14.0417,100594.62,126.82,2583.66,100611.13
6451,463,2026-08-26T11:02:00,1,4.2011,32822.17,2723.89,1142.09,33199.55
6452,256,2026-08-25T14:37:00,1,3.4873,27302.7,2334.68,936.3,26890.68
6453,189,2026-08-06T20:08:00,1,10.9377,76879.43,4400.0,2885.31,76878.67
6454,236,2026-08-25T16:50:00,1,45.6461,4439.77,595.0,137.53,4723.14
6455,145,2026-08-06T20:16:00,1,8.7446,65185.15,2633.89,1844.12,65498.65
6456,117,2026-08-30T16:12:00,1,31.0203,2769.25,162.92,99.96,2761.05
6457,389,2026-08-26T12:38:00,1,19.9391,139975.43,7760.06,4372.55,140278.17
6458,223,2026-08-25T14:07:00,1,5.2555,41487.78,3859.98,1161.45,41228.9
6459,24,2026-08-01T16:48:00,1,6.8653,47710.93,2547.28,1222.26,48746.72
6460,89,2026-08-03T19:16:00,1,3.0342,21194.37,1154.81,785.12,21200.13
6461,371,2026-08-17T19:50:00,1,3.5364,27696.74,2418.73,1020.02,27587.51
6462,202,2026-08-26T16:04:00,1,4.3318,34325.54,3290.88,1029.55,34282.41
6463,191,2026-08-29T09:22:00,1,10.7173,76759.91,104.1,2209.34,77465.39
6464,97,2026-08-01T10:35:00,1,12.0171,83311.69,4256.72,2729.35,83643.95
6465,242,2026-08-08T14:03:00,1,137.6048,12557.61,997.43,451.66,13734.42
6466,255,2026-08-20T16:54:00,1,5.3041,37008.07,1998.41,1057.75,37330.54
6467,442,2026-08-29T18:30:00,1,22.5468,174058.1,12791.44,6644.63,176097.65
6468,103,2026-08-29T20:19:00,1,40.7114,288063.13,18625.72,10845.34,290443.66
6469,276,2026-08-11T11:43:00,1,20.2773,140216.05,6460.69,5346.08,140177.51
6470,368,2026-08-15T18:40:00,1,6.4593,48356.39,2137.19,1855.45,48411.74
6471,442,2026-08-29T15:34:00,1,22.5468,175326.99,14060.33,5667.66,176097.65
6472,381,2026-08-01T11:11:00,1,51.5308,4897.0,556.56,129.05,5266.72
6473,15,2026-08-18T11:48:00,1,47.6096,4487.22,490.87,142.3,4522.17
6474,66,2026-08-17T13:22:00,1,14.0417,100512.16,142.79,3541.35,100611.13
6475,97,2026-08-08T14:36:00,1,12.0171,84118.8,4286.92,2845.97,83643.95
6476,220,2026-08-25T10:52:00,1,39.659,3520.44,179.96,100.69,3876.63
6477,174,2026-08-26T18:33:00,1,36.7959,259819.43,15827.29,9244.63,261235.38
6478,384,2026-08-15T14:28:00,1,139.1589,12926.99,1212.59,349.96,13806.42
6479,421,2026-08-20T09:52:00,1,70.6148,6695.76,767.65,185.75,7399.3
6480,497,2026-08-18T15:55:00,1,3.6197,28288.39,2364.93,744.71,28164.82
6481,2,2026-08-29T16:21:00,1,5.3919,37886.89,2202.06,1425.25,37773.68
6482,7,2026-08-06T10:14:00,1,13.6765,102604.3,4774.52,3590.98,102782.02
6483,495,2026-08-01T17:27:00,1,22.3137,153893.92,7102.35,4950.68,155842.43
6484,264,2026-08-21T16:20:00,1,10.9703,76712.63,4043.28,2651.84,77272.76
6485,181,2026-08-22T09:37:00,1,19.7854,141667.07,199.48,5348.43,142839.21
6486,180,2026-08-19T09:18:00,1,21.5984,151882.9,9530.44,4478.55,151997.74
6487,329,2026-08-27T12:25:00,1,18.6736,145392.42,12120.06,4049.54,143626.71
6488,220,2026-08-20T16:11:00,1,39.659,3519.39,190.02,107.82,3876.63
6489,268,2026-08-14T10:18:00,1,7.2654,52070.55,79.27,1402.58,52415.61
6490,409,2026-08-23T12:41:00,1,46.9191,4377.02,434.88,129.33,4393.04
6491,296,2026-08-09T09:43:00,1,106.5754,9867.25,897.86,293.52,10695.11
6492,367,2026-08-09T16:56:00,1,9.0261,64666.26,97.6,1776.5,65124.45
6493,204,2026-08-09T18:55:00,1,23.1628,2188.53,239.15,82.05,2203.47
6494,108,2026-08-28T15:50:00,1,16.1291,112729.5,5728.73,3299.33,111090.06
6495,467,2026-08-30T15:28:00,1,3.5951,28209.23,2545.97,993.74,27521.95
6496,137,2026-08-31T19:35:00,1,19.0534,146691.77,10365.46,4799.12,148363.19
6497,358,2026-08-29T20:53:00,1,5.1854,36742.59,2424.42,1205.69,36398.05
6498,460,2026-08-30T14:34:00,1,20.4061,158391.67,12724.77,5749.6,160633.54
6499,168,2026-08-15T10:03:00,1,22.6916,2126.69,216.51,56.5,2348.48
6500,209,2026-08-21T19:09:00,1,18.2845,127917.69,6797.69,3989.81,128197.36
6501,229,2026-08-10T18:15:00,1,16.1684,113510.91,6696.48,3638.17,111246.25
6502,347,2026-08-19T14:13:00,1,8.607,64185.34,2726.71,2145.25,64522.39
6503,242,2026-08-16T13:36:00,1,137.6048,12592.74,1002.29,478.24,13734.42
6504,114,2026-08-29T13:22:00,1,22.4097,174655.63,14369.58,5435.08,172028.36
6505,360,2026-08-22T13:15:00,1,6.8958,48386.18,2812.18,1857.0,48032.53
6506,497,2026-08-15T09:18:00,1,3.6197,28275.3,2374.72,821.71,28164.82
6507,23,2026-08-16T14:04:00,1,26.3325,185680.06,11343.37,5230.9,186120.07
6508,427,2026-08-17T18:11:00,1,60.6339,5877.92,776.79,178.56,6272.72
6509,231,2026-08-29T09:53:00,1,16.9595,131880.45,10577.12,4371.24,131187.83
6510,413,2026-08-25T20:10:00,1,9.2313,69307.59,3214.25,1969.96,69692.43
6511,250,2026-08-31T16:07:00,1,77.1732,7356.15,872.06,220.55,8120.8
6512,76,2026-08-12T11:04:00,1,36.1511,252477.8,14847.58,8026.83,253596.23
6513,83,2026-08-28T14:29:00,1,16.4877,127356.27,9396.34,3304.11,128344.3
6514,350,2026-08-17T18:07:00,1,40.4539,3620.32,216.93,108.85,3900.46
6515,195,2026-08-08T14:49:00,1,5.6896,39909.92,2112.83,1177.47,40165.21
6516,205,2026-08-13T20:54:00,1,9.4979,70683.67,2747.38,2334.56,71377.12
6517,1,2026-08-29T17:13:00,1,4.1528,32826.45,3123.42,1225.61,33069.85
6518,217,2026-08-21T12:01:00,1,32.1275,3034.17,328.07,104.77,3280.44
6519,108,2026-08-29T12:52:00,1,16.1291,112854.23,6108.14,2994.77,111090.06
6520,339,2026-08-13T18:32:00,1,4.9004,34245.66,1896.8,959.56,34103.43
6521,172,2026-08-14T18:56:00,1,27.5585,2460.76,144.19,79.88,2681.44
6522,361,2026-08-20T20:51:00,1,4.8008,38030.91,3695.25,1189.64,37516.15
6523,235,2026-08-27T09:27:00,1,8.0469,57518.2,87.96,2014.6,57915.77
6524,25,2026-08-01T10:53:00,1,12.8433,99418.79,7704.01,3739.6,100257.6
6525,148,2026-08-26T09:03:00,1,2.6633,20721.88,1640.99,761.74,20944.68
6526,418,2026-08-09T19:31:00,1,23.6409,183962.62,14846.26,4896.28,183599.47
6527,165,2026-08-29T17:28:00,1,34.0778,241135.71,15600.99,6781.05,240866.27
6528,46,2026-08-22T15:15:00,1,3.1675,24800.79,2152.85,897.09,25049.19
6529,269,2026-08-30T10:58:00,1,4.0936,28684.4,1703.77,894.65,28237.31
6530,190,2026-08-29T13:53:00,1,2.4559,19155.21,1589.31,610.46,19101.48
6531,4,2026-08-24T17:27:00,1,11.895,85080.18,114.79,3236.84,85807.67
6532,229,2026-08-04T17:46:00,1,16.1684,112936.08,6172.9,3311.06,111246.25
6533,267,2026-08-10T17:23:00,1,11.3594,78987.22,3942.82,2194.29,80167.77
6534,469,2026-08-08T20:46:00,1,3.5698,25179.27,1464.41,725.39,24986.32
6535,322,2026-08-17T12:45:00,1,36.3621,255609.85,15273.82,7110.03,257975.67
6536,138,2026-08-22T11:08:00,1,3.6759,28706.77,2423.72,765.08,29060.19
6537,109,2026-08-23T17:57:00,1,38.1991,3570.0,360.51,131.13,3663.12
6538,448,2026-08-27T18:50:00,1,1.8774,14721.29,1322.4,399.98,14722.59
6539,13,2026-08-01T12:55:00,1,24.6984,171056.47,8577.06,6179.27,174080.63
6540,74,2026-08-22T13:32:00,1,7.7284,57828.88,2570.05,1694.69,57947.77
6541,138,2026-08-30T16:04:00,1,3.6759,28763.45,2523.41,890.94,29060.19
6542,193,2026-08-27T20:29:00,1,14.9404,104327.97,5571.78,3025.9,102287.59
6543,345,2026-08-23T14:26:00,1,6.9195,48327.03,2701.3,1241.54,48077.3
6544,293,2026-08-19T10:25:00,1,22.9979,160906.07,9329.67,5307.03,161345.44
6545,366,2026-08-27T19:25:00,1,20.7568,1853.76,108.74,56.25,2026.31
6546,263,2026-08-30T16:48:00,1,11.0827,86143.94,7031.19,2941.15,85889.43
6547,435,2026-08-13T20:27:00,1,21.1293,164906.48,13773.46,5944.91,164260.83
6548,204,2026-08-13T15:02:00,1,23.1628,2193.81,248.37,69.66,2203.47
6549,300,2026-08-12T20:59:00,1,18.9634,130791.53,6140.36,4185.55,132207.48
6550,182,2026-08-28T13:21:00,1,12.8188,91842.88,131.8,3040.21,92483.25
6551,468,2026-08-11T14:03:00,1,25.5173,179951.63,11631.61,4769.4,180900.58
6552,154,2026-08-19T17:08:00,1,24.6383,171223.97,8835.89,5521.7,170050.2
6553,316,2026-08-18T16:23:00,1,4.8799,38365.52,3416.8,1471.31,37802.56
6554,160,2026-08-24T15:04:00,1,41.4832,3970.02,475.48,110.1,4277.48
6555,366,2026-08-23T15:56:00,1,20.7568,1848.9,104.91,63.72,2026.31
6556,323,2026-08-06T19:14:00,1,11.8931,88950.92,3878.03,2887.66,89968.8
6557,343,2026-08-17T09:03:00,1,12.5555,87320.31,4334.48,3001.66,87744.14
6558,201,2026-08-26T15:12:00,1,18.3302,128482.98,6936.16,3791.24,129569.1
6559,312,2026-08-02T10:16:00,1,22.4573,156234.83,7460.38,5599.66,159340.48
6560,132,2026-08-02T12:36:00,1,8.3701,58200.23,2750.24,1895.18,59029.06
6561,438,2026-08-29T10:06:00,1,3.7537,26265.97,1423.12,948.36,26461.5
6562,489,2026-08-04T19:01:00,1,9.8667,73796.23,3347.4,2369.33,72383.18
6563,214,2026-08-12T14:33:00,1,15.0718,107724.83,143.23,3491.01,107549.49
6564,267,2026-08-11T14:09:00,1,11.3594,79135.78,4205.66,2731.42,80167.77
6565,304,2026-08-13T12:26:00,1,23.2115,160706.54,7481.16,4267.99,163176.85
6566,324,2026-08-15T20:33:00,1,11.2024,87466.3,7308.09,2627.0,86023.64
6567,114,2026-08-11T18:56:00,1,22.4097,172631.4,12297.17,5420.5,172028.36
6568,292,2026-08-07T10:42:00,1,17.0016,119690.99,7355.13,3763.13,120190.48
6569,129,2026-08-11T15:58:00,1,58.1956,5563.95,677.27,170.74,5543.18
6570,329,2026-08-14T12:51:00,1,18.6736,145893.39,12264.92,4196.95,143626.71
6571,448,2026-08-18T20:56:00,1,1.8774,14717.57,1272.06,485.12,14722.59
6572,397,2026-08-18T16:41:00,1,7.6603,53861.7,3025.73,1551.45,53492.63
6573,285,2026-08-30T15:57:00,1,15.0484,104490.61,5307.66,3938.28,104994.48
6574,26,2026-08-23T18:07:00,1,42.9332,299763.63,16671.13,10032.64,302199.84
6575,413,2026-08-27T13:55:00,1,9.2313,69083.1,3199.87,2150.68,69692.43
6576,226,2026-08-30T15:45:00,1,13.4675,93573.85,4810.5,3154.65,93023.91
6577,91,2026-08-19T19:59:00,1,9.0049,64384.42,84.57,2308.94,64892.0
6578,286,2026-08-10T14:53:00,1,25.0601,175318.22,9761.93,5666.76,176868.79
6579,63,2026-08-16T15:30:00,1,12.9209,90487.87,4943.89,2846.47,91101.24
6580,302,2026-08-24T09:05:00,1,24.6146,171218.22,9198.28,6325.91,173269.35
6581,434,2026-08-29T16:52:00,1,133.699,12204.88,963.47,414.77,13484.87
6582,42,2026-08-20T18:20:00,1,5.2378,41317.49,3856.38,1417.18,40718.85
6583,456,2026-08-24T09:12:00,1,2.4701,19326.82,1683.02,708.47,18869.74
6584,288,2026-08-31T11:07:00,1,14.593,109231.9,4819.57,3018.43,109109.53
6585,414,2026-08-28T18:02:00,1,3.8752,30601.1,2876.29,1032.87,29798.99
6586,337,2026-08-09T15:10:00,1,6.8574,51424.24,2369.49,1797.63,51059.98
6587,441,2026-08-10T15:44:00,1,5.6742,40200.37,2714.51,1401.22,40522.82
6588,98,2026-08-05T15:26:00,1,6.3389,44156.6,2300.08,1351.23,43750.15
6589,117,2026-08-21T19:22:00,1,31.0203,2777.0,164.16,92.48,2761.05
6590,21,2026-08-17T11:24:00,1,5.716,39908.96,2128.94,1118.02,40047.33
6591,69,2026-08-11T13:00:00,1,62.0656,5917.8,706.15,192.28,6460.93
6592,126,2026-08-02T18:48:00,1,5.5909,39626.39,2587.96,1173.64,39847.32
6593,281,2026-08-27T11:03:00,1,13.5853,94738.18,4939.21,3240.88,94266.98
6594,76,2026-08-29T14:03:00,1,36.1511,253781.04,14524.75,7463.28,253596.23
6595,261,2026-08-09T20:38:00,1,3.9864,31040.22,2523.31,1096.58,31349.87
6596,114,2026-08-24T17:03:00,1,22.4097,174504.43,14433.06,6570.66,172028.36
6597,455,2026-08-19T18:50:00,1,21.0382,146878.05,8217.8,5418.22,146482.23
6598,248,2026-08-01T13:59:00,1,12.1774,84064.49,3954.98,2442.39,84291.64
6599,420,2026-08-07T09:29:00,1,5.4005,42084.94,3467.37,1566.12,42365.92
6600,259,2026-08-04T19:21:00,1,3.1863,25056.29,2305.92,697.21,24576.47
6601,374,2026-08-23T16:30:00,1,158.1349,14486.17,1199.68,543.03,15997.31
6602,335,2026-08-21T14:16:00,1,17.4016,121021.73,5750.23,3773.81,119712.65
6603,235,2026-08-13T14:30:00,1,8.0469,57631.09,73.47,1569.24,57915.77
6604,121,2026-08-11T10:18:00,1,5.6102,39440.57,2433.95,1291.08,39753.67
6605,249,2026-08-31T15:27:00,1,17.3609,120717.5,5586.96,4495.15,121096.77
6606,58,2026-08-11T12:51:00,1,55.451,5134.55,478.33,147.68,5047.45
6607,412,2026-08-19T13:11:00,1,3.3552,23697.53,1583.81,645.34,23469.55
6608,246,2026-08-23T10:22:00,1,84.5028,7715.25,615.32,211.22,7801.8
6609,33,2026-08-30T13:53:00,1,20.5951,143153.38,7412.52,4045.3,144592.47
6610,455,2026-08-08T15:10:00,1,21.0382,147973.67,8212.91,4866.59,146482.23
6611,253,2026-08-20T18:41:00,1,12.2356,91703.0,4193.13,2980.97,91721.49
6612,471,2026-08-11T16:30:00,1,4.1632,29336.79,1875.03,1085.84,29492.86
6613,101,2026-08-07T10:53:00,1,6.4304,45165.57,2677.54,1637.37,45333.33
6614,71,2026-08-20T12:28:00,1,13.8926,104130.9,4770.05,3818.09,103051.46
6615,488,2026-08-04T16:22:00,1,4.4681,31590.27,2086.51,853.05,31759.9
6616,319,2026-08-08T14:29:00,1,72.4721,6969.76,881.38,248.68,7444.73
6617,355,2026-08-30T11:05:00,1,34.4809,3276.73,379.64,95.96,3345.31
6618,421,2026-08-24T11:11:00,1,70.6148,6726.41,777.82,253.16,7399.3
6619,20,2026-08-27T19:46:00,1,10.7348,80341.53,3727.91,2459.45,80272.03
6620,358,2026-08-11T20:17:00,1,5.1854,36583.69,2379.18,958.02,36398.05
6621,445,2026-08-09T12:25:00,1,56.0557,5348.56,630.91,154.12,5771.96
6622,142,2026-08-10T20:49:00,1,6.2076,43369.07,2359.37,1567.51,43188.45
6623,301,2026-08-26T13:09:00,1,33.2508,3145.15,352.08,104.2,3387.51
6624,84,2026-08-23T09:40:00,1,13.5748,94507.76,4998.38,3536.28,95463.21
6625,31,2026-08-15T16:25:00,1,19.1019,148440.1,11757.41,4113.86,145166.23
6626,382,2026-08-17T17:03:00,1,52.9414,4955.74,501.78,136.84,5290.2
6627,451,2026-08-21T16:58:00,1,13.8323,96476.13,4848.35,3559.59,96203.06
6628,292,2026-08-11T18:58:00,1,17.0016,119529.35,7381.53,3222.78,119506.04
6629,117,2026-08-07T09:00:00,1,31.0203,2763.92,156.35,83.92,2758.76
6630,25,2026-08-19T15:13:00,1,12.8433,98710.35,7002.25,2602.79,100257.6
6631,337,2026-08-05T15:41:00,1,6.8574,51252.99,2125.07,1791.56,51059.98
6632,255,2026-08-30T15:23:00,1,5.3041,37057.65,2098.7,1105.54,37330.54
6633,295,2026-08-14T19:19:00,1,14.8897,103457.68,4815.95,2867.94,103325.4
6634,246,2026-08-21T15:40:00,1,84.5028,7729.85,612.18,226.51,7801.8
6635,116,2026-08-08T15:22:00,1,4.3399,33921.2,2845.82,993.01,33403.12
6636,345,2026-08-26T17:18:00,1,6.9195,48912.09,3029.16,1671.72,48077.3
6637,498,2026-08-27T20:26:00,1,29.3844,2625.24,154.89,78.44,2596.58
6638,392,2026-08-07T16:13:00,1,61.6451,5896.91,715.02,186.1,5976.56
6639,167,2026-08-25T14:06:00,1,12.0913,83932.71,3866.3,3211.56,82941.57
6640,420,2026-08-24T18:43:00,1,5.4005,42615.28,4039.78,1363.52,42365.92
6641,204,2026-09-12T18:26:00,1,23.1628,2184.65,241.06,71.76,2203.47
6642,174,2026-09-26T19:58:00,1,36.7959,260706.48,15181.79,6813.49,261235.38
6643,410,2026-09-30T16:47:00,1,25.5672,2421.89,277.57,83.87,2604.67
6644,168,2026-09-05T20:17:00,1,22.6916,2112.92,212.5,76.89,2348.48
6645,276,2026-09-09T18:10:00,1,20.2773,142907.31,7292.12,3819.9,140177.51
6646,99,2026-09-29T13:21:00,1,19.3079,136125.89,6790.96,3646.14,135735.36
6647,187,2026-09-16T20:12:00,1,12.717,100194.02,8267.79,3377.93,99284.23
6648,242,2026-09-21T15:02:00,1,137.6048,12543.88,1019.48,398.94,13734.42
6649,145,2026-09-03T13:13:00,1,8.7446,65901.26,2677.8,2476.38,65052.32
6650,32,2026-09-06T17:04:00,1,9.8569,69406.65,3531.9,2196.02,68990.65
6651,118,2026-09-26T17:09:00,1,16.9789,119220.38,5926.8,3325.1,119673.31
6652,66,2026-09-01T19:48:00,1,14.0417,101655.17,143.79,2863.02,100611.13
6653,80,2026-09-10T18:09:00,1,3.9658,28137.19,1710.84,962.04,27956.4
6654,90,2026-09-20T20:43:00,1,25.9884,185268.67,11216.3,4820.99,184228.33
6655,355,2026-09-30T11:35:00,1,34.4809,3289.59,397.68,100.81,3345.31
6656,139,2026-09-01T19:42:00,1,9.7207,73359.94,3086.28,2284.15,72292.83
6657,315,2026-09-26T17:29:00,1,42.8276,3797.88,206.79,126.56,3840.92
6658,287,2026-09-30T13:48:00,1,11.5804,81372.39,4147.45,3123.37,80373.75
6659,267,2026-09-13T09:28:00,1,11.3594,80170.68,4280.23,2692.4,80167.77
6660,270,2026-09-05T15:24:00,1,4.256,33568.9,2866.41,1030.91,33198.81
6661,324,2026-09-10T19:52:00,1,11.2024,87704.82,6973.94,2494.44,86023.64
6662,3,2026-09-22T12:33:00,1,15.4507,121659.75,10137.68,4101.44,119964.69
6663,218,2026-09-17T14:57:00,1,41.5219,293138.25,16249.04,10064.36,288363.83
6664,388,2026-09-01T11:21:00,1,12.1851,88212.07,122.57,2636.92,87746.43
6665,420,2026-09-21T11:24:00,1,5.4005,42642.86,3725.29,1403.25,42365.92
6666,201,2026-09-19T11:20:00,1,18.3302,129534.75,7314.84,3558.73,129569.1
6667,239,2026-09-24T19:19:00,1,20.6013,144840.8,7664.16,4612.36,142380.11
6668,382,2026-09-27T20:38:00,1,52.9414,5006.35,569.86,187.23,5290.2
6669,379,2026-09-06T19:17:00,1,2.4927,19618.53,1611.69,516.01,19009.38
6670,249,2026-09-06T12:16:00,1,17.3609,121727.35,5702.55,4163.23,121096.77
6671,339,2026-09-09T15:25:00,1,4.9004,34881.29,2107.27,1329.68,34103.43
6672,57,2026-09-02T13:38:00,1,19.0088,137335.48,184.52,5163.53,135836.68
6673,388,2026-09-24T15:55:00,1,12.1851,88077.22,119.08,2871.28,87746.43
6674,274,2026-09-13T15:48:00,1,4.3282,34062.99,2829.05,1226.82,33874.1
6675,394,2026-09-24T16:39:00,1,16.5177,116287.19,6301.77,3753.61,115428.66
6676,91,2026-09-09T13:56:00,1,9.0049,65204.79,98.55,2173.41,64892.0
6677,10,2026-09-25T19:43:00,1,7.7867,54895.34,2956.34,2062.41,54210.59
6678,483,2026-09-20T15:39:00,1,9.9881,70291.51,3398.11,2267.45,70426.37
6679,377,2026-09-11T19:19:00,1,10.3794,80904.73,6124.37,2160.92,79835.86
6680,145,2026-09-02T12:44:00,1,8.7446,66087.63,2994.2,2516.63,65052.32
6681,348,2026-09-08T17:01:00,1,9.5558,67408.03,3591.24,2195.42,66902.72
6682,66,2026-09-13T16:26:00,1,14.0417,101472.88,142.64,2845.29,100611.13
6683,312,2026-09-03T12:31:00,1,22.4573,158302.07,8338.73,5360.29,159340.48
6684,264,2026-09-20T18:35:00,1,10.9703,78031.61,4560.11,2245.02,77272.76
6685,430,2026-09-01T11:10:00,1,7.8341,55346.39,2877.35,1893.96,53671.17
6686,494,2026-09-26T10:32:00,1,3.4802,24640.21,1418.19,752.39,24604.21
6687,407,2026-09-12T11:15:00,1,9.1757,64023.87,3006.2,1643.85,63145.55
6688,309,2026-09-04T12:15:00,1,20.9922,164036.77,12252.25,4653.39,163877.64
6689,434,2026-09-27T12:43:00,1,133.699,12251.11,1047.13,432.79,13484.87
6690,37,2026-09-10T11:05:00,1,3.501,24804.59,1475.47,823.48,24874.3
6691,90,2026-09-16T17:38:00,1,25.9884,183568.08,9922.95,5273.62,184228.33
6692,486,2026-09-14T10:11:00,1,25.5385,2271.49,127.28,59.17,2274.75
6693,331,2026-09-12T12:06:00,1,6.1706,43553.77,2519.77,1615.36,43124.06
6694,353,2026-09-25T15:57:00,1,5.7849,40880.39,2293.83,1379.13,40383.57
6695,307,2026-09-23T09:44:00,1,20.694,162116.82,12886.38,4166.38,159864.7
6696,57,2026-09-21T20:05:00,1,19.0088,137176.13,193.2,5263.5,135836.68
6697,247,2026-09-13T12:52:00,1,21.3958,151672.26,8730.13,5519.21,150400.66
6698,403,2026-09-06T17:15:00,1,49.0885,4652.02,533.99,169.7,5031.23
6699,137,2026-09-07T16:07:00,1,19.0534,149416.17,12081.74,4801.04,148363.19
6700,197,2026-09-30T16:19:00,1,3.3083,25994.52,2117.92,760.18,26110.51
6701,232,2026-09-20T19:03:00,1,38.8965,3439.05,179.52,108.52,3434.48
6702,477,2026-09-23T11:30:00,1,13.4506,94748.93,5305.4,2973.99,94914.32
6703,76,2026-09-18T13:03:00,1,36.1511,258436.21,16602.7,9613.38,253596.23
6704,26,2026-09-20T20:33:00,1,42.9332,304621.91,17084.96,11663.42,302199.84
6705,5,2026-09-28T12:18:00,1,4.2729,33990.11,3212.11,1276.11,33053.93
6706,334,2026-09-23T12:10:00,1,14.5628,102448.44,5609.02,2772.21,101921.6
6707,61,2026-09-13T14:55:00,1,13.7262,97091.87,5389.19,2501.23,94538.58
6708,320,2026-09-28T20:04:00,1,11.7703,88707.12,3924.83,2472.95,88241.28
6709,292,2026-09-08T14:11:00,1,17.0016,120167.18,6624.88,4208.39,121516.29
6710,379,2026-09-15T19:55:00,1,2.4927,19552.74,1582.79,590.89,19009.38
6711,24,2026-09-29T10:27:00,1,6.8653,48549.15,2561.59,1379.72,48746.72
6712,249,2026-09-19T17:57:00,1,17.3609,121646.49,5889.56,3565.91,121096.77
6713,397,2026-09-07T19:01:00,1,7.6603,53913.78,2860.33,1646.76,53492.63
6714,55,2026-09-24T17:07:00,1,41.8192,296927.47,18468.47,9125.0,296351.07
6715,61,2026-09-26T20:34:00,1,13.7262,96735.65,5146.07,3619.32,94538.58
6716,219,2026-09-24T11:20:00,1,78.5036,7167.94,582.27,238.35,7781.34
6717,53,2026-09-11T13:48:00,1,39.5475,3505.05,185.43,107.54,3823.01
6718,91,2026-09-14T11:10:00,1,9.0049,65013.35,89.01,2313.2,64892.0
6719,23,2026-09-20T19:51:00,1,26.3325,187578.86,11221.94,5002.91,186120.07
6720,494,2026-09-11T13:43:00,1,3.4802,24736.19,1474.85,904.63,24604.21
6721,7,2026-09-12T17:17:00,1,13.6765,103312.33,4632.01,2747.42,102782.02
6722,416,2026-09-03T16:20:00,1,5.6718,39944.01,2069.37,1197.79,38864.83
6723,424,2026-09-11T14:10:00,1,17.9523,126781.49,6789.93,3666.66,124501.49
6724,293,2026-09-10T09:14:00,1,22.9979,161834.79,8586.9,5156.73,161345.44
6725,417,2026-09-16T18:31:00,1,14.235,107458.29,4559.03,3350.86,105673.59
6726,28,2026-09-24T12:01:00,1,12.4734,93637.12,3597.88,3182.22,93249.78
6727,346,2026-09-15T09:21:00,1,3.0109,21396.01,1325.83,728.46,21621.42
6728,496,2026-09-17T09:05:00,1,11.1941,84289.41,3390.32,2511.34,84505.86
6729,266,2026-09-29T19:38:00,1,3.1433,24769.13,2052.19,687.04,25026.34
6730,236,2026-09-08T11:36:00,1,45.6461,4414.05,594.84,120.77,4723.14
6731,14,2026-09-04T12:08:00,1,37.31,266392.92,16756.93,8685.32,262318.39
6732,6,2026-09-12T10:52:00,1,11.7587,88310.52,3467.74,3110.12,88161.08
6733,103,2026-09-09T15:34:00,1,40.7114,287762.66,15483.6,10664.77,290443.66
6734,18,2026-09-03T14:01:00,1,66.0832,6391.96,854.19,212.44,6273.83
6735,96,2026-09-10T10:43:00,1,14.1124,98525.18,4486.36,2919.24,98136.12
6736,250,2026-09-21T16:51:00,1,77.1732,7428.84,965.58,216.15,8120.8
6737,42,2026-09-24T15:17:00,1,5.2378,41173.93,3364.87,1079.89,40718.85
6738,288,2026-09-12T18:27:00,1,14.593,110373.07,5079.91,4037.44,109109.53
6739,485,2026-09-17T19:42:00,1,12.8272,90467.39,4929.08,3418.51,90681.68
6740,49,2026-09-06T13:53:00,1,22.3665,2117.63,241.3,75.5,2270.99
6741,31,2026-09-15T13:40:00,1,19.1019,149713.49,12007.32,4990.45,145166.23
6742,159,2026-09-18T17:42:00,1,106.8915,9844.24,886.73,370.46,9855.57
6743,278,2026-09-04T10:48:00,1,14.5841,114336.81,8886.18,4264.55,111708.45
6744,450,2026-09-09T15:31:00,1,10.9034,970.74,58.02,29.02,1046.78
6745,424,2026-09-23T10:37:00,1,17.9523,126771.21,7392.36,3957.66,124501.49
6746,458,2026-09-11T20:01:00,1,5.2364,37181.28,2181.65,1220.5,36647.98
6747,53,2026-09-16T10:28:00,1,39.5475,3498.73,179.51,96.43,3823.01
6748,225,2026-09-10T16:55:00,1,26.4171,186752.33,10720.4,7008.71,187480.52
6749,248,2026-09-25T11:42:00,1,12.1774,85742.51,4516.57,2336.52,84291.64
6750,110,2026-09-18T14:14:00,1,19.8326,143250.44,178.66,4958.01,139927.76
6751,163,2026-09-15T16:42:00,1,45.0083,3995.16,225.26,110.57,4378.61
6752,73,2026-09-11T09:39:00,1,10.0421,75796.37,3446.15,2647.2,75140.23
6753,487,2026-09-12T11:34:00,1,139.4639,12848.5,1146.08,434.89,13934.72
6754,143,2026-09-17T12:23:00,1,12.2929,92824.15,3984.1,2939.84,92374.57
6755,377,2026-09-17T11:39:00,1,10.3794,81237.51,6226.21,3097.13,79835.86
6756,324,2026-09-29T20:21:00,1,11.2024,88286.72,7325.85,2503.06,88269.97
6757,373,2026-09-16T11:44:00,1,191.6333,17736.96,1653.18,596.42,19140.35
6758,479,2026-09-09T12:36:00,1,24.1015,187357.62,13101.61,6752.25,187108.32
6759,269,2026-09-13T18:51:00,1,4.0936,29040.53,1691.8,816.09,28237.31
6760,282,2026-09-10T13:17:00,1,41.6824,296190.4,18437.23,8667.46,295739.41
6761,73,2026-09-22T12:20:00,1,10.0421,75667.66,3184.49,2504.21,75140.23
6762,385,2026-09-25T11:45:00,1,45.0218,4304.67,528.69,147.5,4324.75
6763,128,2026-09-20T15:42:00,1,11.2314,81181.62,102.82,2839.97,79829.9
6764,242,2026-09-13T16:15:00,1,137.6048,12558.59,1027.31,477.62,13734.42
6765,177,2026-09-28T13:57:00,1,21.5109,151757.1,8539.03,4340.83,149601.12
6766,2,2026-09-13T10:26:00,1,5.3919,38235.65,2213.17,1006.49,37773.68
6767,226,2026-09-07T10:16:00,1,13.4675,94230.61,4474.03,3352.55,93023.91
6768,368,2026-09-29T20:12:00,1,6.4593,48597.35,1915.34,1476.99,48411.74
6769,136,2026-09-29T15:13:00,1,27.1123,193430.78,11817.68,5801.98,190610.02
6770,214,2026-09-06T15:11:00,1,15.0718,109035.87,159.75,3528.48,107549.49
6771,472,2026-09-07T13:17:00,1,13.3279,93206.37,4380.18,2934.13,91782.23
6772,142,2026-09-12T20:58:00,1,6.2076,43695.08,2415.04,1519.39,43188.45
6773,470,2026-09-21T13:59:00,1,11.707,88442.42,4078.38,2494.37,87563.24
6774,79,2026-09-03T13:56:00,1,19.4648,136217.29,6237.0,4301.74,134335.63
6775,307,2026-09-09T16:41:00,1,20.694,161521.91,11902.43,5308.52,159864.7
6776,154,2026-09-06T17:34:00,1,24.6383,173741.45,9080.98,4628.03,170050.2
6777,382,2026-09-10T13:24:00,1,52.9414,4933.04,495.49,165.78,5290.2
6778,127,2026-09-17T11:39:00,1,3.0645,24124.64,1977.68,730.95,24453.74
6779,60,2026-09-04T16:41:00,1,6.9398,49474.92,3041.69,1524.85,48655.45
6780,325,2026-09-06T13:11:00,1,16.9172,120005.0,6945.49,4086.89,119145.47
6781,313,2026-09-20T11:16:00,1,10.3132,73286.34,4215.64,2805.47,71776.08
6782,235,2026-09-24T18:39:00,1,8.0469,58162.26,75.71,1648.58,57915.77
6783,282,2026-09-29T18:51:00,1,41.6824,296703.69,17492.05,10499.7,295739.41
6784,64,2026-09-12T16:20:00,1,3.1873,22403.88,1208.59,574.14,22434.36
6785,432,2026-09-04T19:04:00,1,12.1559,94838.52,6945.04,3619.43,95091.3
6786,425,2026-09-17T18:11:00,1,11.6469,87689.93,3518.48,2556.85,87666.76
6787,487,2026-09-22T16:52:00,1,139.4639,12890.13,1204.45,338.03,13934.72
6788,472,2026-09-18T12:04:00,1,13.3279,93515.56,4358.31,2782.16,91782.23
6789,14,2026-09-24T15:19:00,1,37.31,264114.0,15680.14,7235.67,262318.39
6790,480,2026-09-08T19:52:00,1,23.4422,165895.34,9340.59,5383.13,166738.59
6791,203,2026-09-06T19:04:00,1,3.5736,28220.81,2405.73,991.49,27946.28
6792,489,2026-09-09T15:47:00,1,9.8667,74577.77,3240.64,1921.84,72383.18
6793,396,2026-09-19T15:51:00,1,24.6006,2180.09,120.28,76.05,2384.32
6794,460,2026-09-20T16:58:00,1,20.4061,159864.22,12553.81,4588.43,160633.54
6795,165,2026-09-20T10:33:00,1,34.0778,241404.24,13174.65,8689.16,240866.27
6796,485,2026-09-16T09:24:00,1,12.8272,90676.33,4969.6,3133.84,90681.68
6797,180,2026-09-01T13:28:00,1,21.5984,153590.51,8934.79,5602.01,151997.74
6798,46,2026-09-12T11:20:00,1,3.1675,24946.89,2092.36,671.33,25049.19
6799,2,2026-09-05T15:02:00,1,5.3919,38122.47,2254.74,1069.14,37773.68
6800,1,2026-09-30T16:10:00,1,4.1528,32735.63,2764.12,860.12,33069.85
6801,298,2026-09-30T17:14:00,1,12.0285,90900.66,4088.81,2956.68,89873.29
6802,340,2026-09-05T17:25:00,1,165.8251,15111.72,1223.87,420.26,15123.51
6803,472,2026-09-03T17:18:00,1,13.3279,93444.69,4444.84,3231.86,91782.23
6804,76,2026-09-12T15:48:00,1,36.1511,254178.44,13776.52,8010.38,253596.23
6805,201,2026-09-20T16:32:00,1,18.3302,129874.1,7111.07,4383.14,129569.1
6806,466,2026-09-09T19:04:00,1,4.9899,39335.58,3258.15,1475.96,39724.52
6807,153,2026-09-03T13:25:00,1,36.3674,3464.65,417.06,100.65,3846.81
6808,8,2026-09-21T11:15:00,1,4.5632,36062.45,3178.71,1311.95,35365.16
6809,376,2026-09-28T20:22:00,1,28.2449,199994.34,11941.77,6203.06,199320.81
6810,309,2026-09-12T14:47:00,1,20.9922,163228.61,11763.17,5650.86,163877.64
6811,319,2026-09-23T14:42:00,1,72.4721,7011.76,933.52,204.03,7444.73
6812,250,2026-09-23T16:44:00,1,77.1732,7386.9,914.38,273.77,8120.8
6813,407,2026-09-20T09:21:00,1,9.1757,64666.47,3213.96,2146.33,63145.55
6814,167,2026-09-16T18:41:00,1,12.0913,85002.93,4213.22,2686.61,82941.57
6815,285,2026-09-28T15:01:00,1,15.0484,106289.07,6097.88,3251.53,104994.48
6816,250,2026-09-10T14:37:00,1,77.1732,7435.47,966.81,199.84,8120.8
6817,117,2026-09-20T10:20:00,1,31.0203,2747.55,148.05,93.99,2761.05
6818,3,2026-09-25T18:03:00,1,15.4507,120159.31,8863.9,4378.76,119964.69
6819,127,2026-09-11T09:55:00,1,3.0645,24426.89,2348.12,760.92,24453.74
6820,72,2026-09-17T15:39:00,1,10.2814,72056.16,3494.54,2353.33,71406.0
6821,336,2026-09-13T18:26:00,1,106.314,9746.96,837.85,251.4,10623.18
6822,114,2026-09-12T15:01:00,1,22.4097,174620.65,12927.49,5516.34,172028.36
6823,482,2026-09-16T11:05:00,1,14.7715,104116.42,5418.57,2774.51,101157.77
6824,32,2026-09-03T11:42:00,1,9.8569,69271.72,3450.2,1888.21,68990.65
6825,74,2026-09-13T10:33:00,1,7.7284,58150.58,2379.51,1976.49,57947.77
6826,12,2026-09-29T14:37:00,1,28.8297,204697.05,11579.86,7479.42,201674.99
6827,157,2026-09-02T18:40:00,1,5.5603,44011.83,3893.54,1680.29,43921.22
6828,125,2026-09-11T11:51:00,1,21.1855,165105.46,12470.5,4734.75,163495.59
6829,147,2026-09-21T20:37:00,1,27.792,196244.88,11075.4,6965.3,193824.6
6830,176,2026-09-02T15:58:00,1,79.6742,7689.77,1017.85,268.0,8259.16
6831,363,2026-09-30T16:57:00,1,13.8933,108377.23,8106.78,3848.27,109183.11
6832,120,2026-09-16T20:51:00,1,3.0118,24037.71,2266.58,692.9,23993.62
6833,387,2026-09-12T14:04:00,1,11.9529,90242.9,3998.9,3176.45,89528.73
6834,92,2026-09-06T20:35:00,1,13.6036,96097.63,5183.27,3614.15,94779.98
6835,442,2026-09-10T19:03:00,1,22.5468,175794.85,13309.76,6284.98,176097.65
6836,46,2026-09-22T11:54:00,1,3.1675,24918.28,2055.49,741.45,25049.19
6837,84,2026-09-28T11:39:00,1,13.5748,95112.53,4732.46,3349.8,95250.75
6838,146,2026-09-19T15:20:00,1,45.6533,4059.29,236.74,147.95,4068.27
6839,467,2026-09-06T16:16:00,1,3.5951,28171.21,2200.82,946.25,27521.95
6840,361,2026-09-28T18:03:00,1,4.8008,37998.06,3417.56,1427.79,37516.15
6841,76,2026-09-02T14:17:00,1,36.1511,256906.87,16155.0,8762.86,253596.23
6842,22,2026-09-15T10:21:00,1,13.9576,104641.37,4020.61,3429.25,103466.89
6843,305,2026-09-23T11:26:00,1,24.7258,191900.58,13595.67,5229.28,193566.58
6844,301,2026-09-24T12:53:00,1,33.2508,3109.94,320.53,115.0,3387.51
6845,370,2026-09-18T12:43:00,1,9.1394,66019.84,88.48,2287.7,65469.82
6846,500,2026-09-20T12:21:00,1,31.1716,222828.71,14062.84,6774.32,215660.52
6847,87,2026-09-20T11:46:00,1,5.8771,41891.37,2530.61,1110.13,41296.96
6848,232,2026-09-24T17:22:00,1,38.8965,3444.58,181.55,100.14,3434.48
6849,76,2026-09-01T13:56:00,1,36.1511,256996.05,14873.33,7388.55,253596.23
6850,217,2026-09-03T17:31:00,1,32.1275,2985.86,293.58,99.32,3280.44
6851,101,2026-09-15T15:57:00,1,6.4304,45253.0,2388.98,1262.48,45056.51
6852,185,2026-09-20T12:44:00,1,138.7501,12824.53,1197.27,359.27,13875.63
6853,271,2026-09-02T18:04:00,1,4.3867,34590.4,2939.79,1200.71,34477.91
6854,258,2026-09-03T09:15:00,1,20.9309,148208.52,8438.04,5322.04,145290.21
6855,108,2026-09-27T09:32:00,1,16.1291,114020.62,5913.88,3907.53,111090.06
6856,435,2026-09-12T19:19:00,1,21.1293,164604.54,12149.88,4396.84,164260.83
6857,133,2026-09-14T09:42:00,1,14.5876,114194.84,9019.85,4187.78,113852.94
6858,97,2026-09-22T12:05:00,1,12.0171,83996.2,3798.76,2800.65,83643.95
6859,119,2026-09-16T20:10:00,1,3.7223,26683.66,1812.59,867.64,26552.84
6860,365,2026-09-30T15:31:00,1,7.5425,54504.47,68.89,1800.2,53978.26
6861,386,2026-09-24T16:50:00,1,6.0161,42673.3,2614.26,1364.82,42664.58
6862,247,2026-09-15T16:24:00,1,21.3958,150328.88,7707.9,4648.96,150400.66
6863,166,2026-09-12T09:13:00,1,42.0913,297046.8,17143.02,8862.26,293157.89
6864,134,2026-09-29T14:51:00,1,8.2685,59847.62,90.34,1617.0,59124.2
6865,458,2026-09-23T20:46:00,1,5.2364,37059.53,2238.62,1118.65,36647.98
6866,60,2026-09-04T18:13:00,1,6.9398,49432.19,2998.96,1353.86,48655.45
6867,306,2026-09-11T09:34:00,1,28.0255,197695.84,10375.92,5655.78,196973.59
6868,329,2026-09-24T12:12:00,1,18.6736,146562.23,11766.85,4112.45,143626.71
6869,347,2026-09-29T20:04:00,1,8.607,64727.77,2524.12,1959.62,64522.39
6870,166,2026-09-21T09:29:00,1,42.0913,298190.42,17749.14,8917.51,293157.89
6871,12,2026-09-05T11:51:00,1,28.8297,202464.22,10684.73,5228.08,201674.99
6872,424,2026-09-14T20:06:00,1,17.9523,126743.12,6807.39,3958.47,124501.49
6873,170,2026-09-21T13:19:00,1,3.1856,25233.68,2277.32,887.05,24560.11
6874,435,2026-09-17T15:18:00,1,21.1293,165320.74,12620.56,4564.83,164260.83
6875,300,2026-09-08T11:29:00,1,18.9634,133592.66,6948.82,3855.98,132207.48
6876,371,2026-09-29T12:03:00,1,3.5364,28199.4,2641.48,930.86,27587.51
6877,94,2026-09-19T14:52:00,1,58.6439,5583.28,673.03,174.15,6179.76
6878,256,2026-09-30T09:10:00,1,3.4873,27285.1,2116.63,757.08,26890.68
6879,123,2026-09-24T17:39:00,1,7.2724,51506.4,3082.11,1950.01,50807.76
6880,110,2026-09-15T14:34:00,1,19.8326,143170.63,196.82,3869.79,139927.76
6881,97,2026-09-18T17:38:00,1,12.0171,84396.49,4007.86,3226.09,83643.95
6882,475,2026-09-03T20:37:00,1,4.7599,33724.12,1938.89,1247.67,33455.21
6883,160,2026-09-27T15:43:00,1,41.4832,3984.38,508.09,150.54,4277.48
6884,386,2026-09-11T20:44:00,1,6.0161,42677.64,2466.57,1129.27,42664.58
6885,311,2026-09-09T19:18:00,1,6.7935,51210.48,2092.86,1846.2,51184.74
6886,159,2026-09-14T12:52:00,1,106.8915,9787.23,812.62,290.82,9855.57
6887,312,2026-09-01T14:10:00,1,22.4573,157529.7,7121.48,4179.05,159340.48
6888,162,2026-09-28T20:33:00,1,11.2042,78248.62,3651.84,2880.6,78313.61
6889,199,2026-09-16T16:56:00,1,19.2605,136066.85,7375.12,4058.46,135549.94
6890,5,2026-09-26T16:38:00,1,4.2729,33606.78,2733.28,1113.24,33053.93
6891,366,2026-09-12T19:19:00,1,20.7568,1850.97,109.27,50.34,2026.31
6892,199,2026-09-15T18:43:00,1,19.2605,136348.84,7961.43,4797.05,135549.94
6893,401,2026-09-08T19:21:00,1,6.8381,48360.49,2693.4,1326.7,48170.62
6894,480,2026-09-02T20:01:00,1,23.4422,165456.48,9340.8,6157.81,166738.59
6895,32,2026-09-26T16:30:00,1,9.8569,69353.08,3581.83,2366.69,68990.65
6896,478,2026-09-23T12:17:00,1,4.5452,35660.89,2884.13,1202.88,35575.85
6897,373,2026-09-28T10:26:00,1,191.6333,17574.19,1509.57,601.27,19140.35
6898,54,2026-09-08T16:37:00,1,23.9682,187773.46,14851.53,4837.23,187282.13
6899,329,2026-09-05T15:56:00,1,18.6736,146590.69,11880.65,5152.03,143626.71
6900,143,2026-09-12T16:22:00,1,12.2929,92616.33,3919.12,3370.38,92374.57
6901,154,2026-09-21T19:55:00,1,24.6383,172227.46,8070.1,5517.53,170050.2
6902,108,2026-09-28T15:31:00,1,16.1291,112608.78,5222.36,3692.2,111090.06
6903,366,2026-09-29T14:43:00,1,20.7568,1842.83,103.83,68.89,2026.31
6904,29,2026-09-14T17:04:00,1,13.1621,103437.81,8540.52,3166.04,103492.16
6905,184,2026-09-12T14:23:00,1,14.3522,112585.06,9029.34,3040.43,110630.79
6906,445,2026-09-14T15:26:00,1,56.0557,5402.97,696.53,143.91,5771.96
6907,299,2026-09-19T18:15:00,1,2.7577,19725.59,1338.13,752.5,19335.39
6908,224,2026-09-30T15:40:00,1,48.1507,4543.62,505.22,138.88,4971.13
6909,8,2026-09-11T10:44:00,1,4.5632,36114.55,3238.11,1095.8,35365.16
6910,220,2026-09-04T12:37:00,1,39.659,3536.54,212.72,93.78,3876.63
6911,178,2026-09-14T13:58:00,1,4.4698,32068.02,2206.18,897.85,31553.38
6912,197,2026-09-30T15:38:00,1,3.3083,25995.4,2118.8,714.92,26110.51
6913,215,2026-09-03T11:41:00,1,40.8508,3922.67,499.37,104.51,4327.85
6914,378,2026-09-14T20:57:00,1,22.3074,157469.01,8437.73,4940.34,157085.33
6915,166,2026-09-18T15:37:00,1,42.0913,300449.32,18878.73,10382.45,293157.89
6916,260,2026-09-18T17:40:00,1,24.8355,174489.55,8351.98,5542.87,174878.99
6917,323,2026-09-14T15:59:00,1,11.8931,89736.05,3988.11,2395.19,89431.89
6918,120,2026-09-02T09:16:00,1,3.0118,23774.49,2043.96,759.16,23993.62
6919,377,2026-09-07T11:11:00,1,10.3794,80902.36,6088.99,2977.26,79835.86
6920,406,2026-09-12T15:16:00,1,17.4692,126231.52,185.65,4413.9,124975.1
6921,72,2026-09-08T16:18:00,1,10.2814,71904.33,3241.75,1951.66,71406.0
6922,216,2026-09-19T10:31:00,1,3.2471,25924.92,2462.41,917.92,25710.38
6923,206,2026-09-07T10:36:00,1,25.6022,182400.68,11770.21,6427.85,179409.86
6924,440,2026-09-17T19:41:00,1,4.4772,31776.88,1920.63,912.62,31473.28
6925,9,2026-09-27T12:51:00,1,3.5458,28114.91,2494.06,959.9,28130.5
6926,205,2026-09-01T12:00:00,1,9.4979,71653.72,2990.74,1971.82,71377.12
6927,220,2026-09-07T19:47:00,1,39.659,3521.26,192.28,111.35,3876.63
6928,187,2026-09-16T20:18:00,1,12.717,99487.41,7561.18,3045.55,99284.23
6929,90,2026-09-25T10:00:00,1,25.9884,184499.21,11150.86,5453.83,184228.33
6930,426,2026-09-10T20:02:00,1,38.3169,3706.46,494.74,134.65,3943.04
6931,117,2026-09-28T09:13:00,1,31.0203,2763.12,162.69,87.32,2761.05
6932,401,2026-09-05T20:28:00,1,6.8381,48118.57,2630.5,1554.43,48170.62
6933,162,2026-09-28T20:50:00,1,11.2042,78671.0,4074.22,2397.58,78313.61
6934,173,2026-09-05T14:53:00,1,17.1759,120488.86,6232.2,3438.11,120399.88
6935,220,2026-09-03T11:00:00,1,39.659,3506.48,183.06,112.87,3876.63
6936,130,2026-09-27T15:54:00,1,2.9689,23565.69,2113.34,604.28,22836.34
6937,440,2026-09-22T17:42:00,1,4.4772,31742.88,1863.79,1049.37,31473.28
6938,220,2026-09-05T12:58:00,1,39.659,3526.13,204.69,115.64,3876.63
6939,345,2026-09-22T10:41:00,1,6.9195,49153.22,2975.18,1705.13,49066.3
6940,494,2026-09-06T16:50:00,1,3.4802,24825.44,1566.88,660.51,24604.21
6941,321,2026-09-01T15:27:00,1,3.0001,23759.35,2070.79,671.83,23799.06
6942,204,2026-09-13T18:19:00,1,23.1628,2160.09,219.05,73.3,2203.47
6943,257,2026-09-06T11:26:00,1,3.6998,26208.2,1482.03,889.0,26155.07
6944,452,2026-09-11T09:12:00,1,17.8714,127079.18,7628.35,3708.49,127221.62
6945,107,2026-09-22T11:42:00,1,29.1472,205573.79,11056.74,5392.28,203805.95
6946,353,2026-09-20T12:31:00,1,5.7849,40954.53,2211.26,1569.08,40383.57
6947,191,2026-09-07T19:47:00,1,10.7173,77352.76,103.85,2661.92,77465.39
6948,59,2026-09-22T20:21:00,1,17.543,126789.08,164.93,4398.86,125433.89
6949,68,2026-09-28T14:26:00,1,19.087,134607.53,7527.62,5087.7,132429.93
6950,241,2026-09-27T09:52:00,1,21.0662,148559.87,7361.77,5003.7,146917.66
6951,429,2026-09-27T14:25:00,1,11.4674,86737.64,3877.76,2497.52,86977.22
6952,268,2026-09-15T10:08:00,1,7.2654,52449.95,73.46,1648.91,52415.61
6953,373,2026-09-28T13:54:00,1,191.6333,17681.35,1616.73,527.27,19140.35
6954,455,2026-09-20T10:32:00,1,21.0382,148561.47,7662.12,4833.47,146482.23
6955,189,2026-09-06T17:15:00,1,10.9377,77502.99,4405.14,2578.7,76878.67
6956,271,2026-09-17T20:04:00,1,4.3867,35018.43,3316.01,1304.06,34477.91
6957,174,2026-09-04T16:26:00,1,36.7959,260959.81,14763.59,8239.83,261235.38
6958,143,2026-09-19T10:26:00,1,12.2929,92435.14,3610.58,2839.56,92374.57
6959,456,2026-09-12T11:32:00,1,2.4701,19409.01,1586.45,705.34,18869.74
6960,479,2026-09-06T15:06:00,1,24.1015,189892.99,15787.85,6570.33,187108.32
6961,447,2026-09-19T20:59:00,1,35.9406,255204.96,15564.54,8677.94,250465.93
6962,301,2026-09-22T11:36:00,1,33.2508,3139.51,353.43,116.11,3387.51
6963,163,2026-09-18T13:12:00,1,45.0083,4012.76,241.06,132.54,4378.61
6964,357,2026-09-28T14:29:00,1,43.877,4138.45,460.24,119.51,4465.7
6965,257,2026-09-27T15:04:00,1,3.6998,26369.56,1571.32,813.2,26155.07
6966,384,2026-09-29T15:21:00,1,139.1589,12713.6,1054.87,413.72,13806.42
6967,333,2026-09-11T09:45:00,1,52.5275,4978.53,569.37,174.4,5479.96
6968,476,2026-09-19T18:22:00,1,15.7836,111151.85,5911.86,3837.77,110559.0
6969,383,2026-09-13T11:13:00,1,62.5518,6029.21,787.37,194.14,6362.59
6970,301,2026-09-23T14:59:00,1,33.2508,3131.3,342.56,109.87,3387.51
6971,403,2026-09-19T09:59:00,1,49.0885,4626.26,516.08,141.15,5031.23
6972,63,2026-09-19T19:29:00,1,12.9209,90928.17,4775.74,2428.97,91101.24
6973,18,2026-09-14T14:42:00,1,66.0832,6322.77,774.42,207.34,6273.83
6974,123,2026-09-14T17:02:00,1,7.2724,51223.49,2638.04,1659.51,50807.76
6975,497,2026-09-15T09:57:00,1,3.6197,28275.96,2181.43,965.98,28234.23
6976,457,2026-09-29T12:35:00,1,28.4822,2520.78,134.54,84.98,2518.59
6977,499,2026-09-18T09:48:00,1,13.2935,103237.24,7338.33,2731.0,102010.86
6978,485,2026-09-19T16:27:00,1,12.8272,90516.84,4989.18,2776.06,90681.68
6979,118,2026-09-15T19:28:00,1,16.9789,118721.77,5543.14,3065.8,119673.31
6980,120,2026-09-10T15:23:00,1,3.0118,23928.69,2223.94,766.72,23993.62
6981,224,2026-09-16T18:40:00,1,48.1507,4474.74,433.45,151.24,4971.13
6982,371,2026-09-01T14:31:00,1,3.5364,27965.61,2399.98,951.94,27587.51
6983,429,2026-09-10T18:26:00,1,11.4674,86558.98,3918.36,3153.81,86268.38
6984,262,2026-09-16T16:12:00,1,7.1953,50686.26,2609.86,1466.67,50188.36
6985,320,2026-09-08T18:00:00,1,11.7703,88365.5,3447.02,2546.35,88241.28
6986,315,2026-09-24T15:57:00,1,42.8276,3828.13,235.32,111.26,3840.92
6987,294,2026-09-21T12:45:00,1,11.2674,1000.35,56.71,35.16,1099.9
6988,352,2026-09-02T17:27:00,1,5.1549,36496.71,2167.14,1176.06,36627.39
6989,285,2026-09-04T12:06:00,1,15.0484,105899.78,5213.04,2929.04,104994.48
6990,73,2026-09-19T15:08:00,1,10.0421,75967.8,3406.8,2355.53,75140.23
6991,168,2026-09-09T09:43:00,1,22.6916,2148.41,248.9,76.38,2348.48
6992,19,2026-09-19T09:54:00,1,12.8924,90319.32,4356.92,2372.0,88723.96
6993,50,2026-09-25T14:38:00,1,12.6872,95281.74,3892.54,2588.19,95672.47
6994,420,2026-09-15T09:04:00,1,5.4005,42915.78,3983.41,1105.78,42365.92
6995,487,2026-09-19T09:28:00,1,139.4639,12831.3,1153.99,487.17,13934.72
6996,112,2026-09-17T15:28:00,1,3.2447,25561.03,2111.78,759.13,25379.69
6997,487,2026-09-25T20:31:00,1,139.4639,12859.21,1162.37,433.02,13934.72
6998,151,2026-09-08T12:52:00,1,18.1146,129107.69,8132.41,4549.94,126093.84
6999,306,2026-09-21T13:06:00,1,28.0255,198374.74,11649.52,6486.31,196973.59
7000,112,2026-09-04T18:24:00,1,3.2447,25601.3,2140.43,759.59,25379.69
7001,266,2026-09-03T12:00:00,1,3.1433,24936.79,2210.73,684.17,25026.34
7002,186,2026-09-10T19:16:00,1,20.4986,143231.3,6637.65,4877.28,142115.47
7003,348,2026-09-26T10:06:00,1,9.5558,67246.95,3484.82,2030.07,66902.72
7004,48,2026-09-29T14:38:00,1,12.8521,90663.27,4572.84,2369.55,89903.22
7005,160,2026-09-28T11:42:00,1,41.4832,4000.03,522.49,131.99,4277.48
7006,308,2026-09-10T18:28:00,1,22.5917,159200.47,8659.32,4445.27,157919.72
7007,331,2026-09-20T20:43:00,1,6.1706,43912.31,2585.89,1455.57,43422.43
7008,122,2026-09-25T17:45:00,1,4.447,35314.89,3281.99,1015.67,34655.8
7009,239,2026-09-22T15:02:00,1,20.6013,144578.31,7093.27,4567.77,142380.11
7010,336,2026-09-13T17:36:00,1,106.314,9815.99,906.88,357.02,10623.18
7011,498,2026-09-11T12:49:00,1,29.3844,2625.1,158.57,95.34,2596.58
7012,443,2026-09-10T18:52:00,1,15.7014,121663.45,8510.21,3445.43,122985.45
7013,250,2026-09-18T13:42:00,1,77.1732,7340.93,873.82,231.26,8120.8
7014,373,2026-09-21T17:12:00,1,191.6333,17488.66,1439.37,565.92,19140.35
7015,217,2026-09-08T19:13:00,1,32.1275,2987.61,299.5,105.4,3280.44
7016,337,2026-09-20T20:00:00,1,6.8574,51861.05,2357.89,1871.28,51467.22
7017,97,2026-09-13T11:56:00,1,12.0171,84702.5,4418.06,2431.14,83643.95
7018,3,2026-09-16T17:05:00,1,15.4507,120257.41,8570.33,4515.37,119964.69
7019,295,2026-09-11T10:04:00,1,14.8897,104333.84,4812.43,2969.11,103325.4
7020,434,2026-09-16T16:53:00,1,133.699,12292.95,1071.59,323.59,13484.87
7021,239,2026-09-13T18:08:00,1,20.6013,145338.16,7703.96,4638.34,142380.11
7022,375,2026-09-26T17:38:00,1,4.191,29991.87,2026.96,1023.04,29365.44
7023,73,2026-09-25T11:33:00,1,10.0421,75249.43,2913.57,2145.67,75140.23
7024,237,2026-09-11T14:32:00,1,8.7772,61924.7,3258.69,1799.14,60919.31
7025,332,2026-09-25T09:13:00,1,6.9177,49135.53,2992.95,1407.7,48724.67
7026,222,2026-09-01T16:07:00,1,12.5433,94595.01,3915.98,3013.48,93042.29
7027,317,2026-09-28T18:30:00,1,14.7122,115053.51,9080.5,3337.53,114345.81
7028,353,2026-09-30T16:04:00,1,5.7849,40740.67,2163.54,1211.73,40383.57
7029,101,2026-09-30T15:30:00,1,6.4304,45404.92,2523.22,1497.24,45056.51
7030,138,2026-09-23T13:20:00,1,3.6759,28832.08,2324.1,994.36,29060.19
7031,123,2026-09-15T16:46:00,1,7.2724,51302.06,2825.41,1430.02,50807.76
7032,160,2026-09-26T17:34:00,1,41.4832,3955.97,477.6,142.33,4277.48
7033,78,2026-09-28T19:53:00,1,3.8207,30100.66,2579.89,1048.1,29669.02
7034,322,2026-09-19T17:23:00,1,36.3621,259149.78,16698.93,8980.09,257975.67
7035,57,2026-09-25T14:47:00,1,19.0088,137131.59,206.26,4948.03,135836.68
7036,231,2026-09-16T17:55:00,1,16.9595,133569.43,10975.82,4765.49,131187.83
7037,183,2026-09-03T20:26:00,1,18.2712,128702.55,6692.78,3999.58,129006.3
7038,265,2026-09-02T15:48:00,1,20.2554,1904.78,208.59,50.23,1896.91
7039,461,2026-09-28T18:34:00,1,4.6784,37294.6,3595.76,959.16,36331.05
7040,108,2026-09-17T18:14:00,1,16.1291,113467.83,5910.77,4346.26,111090.06
7041,138,2026-09-14T16:20:00,1,3.6759,28807.87,2305.04,759.8,29060.19
7042,272,2026-09-14T13:47:00,1,5.634,39947.57,2307.94,1493.97,39860.07
7043,397,2026-09-29T12:54:00,1,7.6603,54281.48,2968.58,1530.48,53492.63
7044,110,2026-09-25T13:39:00,1,19.8326,143059.3,199.93,3938.33,139927.76
7045,471,2026-09-12T16:03:00,1,4.1632,29422.91,1737.96,1042.96,29492.86
7046,180,2026-09-03T14:46:00,1,21.5984,152966.79,8738.94,5640.2,151997.74
7047,250,2026-09-28T11:25:00,1,77.1732,7401.15,931.72,279.72,8120.8
7048,103,2026-09-18T12:51:00,1,40.7114,289588.69,17248.97,10467.4,290443.66
7049,90,2026-09-09T11:29:00,1,25.9884,185807.73,11996.53,6514.24,185674.24
7050,49,2026-09-13T19:24:00,1,22.3665,2080.53,206.22,67.25,2270.99
7051,412,2026-09-06T19:24:00,1,3.3552,23998.01,1574.84,825.69,23469.55
7052,309,2026-09-30T16:26:00,1,20.9922,164005.83,12501.34,5743.27,163877.64
7053,385,2026-09-26T12:40:00,1,45.0218,4280.75,505.67,158.48,4324.75
7054,250,2026-09-01T19:17:00,1,77.1732,7340.86,872.2,240.22,8120.8
7055,250,2026-09-18T20:11:00,1,77.1732,7440.87,973.76,262.12,8120.8
7056,220,2026-09-17T12:58:00,1,39.659,3509.66,182.27,134.36,3876.63
7057,66,2026-09-26T18:17:00,1,14.0417,101600.71,143.53,2833.57,100611.13
7058,50,2026-09-25T20:14:00,1,12.6872,95687.98,4298.78,3629.12,95672.47
7059,75,2026-09-17T15:11:00,1,5.2811,37714.13,2497.06,965.95,37112.22
7060,185,2026-09-08T20:06:00,1,138.7501,12760.34,1151.12,367.61,13875.63
7061,484,2026-09-17T13:04:00,1,8.7331,65830.23,2716.64,1973.2,65989.44
7062,449,2026-09-18T17:56:00,1,12.1078,91307.3,3961.99,2709.47,89778.51
7063,490,2026-09-30T09:03:00,1,5.6869,40079.63,2156.03,1160.08,39431.19
7064,473,2026-09-08T12:57:00,1,4.9432,34929.16,1916.84,994.63,33998.85
7065,486,2026-09-06T12:20:00,1,25.5385,2270.24,127.82,70.65,2274.75
7066,355,2026-09-10T16:37:00,1,34.4809,3334.67,444.48,85.75,3345.31
7067,434,2026-09-25T16:06:00,1,133.699,12292.91,1079.57,374.54,13484.87
7068,227,2026-09-27T15:41:00,1,14.5655,114497.57,9251.78,3787.34,114409.44
7069,75,2026-09-03T14:03:00,1,5.2811,37497.04,2231.39,1334.04,37112.22
7070,280,2026-09-14T17:20:00,1,57.5885,5373.31,538.18,174.69,5785.46
7071,204,2026-09-10T16:24:00,1,23.1628,2194.47,252.96,62.09,2203.47
7072,28,2026-09-22T17:11:00,1,12.4734,94167.38,4135.25,3403.89,93249.78
7073,112,2026-09-01T17:28:00,1,3.2447,25598.21,2141.37,934.16,25379.69
7074,95,2026-09-17T13:25:00,1,30.4621,2866.36,310.59,97.27,3085.67
7075,249,2026-09-30T12:04:00,1,17.3609,122304.91,6532.19,3465.19,121096.77
7076,211,2026-09-07T13:24:00,1,6.0918,43966.7,57.8,1604.99,43932.92
7077,24,2026-09-04T11:32:00,1,6.8653,48663.9,2729.14,1709.37,48746.72
7078,410,2026-09-01T15:19:00,1,25.5672,2385.19,242.15,67.4,2604.67
7079,324,2026-09-02T19:31:00,1,11.2024,87569.14,6742.37,3149.62,86023.64
7080,151,2026-09-19T12:16:00,1,18.1146,127752.53,6970.17,3418.13,126093.84
7081,454,2026-09-21T19:02:00,1,40.6398,3826.83,423.25,140.02,4115.87
7082,123,2026-09-04T10:24:00,1,7.2724,51312.2,2653.59,1938.04,50807.76
7083,219,2026-09-08T11:33:00,1,78.5036,7230.17,661.77,225.03,7781.34
7084,146,2026-09-12T13:48:00,1,45.6533,4074.43,243.66,120.27,4068.27
7085,2,2026-09-18T15:09:00,1,5.3919,38284.5,2215.28,1202.42,37773.68
7086,88,2026-09-29T10:40:00,1,28.7165,203434.73,11075.82,5405.71,201704.8
7087,1,2026-09-17T09:24:00,1,4.1528,32809.81,2797.77,1019.25,33069.85
7088,389,2026-09-25T19:50:00,1,19.9391,141229.52,8231.34,3694.58,140278.17
7089,33,2026-09-06T13:26:00,1,20.5951,145375.69,7736.37,5379.62,144592.47
7090,315,2026-09-01T18:42:00,1,42.8276,3809.82,220.01,119.1,3840.92
7091,178,2026-09-07T10:58:00,1,4.4698,31805.67,2015.88,1072.42,31553.38
7092,439,2026-09-24T13:17:00,1,5.9325,42107.79,2605.41,1520.27,41926.14
7093,40,2026-09-01T17:34:00,1,47.2477,4424.88,464.58,148.76,4453.06
7094,154,2026-09-11T12:54:00,1,24.6383,174143.08,9462.9,6405.43,170050.2
7095,441,2026-09-05T09:55:00,1,5.6742,40507.98,2762.35,1260.26,40522.82
7096,95,2026-09-30T12:49:00,1,30.4621,2870.65,315.79,79.11,3085.67
7097,280,2026-09-19T13:54:00,1,57.5885,5362.65,540.76,155.55,5785.46
7098,445,2026-09-01T19:59:00,1,56.0557,5366.0,667.41,192.33,5771.96
7099,8,2026-09-22T17:23:00,1,4.5632,36108.14,3171.28,1003.65,35365.16
7100,13,2026-09-06T14:40:00,1,24.6984,173263.76,8201.64,5896.58,174080.63
7101,494,2026-09-24T16:06:00,1,3.4802,24592.41,1419.01,763.55,24604.21
7102,135,2026-09-18T19:12:00,1,22.9212,2142.67,221.87,80.36,2313.05
7103,414,2026-09-04T16:36:00,1,3.8752,30732.14,2712.43,818.44,29798.99
7104,405,2026-09-11T10:10:00,1,69.8843,6680.69,814.6,233.92,6821.81
7105,301,2026-09-30T11:18:00,1,33.2508,3141.17,352.43,102.62,3387.51
7106,401,2026-09-25T11:32:00,1,6.8381,48390.08,2778.45,1335.79,48170.62
7107,357,2026-09-29T19:11:00,1,43.877,4119.08,443.06,124.25,4465.7
7108,27,2026-09-17T14:08:00,1,5.6731,40428.19,2597.07,1552.14,40471.64
7109,60,2026-09-28T09:07:00,1,6.9398,48947.58,2742.88,1498.96,49434.24
7110,435,2026-09-06T14:02:00,1,21.1293,165101.74,12467.27,5135.56,164260.83
7111,453,2026-09-11T12:45:00,1,24.0131,188161.83,15154.89,5966.33,188274.4
7112,73,2026-09-09T12:56:00,1,10.0421,75979.33,3374.04,2528.73,75140.23
7113,320,2026-09-10T20:48:00,1,11.7703,88393.08,3569.59,2542.4,88241.28
7114,91,2026-09-12T16:16:00,1,9.0049,65055.11,81.87,2294.66,64892.0
7115,320,2026-09-13T12:35:00,1,11.7703,88942.06,4003.1,3174.39,88241.28
7116,123,2026-09-17T19:53:00,1,7.2724,51672.82,3176.75,1518.4,50807.76
7117,124,2026-09-16T12:38:00,1,16.7443,131370.63,10332.62,3959.67,128948.28
7118,312,2026-09-19T17:48:00,1,22.4573,157230.32,7492.23,5721.63,159340.48
7119,189,2026-09-24T09:33:00,1,10.9377,77006.94,4176.73,2159.72,76878.67
7120,219,2026-09-21T17:26:00,1,78.5036,7171.89,597.21,192.42,7781.34
7121,348,2026-09-08T09:32:00,1,9.5558,67381.72,3564.93,2234.51,66902.72
7122,170,2026-09-26T13:59:00,1,3.1856,24889.31,1872.01,947.66,24560.11
7123,357,2026-09-17T14:37:00,1,43.877,4151.2,469.92,141.38,4465.7
7124,15,2026-09-27T12:29:00,1,47.6096,4448.16,458.48,145.59,4522.17
7125,261,2026-09-06T16:16:00,1,3.9864,31183.42,2386.34,1043.49,31349.87
7126,154,2026-09-09T18:06:00,1,24.6383,173354.25,8572.56,5970.87,170050.2
7127,369,2026-09-03T13:54:00,1,3.836,27141.4,1525.7,863.11,27004.67
7128,380,2026-09-01T14:25:00,1,27.6089,2439.24,125.06,84.61,2674.7
7129,282,2026-09-22T17:25:00,1,41.6824,297043.03,18870.95,10219.44,295739.41
7130,175,2026-09-22T16:18:00,1,10.3823,73236.23,3948.81,2581.96,72571.72
7131,416,2026-09-09T09:28:00,1,5.6718,40246.75,2313.58,1238.88,38864.83
7132,73,2026-09-08T13:54:00,1,10.0421,75595.33,3145.19,2641.23,75140.23
7133,469,2026-09-26T09:35:00,1,3.5698,25239.22,1419.34,679.57,24986.32
7134,58,2026-09-18T18:13:00,1,55.451,5046.18,399.39,157.37,5047.45
7135,268,2026-09-21T11:50:00,1,7.2654,52424.2,67.62,1905.85,52415.61
7136,285,2026-09-22T09:19:00,1,15.0484,106653.47,6226.32,3583.76,104994.48
7137,116,2026-09-19T15:01:00,1,4.3399,34242.98,2884.25,1036.61,33403.12
7138,74,2026-09-13T16:28:00,1,7.7284,58297.43,2526.36,2021.14,57947.77
7139,198,2026-09-05T17:18:00,1,15.7741,1402.95,81.87,43.65,1402.87
7140,299,2026-09-30T10:27:00,1,2.7577,19519.58,1129.61,666.21,19335.39
7141,105,2026-09-13T14:09:00,1,3.087,24271.43,1994.46,642.94,23973.36
7142,139,2026-09-27T14:15:00,1,9.7207,73441.16,3202.4,1943.13,72292.83
7143,261,2026-09-13T17:14:00,1,3.9864,31558.79,2791.41,871.22,31349.87
7144,403,2026-09-20T18:48:00,1,49.0885,4577.04,463.42,129.43,5031.23
7145,190,2026-09-08T20:56:00,1,2.4559,19346.51,1628.08,528.86,19101.48
7146,452,2026-09-13T14:12:00,1,17.8714,126214.23,6818.09,4286.78,127221.62
7147,97,2026-09-20T12:18:00,1,12.0171,84945.46,4463.22,3084.33,83643.95
7148,375,2026-09-28T18:51:00,1,4.191,29612.12,1708.74,789.94,29365.44
7149,321,2026-09-16T14:17:00,1,3.0001,23767.57,2081.02,701.11,23637.09
7150,387,2026-09-16T16:54:00,1,11.9529,89999.59,3596.74,3305.57,89528.73
7151,247,2026-09-02T18:02:00,1,21.3958,150252.75,7765.28,4978.22,150400.66
7152,307,2026-09-14T13:23:00,1,20.694,161515.6,12314.14,4275.08,159864.7
7153,439,2026-09-26T18:30:00,1,5.9325,42195.81,2610.55,1544.81,41926.14
7154,240,2026-09-08T09:42:00,1,5.1622,38931.52,1688.11,1043.54,38618.57
7155,107,2026-09-25T16:13:00,1,29.1472,205908.79,11490.55,5327.24,203805.95
7156,483,2026-09-29T20:37:00,1,9.9881,70332.73,3426.94,2614.3,70426.37
7157,53,2026-09-30T09:18:00,1,39.5475,3496.84,179.99,128.25,3823.01
7158,432,2026-09-04T14:27:00,1,12.1559,95487.17,7593.69,3051.82,95091.3
7159,332,2026-09-21T16:54:00,1,6.9177,48734.66,2644.17,1381.46,48724.67
7160,380,2026-09-30T19:32:00,1,27.6089,2444.26,128.7,65.83,2674.7
7161,352,2026-09-26T10:43:00,1,5.1549,36461.18,2064.54,1242.25,36627.39
7162,383,2026-09-14T10:24:00,1,62.5518,6070.46,818.61,200.17,6362.59
7163,170,2026-09-17T12:19:00,1,3.1856,25077.29,2055.15,716.32,24560.11
7164,406,2026-09-03T14:28:00,1,17.4692,126463.69,161.37,3664.32,124975.1
7165,297,2026-09-30T10:09:00,1,28.6626,203692.36,12553.23,6385.85,201924.16
7166,204,2026-09-11T17:53:00,1,23.1628,2190.24,245.95,75.53,2203.47
7167,37,2026-09-18T18:53:00,1,3.501,24951.71,1531.7,907.37,24874.3
7168,64,2026-09-06T18:41:00,1,3.1873,22665.12,1364.04,800.17,22434.36
7169,452,2026-09-18T11:16:00,1,17.8714,127070.43,7519.34,4736.04,127221.62
7170,308,2026-09-22T15:01:00,1,22.5917,160413.27,9645.07,5388.9,157919.72
7171,339,2026-09-17T14:43:00,1,4.9004,34557.07,1878.7,1202.72,34103.43
7172,299,2026-09-25T16:45:00,1,2.7577,19594.42,1199.95,593.89,19335.39
7173,122,2026-09-02T16:57:00,1,4.447,35326.93,3241.25,1030.12,34655.8
7174,222,2026-09-07T18:25:00,1,12.5433,94122.48,3712.0,2796.1,93042.29
7175,264,2026-09-01T18:53:00,1,10.9703,77636.72,4162.92,2109.99,77272.76
7176,136,2026-09-09T10:17:00,1,27.1123,192823.08,11495.2,7211.81,190610.02
7177,399,2026-09-10T20:17:00,1,14.9726,112215.37,4314.28,2957.62,112332.36
7178,21,2026-09-26T11:15:00,1,5.716,40401.69,2261.05,1246.47,40047.33
7179,413,2026-09-28T15:19:00,1,9.2313,69740.08,3246.38,1830.8,69692.43
7180,414,2026-09-02T16:10:00,1,3.8752,30642.62,2682.55,1173.48,29798.99
7181,312,2026-09-14T20:35:00,1,22.4573,157930.6,7897.87,4369.15,159340.48
7182,269,2026-09-22T13:09:00,1,4.0936,29086.99,1767.9,1023.55,28237.31
7183,242,2026-09-30T18:45:00,1,137.6048,12577.05,1036.14,365.02,13734.42
7184,260,2026-09-19T14:07:00,1,24.8355,174848.84,9253.67,5817.2,174878.99
7185,425,2026-09-28T20:12:00,1,11.6469,87726.35,3832.91,2915.67,87666.76
7186,433,2026-09-14T14:17:00,1,2.1387,16784.33,1364.54,606.71,16424.51
7187,238,2026-09-24T16:53:00,1,17.9613,129849.05,195.41,4169.68,129748.96
7188,299,2026-09-23T20:15:00,1,2.7577,19697.79,1359.69,672.43,19335.39
7189,355,2026-09-16T20:20:00,1,34.4809,3341.66,447.68,124.48,3345.31
7190,101,2026-09-19T19:45:00,1,6.4304,45573.97,2698.12,1250.04,45056.51
7191,315,2026-09-02T16:29:00,1,42.8276,3813.2,226.82,131.45,3840.92
7192,65,2026-09-18T09:49:00,1,7.9839,60060.44,2464.82,2087.0,59216.13
7193,338,2026-09-04T20:01:00,1,10.8588,81972.53,3457.76,3072.6,80139.62
7194,137,2026-09-02T15:50:00,1,19.0534,149963.44,12490.68,4141.98,148363.19
7195,33,2026-09-02T10:26:00,1,20.5951,144065.74,6910.61,4058.69,144592.47
7196,363,2026-09-13T11:30:00,1,13.8933,109173.36,8914.03,3444.43,109183.11
7197,414,2026-09-01T16:36:00,1,3.8752,30693.81,2678.9,1174.95,29798.99
7198,376,2026-09-24T15:13:00,1,28.2449,200382.78,12310.16,5392.92,199320.81
7199,395,2026-09-11T13:11:00,1,3.4824,27288.04,2198.43,1003.62,26609.85
7200,371,2026-09-15T09:44:00,1,3.5364,27799.81,2305.8,968.13,27587.51
7201,157,2026-09-07T16:58:00,1,5.5603,43979.25,3901.33,1480.0,43921.22
7202,383,2026-09-14T11:54:00,1,62.5518,5996.75,744.9,163.92,6362.59
7203,470,2026-09-15T13:15:00,1,11.707,87793.68,3397.57,3077.13,87563.24
7204,39,2026-09-13T18:04:00,1,38.8962,3659.38,399.88,140.11,3941.11
7205,170,2026-09-17T16:08:00,1,3.1856,25013.67,1991.53,775.15,24560.11
7206,178,2026-09-14T16:57:00,1,4.4698,31693.9,1832.06,926.07,31553.38
7207,274,2026-09-06T12:27:00,1,4.3282,34587.43,3321.25,905.27,33874.1
7208,330,2026-09-01T14:45:00,1,4.6319,32834.53,1812.29,1222.2,32282.12
7209,424,2026-09-23T11:25:00,1,17.9523,126694.01,7315.16,4318.74,124501.49
7210,484,2026-09-03T18:55:00,1,8.7331,65788.22,2647.91,1709.03,64838.82
7211,253,2026-09-08T19:03:00,1,12.2356,91872.6,3597.15,2510.77,91721.49
7212,435,2026-09-27T15:25:00,1,21.1293,165889.42,13215.65,5061.89,164260.83
7213,172,2026-09-10T20:40:00,1,27.5585,2452.04,142.09,72.95,2681.44
7214,96,2026-09-09T10:44:00,1,14.1124,98984.43,4600.28,3765.06,98136.12
7215,459,2026-09-14T14:14:00,1,6.8639,51894.32,2406.36,1512.85,51697.62
7216,374,2026-09-06T15:58:00,1,158.1349,14643.62,1377.68,468.7,15997.31
7217,40,2026-09-15T17:56:00,1,47.2477,4434.69,477.22,114.21,4453.06
7218,37,2026-09-08T14:28:00,1,3.501,24914.55,1533.72,803.42,24874.3
7219,120,2026-09-06T16:54:00,1,3.0118,23702.97,1946.24,721.53,23993.62
7220,298,2026-09-25T15:18:00,1,12.0285,90828.69,4184.28,3085.0,89873.29
7221,189,2026-09-11T10:20:00,1,10.9377,77539.04,4432.44,2117.38,76878.67
7222,65,2026-09-01T14:42:00,1,7.9839,60242.28,2524.43,2307.83,59216.13
7223,194,2026-09-16T11:39:00,1,3.7547,29511.14,2369.88,1119.64,29655.1
7224,198,2026-09-02T13:18:00,1,15.7741,1400.77,79.85,45.39,1402.87
7225,51,2026-09-05T19:37:00,1,62.6149,6036.32,792.32,181.08,6550.57
7226,311,2026-09-27T18:27:00,1,6.7935,51414.2,2326.47,1775.99,51014.29
7227,348,2026-09-06T15:38:00,1,9.5558,67496.48,3634.02,2002.62,66902.72
7228,81,2026-09-28T09:02:00,1,18.3862,128719.43,6305.4,3811.98,128128.95
7229,203,2026-09-21T10:23:00,1,3.5736,28097.37,2344.97,958.64,27946.28
7230,48,2026-09-16T16:44:00,1,12.8521,90641.54,4768.43,3424.34,89903.22
7231,192,2026-09-03T17:16:00,1,4.2888,30710.59,2071.23,865.11,30519.56
7232,314,2026-09-11T11:29:00,1,3.5003,27530.54,2311.96,999.07,26980.34
7233,427,2026-09-07T14:33:00,1,60.6339,5783.33,693.72,212.33,6272.72
7234,343,2026-09-01T16:27:00,1,12.5555,88633.7,4542.99,2977.43,87744.14
7235,367,2026-09-06T15:48:00,1,9.0261,65286.27,83.26,2455.11,65124.45
7236,49,2026-09-13T14:09:00,1,22.3665,2088.01,213.7,63.52,2270.99
7237,498,2026-09-23T14:15:00,1,29.3844,2620.34,155.87,81.55,2596.58
7238,81,2026-09-26T13:57:00,1,18.3862,128657.24,5973.3,4688.23,128128.95
7239,467,2026-09-25T17:06:00,1,3.5951,28209.72,2313.28,989.9,27521.95
7240,2,2026-09-04T11:37:00,1,5.3919,38133.9,2057.45,1313.51,37773.68
7241,383,2026-09-15T13:02:00,1,62.5518,5925.75,686.41,194.05,6362.59
7242,413,2026-09-27T19:16:00,1,9.2313,69689.35,2986.84,2568.78,69692.43
7243,132,2026-09-15T17:42:00,1,8.3701,58880.34,3086.59,2222.12,59029.06
7244,407,2026-09-30T20:56:00,1,9.1757,64634.61,3445.63,2256.45,63145.55
7245,65,2026-09-26T10:31:00,1,7.9839,60055.76,2368.73,1846.34,59216.13
7246,402,2026-09-30T09:33:00,1,3.1346,22182.65,1279.29,570.23,21687.27
7247,454,2026-09-01T18:38:00,1,40.6398,3798.49,392.06,123.59,4115.87
7248,464,2026-09-01T17:02:00,1,13.6974,106960.86,7938.52,3634.12,106073.58
7249,292,2026-09-04T13:45:00,1,17.0016,120564.35,6809.02,3383.66,121516.29
7250,447,2026-09-01T20:07:00,1,35.9406,255324.65,14611.76,6645.24,250465.93
7251,370,2026-09-24T20:14:00,1,9.1394,66071.34,98.58,1978.21,65469.82
7252,181,2026-09-21T15:51:00,1,19.7854,142777.9,198.57,5160.29,142839.21
7253,427,2026-09-19T10:49:00,1,60.6339,5817.63,740.75,196.2,6272.72
7254,126,2026-09-03T18:19:00,1,5.5909,39647.64,2313.23,1371.06,39847.32
7255,223,2026-09-01T10:10:00,1,5.2555,41959.07,3965.59,1590.18,41228.9
7256,485,2026-09-29T16:53:00,1,12.8272,90593.85,4670.21,2818.02,90736.48
7257,225,2026-09-25T11:45:00,1,26.4171,186766.66,10558.79,5990.21,187480.52
7258,365,2026-09-24T12:25:00,1,7.5425,54524.39,78.85,1790.83,53978.26
7259,414,2026-09-06T13:39:00,1,3.8752,30463.15,2469.36,1098.91,29798.99
7260,272,2026-09-27T18:57:00,1,5.634,40328.11,2565.72,1465.59,39860.07
7261,368,2026-09-24T11:24:00,1,6.4593,48619.45,1992.99,1291.24,48411.74
7262,3,2026-09-28T12:05:00,1,15.4507,120708.85,9416.38,3090.9,119964.69
7263,385,2026-09-27T15:43:00,1,45.0218,4287.13,514.3,133.5,4324.75
7264,188,2026-09-16T15:25:00,1,32.234,2873.51,168.11,105.62,2865.94
7265,188,2026-09-16T19:06:00,1,32.234,2877.87,172.47,107.53,2865.94
7266,114,2026-09-01T14:54:00,1,22.4097,174874.75,12868.75,5763.2,172028.36
7267,32,2026-09-10T19:48:00,1,9.8569,68949.19,3267.15,2207.53,68990.65
7268,209,2026-09-10T14:02:00,1,18.2845,128430.46,6590.6,3941.99,128197.36
7269,282,2026-09-13T18:56:00,1,41.6824,294734.59,16260.73,10276.98,295739.41
7270,172,2026-09-07T11:54:00,1,27.5585,2459.16,145.9,67.05,2681.44
7271,121,2026-09-01T13:57:00,1,5.6102,40084.76,2510.33,1101.98,39753.67
7272,387,2026-09-18T10:58:00,1,11.9529,90372.14,4144.28,2759.51,89528.73
7273,100,2026-09-14T18:23:00,1,3.7986,26775.19,1397.5,760.01,26721.43
7274,435,2026-09-27T13:20:00,1,21.1293,166447.8,13774.03,5034.53,164260.83
7275,291,2026-09-13T20:20:00,1,2.3094,18052.11,1386.6,634.48,18316.84
7276,455,2026-09-17T09:33:00,1,21.0382,147808.42,7514.97,4248.18,146482.23
7277,118,2026-09-12T13:53:00,1,16.9789,118579.12,5670.79,4273.52,119673.31
7278,76,2026-09-22T14:36:00,1,36.1511,256864.1,15605.76,8268.83,253596.23
7279,292,2026-09-30T09:27:00,1,17.0016,120531.58,7154.88,3995.11,121516.29
7280,326,2026-09-13T11:23:00,1,9.6607,67836.98,3295.29,2269.1,66077.72
7281,354,2026-09-30T16:27:00,1,3.0016,23652.33,1989.24,850.8,23185.98
7282,367,2026-09-06T12:05:00,1,9.0261,65286.75,83.74,2017.57,65124.45
7283,429,2026-09-06T13:07:00,1,11.4674,86486.11,3647.56,2469.43,86268.38
7284,284,2026-09-07T14:21:00,1,22.3956,157962.21,8702.7,5271.82,156051.35
7285,338,2026-09-16T09:10:00,1,10.8588,82201.68,3707.65,2968.4,80139.62
7286,481,2026-09-26T11:57:00,1,9.6978,70175.97,105.29,2560.2,70080.68
7287,275,2026-09-01T10:43:00,1,5.1673,38873.12,1517.26,1221.23,38494.77
7288,14,2026-09-14T09:08:00,1,37.31,263771.08,14510.43,7752.59,262318.39
7289,399,2026-09-13T13:29:00,1,14.9726,112993.04,4945.07,3719.03,112332.36
7290,120,2026-09-25T10:56:00,1,3.0118,23746.01,2051.23,672.81,23751.58
7291,447,2026-09-21T10:01:00,1,35.9406,253897.61,14436.53,7301.55,250465.93
7292,396,2026-09-07T20:07:00,1,24.6006,2180.26,115.29,62.47,2384.32
7293,441,2026-09-17T15:29:00,1,5.6742,40356.71,2518.25,1375.6,40522.82
7294,456,2026-09-19T15:40:00,1,2.4701,19497.76,1649.61,720.87,18869.74
7295,261,2026-09-24T19:08:00,1,3.9864,31241.06,2465.23,992.54,31349.87
7296,400,2026-09-02T19:55:00,1,27.1971,2561.02,283.53,68.76,2604.31
7297,34,2026-09-10T13:15:00,1,12.0678,84217.17,3802.66,2404.39,84501.09
7298,395,2026-09-15T09:50:00,1,3.4824,27711.19,2606.46,770.92,26609.85
7299,47,2026-09-21T16:50:00,1,4.4362,31347.93,1790.9,990.6,30937.05
7300,330,2026-09-25T20:59:00,1,4.6319,32691.41,1795.62,929.67,32282.12
7301,151,2026-09-05T12:39:00,1,18.1146,127551.12,7050.08,3611.01,126093.84
7302,70,2026-09-05T16:30:00,1,30.9727,2741.5,147.54,82.82,2987.25
7303,240,2026-09-25T14:28:00,1,5.1622,38731.33,1546.66,1217.68,38618.57
7304,359,2026-09-11T19:51:00,1,1.683,13120.53,995.04,503.01,12973.64
7305,278,2026-09-17T10:59:00,1,14.5841,114809.13,9410.71,3213.48,111708.45
7306,491,2026-09-10T09:14:00,1,28.3832,199975.58,10842.42,6225.1,196145.75
7307,379,2026-09-13T15:45:00,1,2.4927,19507.94,1519.67,556.91,19009.38
7308,409,2026-09-18T13:11:00,1,46.9191,4400.0,468.18,159.51,4393.04
7309,433,2026-09-26T19:18:00,1,2.1387,16708.55,1255.54,587.73,16424.51
7310,246,2026-09-11T18:49:00,1,84.5028,7823.3,730.13,262.95,7801.8
7311,299,2026-09-08T18:19:00,1,2.7577,19625.16,1208.33,628.75,19335.39
7312,238,2026-09-25T18:44:00,1,17.9613,129558.62,178.71,4776.81,129748.96
7313,384,2026-09-27T17:21:00,1,139.1589,12717.89,1056.37,421.58,13806.42
7314,129,2026-09-05T14:19:00,1,58.1956,5592.51,718.63,147.07,5491.03
7315,217,2026-09-03T20:41:00,1,32.1275,3036.18,343.9,105.42,3280.44
7316,254,2026-09-19T16:41:00,1,49.5838,4692.14,540.49,144.83,5015.91
7317,241,2026-09-17T18:33:00,1,21.0662,148748.71,8268.54,3937.91,146917.66
7318,420,2026-09-14T10:55:00,1,5.4005,42502.07,3565.06,1313.42,42365.92
7319,121,2026-09-28T13:49:00,1,5.6102,39914.37,2562.05,1337.75,39753.67
7320,339,2026-09-11T20:04:00,1,4.9004,34901.44,2147.61,1155.17,34103.43
7321,62,2026-09-23T11:14:00,1,4.7149,37340.73,3340.22,1313.59,37523.03
7322,336,2026-09-11T18:17:00,1,106.314,9852.97,928.97,258.75,10623.18
7323,245,2026-09-07T11:25:00,1,39.8096,3818.79,477.17,125.67,3805.28
7324,359,2026-09-07T15:56:00,1,1.683,13225.93,1095.08,470.96,12973.64
7325,443,2026-09-12T18:56:00,1,15.7014,122319.68,9029.05,4634.35,122985.45
7326,264,2026-09-22T16:35:00,1,10.9703,77350.84,4139.34,2065.22,77272.76
7327,334,2026-09-21T11:01:00,1,14.5628,102178.01,5150.59,3747.25,101921.6
7328,25,2026-09-18T09:06:00,1,12.8433,100693.29,8042.11,2736.7,100257.6
7329,396,2026-09-09T19:26:00,1,24.6006,2174.4,115.08,78.4,2384.32
7330,318,2026-09-02T14:31:00,1,17.6338,123476.41,6042.36,3666.34,121744.27
7331,172,2026-09-19T18:49:00,1,27.5585,2440.86,133.39,70.4,2681.44
7332,402,2026-09-25T16:06:00,1,3.1346,22047.64,1139.17,761.76,21687.27
7333,336,2026-09-23T09:42:00,1,106.314,9815.47,898.91,375.77,10623.18
7334,273,2026-09-01T14:32:00,1,5.1573,38769.39,1485.82,1124.09,38716.4
7335,370,2026-09-16T19:11:00,1,9.1394,66163.87,98.71,1924.91,65469.82
7336,259,2026-09-28T20:44:00,1,3.1863,25258.9,2307.76,853.91,24576.47
7337,314,2026-09-13T11:39:00,1,3.5003,27672.23,2412.74,957.69,26980.34
7338,159,2026-09-27T14:07:00,1,106.8915,9815.43,857.92,358.5,9855.57
7339,243,2026-09-04T14:04:00,1,15.8002,114404.39,160.73,3156.15,111419.59
7340,97,2026-09-21T12:48:00,1,12.0171,84034.26,3968.05,3130.2,83643.95
7341,500,2026-09-08T16:23:00,1,31.1716,220814.75,12640.52,8322.55,215660.52
7342,359,2026-09-15T12:16:00,1,1.683,13266.1,1133.3,424.13,12973.64
7343,480,2026-09-24T14:34:00,1,23.4422,165512.56,9419.39,4512.71,166738.59
7344,455,2026-09-16T10:00:00,1,21.0382,148280.66,7710.98,4188.52,146482.23
7345,160,2026-09-23T10:16:00,1,41.4832,3991.64,512.44,124.54,4277.48
7346,1,2026-09-16T19:40:00,1,4.1528,33165.73,3146.76,880.89,33069.85
7347,98,2026-09-28T15:05:00,1,6.3389,44744.58,2540.63,1692.75,43750.15
7348,499,2026-09-22T16:53:00,1,13.2935,104711.36,8759.81,3479.88,102010.86
7349,141,2026-09-13T15:38:00,1,2.1494,16878.11,1367.22,585.03,16856.21
7350,406,2026-09-16T11:50:00,1,17.4692,126464.34,186.31,3679.32,124975.1
7351,450,2026-09-29T10:48:00,1,10.9034,972.55,59.06,26.02,1046.78
7352,497,2026-09-06T15:27:00,1,3.6197,28402.01,2253.91,810.8,28234.23
7353,268,2026-09-22T20:03:00,1,7.2654,52518.3,77.15,1870.58,52415.61
7354,117,2026-09-05T18:23:00,1,31.0203,2748.34,150.39,77.3,2761.05
7355,381,2026-09-05T16:46:00,1,51.5308,4981.51,665.81,148.31,5266.72
7356,392,2026-09-29T20:00:00,1,61.6451,5886.58,721.95,166.28,5976.56
7357,254,2026-09-18T19:31:00,1,49.5838,4676.67,521.55,164.39,5015.91
7358,95,2026-09-17T13:51:00,1,30.4621,2871.88,316.11,97.5,3085.67
7359,246,2026-09-27T15:47:00,1,84.5028,7741.94,660.61,292.07,7801.8
7360,361,2026-09-03T13:39:00,1,4.8008,37857.56,3147.78,1152.75,37516.15
7361,372,2026-09-21T15:42:00,1,4.8056,34051.44,2033.22,960.9,34157.75
7362,495,2026-09-08T11:55:00,1,22.3137,156214.69,7196.44,5145.06,155842.43
7363,487,2026-09-15T13:14:00,1,139.4639,12760.11,1078.61,440.67,13934.72
7364,310,2026-09-28T10:40:00,1,30.6255,217439.29,13536.85,7189.26,214170.23
7365,322,2026-09-27T15:13:00,1,36.3621,258494.14,14773.89,9557.83,257975.67
7366,9,2026-09-02T11:45:00,1,3.5458,28140.9,2557.49,792.75,28130.5
7367,491,2026-09-04T19:04:00,1,28.3832,201324.69,11416.67,5292.6,196145.75
7368,206,2026-09-09T20:51:00,1,25.6022,181027.39,9799.11,5817.02,179409.86
7369,379,2026-09-28T17:06:00,1,2.4927,19623.3,1668.21,721.16,19653.06
7370,50,2026-09-07T12:55:00,1,12.6872,95703.2,4255.51,2895.84,95672.47
7371,495,2026-09-23T19:40:00,1,22.3137,156549.42,8168.22,5507.78,155842.43
7372,132,2026-09-20T16:59:00,1,8.3701,58937.24,2880.09,2211.14,59029.06
7373,334,2026-09-29T14:37:00,1,14.5628,102710.73,5161.09,3683.54,101921.6
7374,399,2026-09-18T20:03:00,1,14.9726,112700.17,4688.28,3549.87,112332.36
7375,178,2026-09-12T20:49:00,1,4.4698,31654.04,1930.23,1050.5,31553.38
7376,21,2026-09-16T18:58:00,1,5.716,40290.79,2098.54,1125.38,40047.33
7377,322,2026-09-13T10:20:00,1,36.3621,258534.7,15604.96,8608.41,257975.67
7378,156,2026-09-23T16:00:00,1,40.2472,3578.74,203.21,136.23,3905.61
7379,28,2026-09-22T20:52:00,1,12.4734,93726.09,3693.96,2696.06,93249.78
7380,57,2026-09-07T18:12:00,1,19.0088,137221.32,208.36,4199.8,135836.68
7381,253,2026-09-27T10:15:00,1,12.2356,92139.53,3728.88,2382.02,91721.49
7382,232,2026-09-25T10:23:00,1,38.8965,3458.48,196.23,112.25,3434.48
7383,267,2026-09-16T18:04:00,1,11.3594,79856.5,3957.08,2182.74,80167.77
7384,281,2026-09-09T14:04:00,1,13.5853,95683.46,4824.57,3215.46,94266.98
7385,384,2026-09-19T10:30:00,1,139.1589,12732.35,1080.58,393.37,13806.42
7386,233,2026-09-22T17:38:00,1,12.6163,95494.57,4431.0,2890.31,92727.37
7387,84,2026-09-05T11:44:00,1,13.5748,94786.83,4485.22,2873.76,95463.21
7388,292,2026-09-11T15:12:00,1,17.0016,120858.34,7221.18,4127.64,121516.29
7389,3,2026-09-26T17:49:00,1,15.4507,121217.66,9579.86,4294.45,119964.69
7390,463,2026-09-23T12:22:00,1,4.2011,33046.34,2750.99,1238.69,33199.55
7391,77,2026-09-18T16:06:00,1,5.0459,40183.08,3782.11,1299.83,40007.15
7392,198,2026-09-24T18:41:00,1,15.7741,1408.37,85.08,42.38,1402.87
7393,218,2026-09-10T17:42:00,1,41.5219,294068.54,17384.87,8117.79,288363.83
7394,165,2026-09-28T13:43:00,1,34.0778,241880.19,14992.58,7015.94,240866.27
7395,191,2026-09-11T17:15:00,1,10.7173,77312.0,97.18,2656.51,77465.39
7396,56,2026-09-25T17:22:00,1,175.6407,15998.36,1267.37,607.15,16189.86
7397,386,2026-09-22T17:30:00,1,6.0161,42338.62,2189.51,1379.94,42664.58
7398,168,2026-09-13T14:48:00,1,22.6916,2139.37,237.81,77.19,2348.48
7399,14,2026-09-24T19:00:00,1,37.31,264660.82,16226.96,8614.6,262318.39
7400,170,2026-09-17T19:35:00,1,3.1856,24890.08,1867.94,637.67,24560.11
7401,473,2026-09-22T16:51:00,1,4.9432,35094.28,2105.29,1116.94,33998.85
7402,139,2026-09-09T12:28:00,1,9.7207,73391.88,3110.34,1953.4,72292.83
7403,284,2026-09-26T15:24:00,1,22.3956,158410.3,8973.2,5166.56,156051.35
7404,104,2026-09-27T15:48:00,1,47.6116,4454.93,465.08,150.2,4803.13
7405,176,2026-09-08T16:28:00,1,79.6742,7705.81,1039.47,220.35,8259.16
7406,147,2026-09-24T12:30:00,1,27.792,196902.49,11845.57,7495.69,193824.6
7407,308,2026-09-29T20:27:00,1,22.5917,161504.49,10172.86,4457.46,157919.72
7408,488,2026-09-29T10:22:00,1,4.4681,31807.84,1878.05,860.88,31759.9
7409,1,2026-09-06T17:56:00,1,4.1528,32742.46,2743.34,959.82,33069.85
7410,340,2026-09-16T09:20:00,1,165.8251,15176.61,1258.91,580.25,15123.51
7411,89,2026-09-04T19:00:00,1,3.0342,21539.43,1238.02,553.8,21200.13
7412,135,2026-09-16T18:30:00,1,22.9212,2136.06,212.28,66.08,2313.05
7413,460,2026-09-30T18:04:00,1,20.4061,159864.89,12590.39,4966.44,160633.54
7414,144,2026-09-12T12:26:00,1,7.8189,55403.77,3408.71,1763.57,54445.48
7415,200,2026-09-01T14:37:00,1,16.4058,116868.02,6989.85,4115.36,114509.45
7416,62,2026-09-20T13:31:00,1,4.7149,37374.4,3337.82,1166.84,37523.03
7417,383,2026-09-08T18:28:00,1,62.5518,5967.65,733.94,180.64,6362.59
7418,343,2026-09-17T13:32:00,1,12.5555,88144.77,4418.29,2847.68,87744.14
7419,398,2026-09-20T19:55:00,1,7.997,57812.76,82.9,1736.31,57680.36
7420,192,2026-09-15T19:39:00,1,4.2888,30370.37,1781.92,821.5,30519.56
7421,286,2026-09-09T20:38:00,1,25.0601,179094.56,11491.86,5189.89,176868.79
7422,495,2026-09-13T18:20:00,1,22.3137,156204.07,7129.59,4868.85,155842.43
7423,97,2026-09-11T16:17:00,1,12.0171,84509.44,4188.23,2679.93,83643.95
7424,127,2026-09-15T12:32:00,1,3.0645,24297.37,2205.3,646.69,24453.74
7425,146,2026-09-17T10:50:00,1,45.6533,4056.53,226.22,123.02,4068.27
7426,456,2026-09-30T18:53:00,1,2.4701,19471.53,1644.37,729.71,18869.74
7427,277,2026-09-16T19:34:00,1,56.7869,5424.68,658.56,173.09,5388.83
7428,452,2026-09-08T18:02:00,1,17.8714,126296.9,6945.79,3536.15,127221.62
7429,340,2026-09-25T18:00:00,1,165.8251,15109.24,1201.49,398.35,15123.51
7430,170,2026-09-10T12:24:00,1,3.1856,24966.05,2008.8,675.34,24560.11
7431,171,2026-09-18T20:36:00,1,3.3292,23728.24,1457.49,617.29,23715.65
7432,37,2026-09-19T11:18:00,1,3.501,24666.68,1323.13,727.11,24874.3
7433,218,2026-09-05T16:06:00,1,41.5219,294903.78,18693.87,10340.54,288363.83
7434,72,2026-09-07T09:49:00,1,10.2814,72199.95,3677.71,2076.55,71406.0
7435,406,2026-09-14T12:56:00,1,17.4692,126119.98,168.97,3555.06,124975.1
7436,380,2026-09-12T18:42:00,1,27.6089,2457.81,141.15,77.78,2674.7
7437,289,2026-09-01T11:32:00,1,4.1901,33265.73,2974.32,1276.35,32756.33
7438,100,2026-09-24T09:33:00,1,3.7986,26874.92,1581.41,892.47,26721.43
7439,262,2026-09-18T19:30:00,1,7.1953,51004.77,2871.67,1716.51,50188.36
7440,270,2026-09-21T20:50:00,1,4.256,33863.41,3193.44,930.32,33198.81
7441,255,2026-09-07T12:03:00,1,5.3041,37456.95,2106.82,1409.32,37330.54
7442,314,2026-09-30T19:52:00,1,3.5003,27697.25,2434.95,786.87,26980.34
7443,275,2026-09-24T15:26:00,1,5.1673,38870.11,1569.95,1212.67,38494.77
7444,14,2026-09-19T16:32:00,1,37.31,264439.83,15668.69,8696.92,262318.39
7445,432,2026-09-11T09:43:00,1,12.1559,95500.18,7920.69,3637.97,95091.3
7446,342,2026-09-10T09:28:00,1,33.6753,3208.78,386.12,97.09,3531.28
7447,375,2026-09-05T18:57:00,1,4.191,29803.06,1923.9,822.88,29365.44
7448,388,2026-09-25T09:59:00,1,12.1851,87900.15,127.71,3022.38,87746.43
7449,236,2026-09-20T11:25:00,1,45.6461,4343.46,518.32,121.31,4723.14
7450,189,2026-09-05T13:24:00,1,10.9377,76872.85,4113.63,2123.75,76878.67
7451,127,2026-09-01T10:47:00,1,3.0645,24227.45,2073.32,714.59,24453.74
7452,186,2026-09-14T16:20:00,1,20.4986,144121.38,7174.33,3814.37,142115.47
7453,109,2026-09-19T20:50:00,1,38.1991,3584.31,385.9,127.11,3663.12
7454,236,2026-09-06T17:05:00,1,45.6461,4352.68,523.43,146.95,4723.14
7455,381,2026-09-29T17:29:00,1,51.5308,4946.79,629.54,180.23,5266.72
7456,357,2026-09-02T13:00:00,1,43.877,4155.35,481.09,142.08,4465.7
7457,265,2026-09-11T20:35:00,1,20.2554,1911.38,211.14,67.64,1896.91
7458,429,2026-09-01T14:39:00,1,11.4674,86471.22,3570.17,3034.55,86268.38
7459,333,2026-09-16T18:23:00,1,52.5275,4993.82,585.19,161.18,5479.96
7460,20,2026-09-25T09:22:00,1,10.7348,80728.71,3403.15,2788.14,80272.03
7461,46,2026-09-26T18:26:00,1,3.1675,24817.7,1931.18,649.77,25049.19
7462,239,2026-09-06T10:20:00,1,20.6013,144263.64,6582.89,3930.42,142380.11
7463,205,2026-09-18T09:52:00,1,9.4979,71400.27,2882.7,2239.02,71377.12
7464,494,2026-09-06T14:14:00,1,3.4802,24819.48,1560.92,935.39,24604.21
7465,240,2026-09-19T11:07:00,1,5.1622,39077.01,1776.6,1278.85,38618.57
7466,154,2026-09-24T12:30:00,1,24.6383,172807.75,8750.18,5109.98,170050.2
7467,56,2026-09-16T15:44:00,1,175.6407,16073.95,1332.43,590.66,16189.86
7468,103,2026-09-19T14:33:00,1,40.7114,286960.35,15509.76,10862.78,290443.66
7469,116,2026-09-02T17:13:00,1,4.3399,34294.97,2982.03,992.44,33403.12
7470,458,2026-09-14T10:27:00,1,5.2364,37470.91,2487.57,1325.19,36647.98
7471,236,2026-09-06T14:42:00,1,45.6461,4344.02,514.77,133.15,4723.14
7472,220,2026-09-02T14:59:00,1,39.659,3536.56,215.52,112.03,3876.63
7473,186,2026-09-19T20:58:00,1,20.4986,143645.6,6967.49,5120.06,142115.47
7474,401,2026-09-26T09:20:00,1,6.8381,48268.65,2640.68,1297.76,48170.62
7475,397,2026-09-25T16:57:00,1,7.6603,54245.07,3149.18,2005.48,53492.63
7476,350,2026-09-05T09:11:00,1,40.4539,3584.36,196.35,92.31,3900.46
7477,175,2026-09-23T19:39:00,1,10.3823,72910.07,3870.06,2565.28,72571.72
7478,393,2026-09-17T17:58:00,1,5.8217,41467.04,2644.98,1075.25,40681.64
7479,170,2026-09-26T12:21:00,1,3.1856,25015.61,1998.31,783.71,24560.11
7480,260,2026-09-17T16:40:00,1,24.8355,173946.53,8330.75,5254.11,174878.99
7481,80,2026-09-02T10:01:00,1,3.9658,28005.33,1594.69,771.75,27956.4
7482,423,2026-09-10T16:47:00,1,46.576,4117.58,213.58,108.53,4122.44
7483,497,2026-09-25T15:24:00,1,3.6197,28333.73,2260.09,814.09,28234.23
7484,8,2026-09-17T19:52:00,1,4.5632,36281.53,3303.56,1127.63,35365.16
7485,62,2026-09-03T15:27:00,1,4.7149,37285.71,3196.98,1129.54,37523.03
7486,49,2026-09-08T13:28:00,1,22.3665,2101.69,230.28,54.25,2270.99
7487,353,2026-09-21T13:21:00,1,5.7849,40790.45,2247.45,1066.21,40383.57
7488,295,2026-09-10T18:08:00,1,14.8897,103944.02,4725.61,3513.44,103325.4
7489,70,2026-09-21T18:39:00,1,30.9727,2748.13,154.17,84.64,2987.25
7490,363,2026-09-02T18:50:00,1,13.8933,109289.6,9047.63,3335.59,109183.11
7491,164,2026-10-20T14:47:00,1,3.6678,28680.4,2261.05,894.68,28940.57
7492,371,2026-10-28T09:58:00,1,3.5364,28193.06,2671.36,1019.24,27587.51
7493,361,2026-10-08T17:13:00,1,4.8008,38120.95,3554.47,1168.02,37516.15
7494,215,2026-10-10T13:23:00,1,40.8508,3935.54,488.96,144.62,4327.85
7495,173,2026-10-25T16:02:00,1,17.1759,120559.34,6023.57,4234.12,120399.88
7496,280,2026-10-24T13:55:00,1,57.5885,5397.87,543.74,162.33,5785.46
7497,342,2026-10-22T19:55:00,1,33.6753,3227.49,378.56,93.87,3531.28
7498,418,2026-10-20T15:44:00,1,23.6409,184841.82,14555.24,6412.25,183063.7
7499,132,2026-10-22T20:02:00,1,8.3701,58808.85,2992.5,2085.44,59029.06
7500,139,2026-10-12T20:35:00,1,9.7207,73052.81,2931.28,2718.44,72292.83
7501,10,2026-10-09T20:35:00,1,7.7867,55208.39,3240.19,2030.24,54210.59
7502,462,2026-10-25T16:40:00,1,52.4788,5073.91,635.25,177.73,4995.91
7503,89,2026-10-27T19:36:00,1,3.0342,21403.17,1169.06,630.55,21200.13
7504,199,2026-10-04T18:32:00,1,19.2605,135816.46,7668.46,3565.44,135549.94
7505,239,2026-10-07T18:32:00,1,20.6013,144443.67,6595.43,5222.41,142380.11
7506,63,2026-10-29T17:58:00,1,12.9209,90756.01,4430.06,2795.33,91101.24
7507,300,2026-10-04T19:34:00,1,18.9634,132440.61,6269.33,3420.69,132207.48
7508,157,2026-10-13T17:06:00,1,5.5603,44004.01,3972.19,1509.16,43921.22
7509,193,2026-10-02T13:59:00,1,14.9404,104481.21,4812.01,3012.24,102287.59
7510,218,2026-10-13T12:07:00,1,41.5219,296249.1,19166.82,8985.85,288363.83
7511,83,2026-10-28T11:28:00,1,16.4877,128583.64,9594.22,3985.81,128344.3
7512,215,2026-10-19T11:50:00,1,40.8508,3944.61,490.27,120.91,4327.85
7513,403,2026-10-31T16:50:00,1,49.0885,4666.98,528.82,140.66,5031.23
7514,397,2026-10-21T13:23:00,1,7.6603,54151.8,3115.82,1600.52,53492.63
7515,22,2026-10-18T17:39:00,1,13.9576,104669.65,4073.32,3435.27,103466.89
7516,418,2026-10-15T19:14:00,1,23.6409,183571.07,13105.76,6822.95,183063.7
7517,49,2026-10-25T15:02:00,1,22.3665,2108.13,216.37,67.35,2270.99
7518,475,2026-10-09T10:16:00,1,4.7599,33546.68,1779.25,1261.49,33455.21
7519,445,2026-10-30T15:21:00,1,56.0557,5441.21,708.99,170.48,5771.96
7520,21,2026-10-28T14:11:00,1,5.716,40370.35,2178.9,1429.34,40047.33
7521,230,2026-10-09T19:32:00,1,3.6613,28850.54,2452.16,865.98,28377.29
7522,394,2026-10-21T15:47:00,1,16.5177,115876.63,5829.11,4305.68,115428.66
7523,318,2026-10-10T10:42:00,1,17.6338,124045.64,6453.76,3761.64,121744.27
7524,358,2026-10-27T12:59:00,1,5.1854,36947.43,2367.66,1363.67,36398.05
7525,388,2026-10-27T18:32:00,1,12.1851,87944.69,120.95,2301.52,87746.43
7526,260,2026-10-27T12:51:00,1,24.8355,174188.25,8568.25,4505.86,174878.99
7527,293,2026-10-26T15:59:00,1,22.9979,161713.35,8201.45,4650.16,161345.44
7528,173,2026-10-24T16:42:00,1,17.1759,120393.35,5608.53,4467.39,120399.88
7529,222,2026-10-01T19:43:00,1,12.5433,94512.29,4178.45,3007.27,93042.29
7530,65,2026-10-10T13:00:00,1,7.9839,59995.57,2522.43,2184.69,59216.13
7531,424,2026-10-06T14:12:00,1,17.9523,127020.92,7442.44,3453.3,124501.49
7532,151,2026-10-05T10:35:00,1,18.1146,128551.63,7342.68,3852.82,126093.84
7533,106,2026-10-05T11:53:00,1,25.5639,182472.03,11418.1,5676.18,177488.62
7534,49,2026-10-07T20:23:00,1,22.3665,2113.34,225.16,79.5,2270.99
7535,183,2026-10-03T14:17:00,1,18.2712,129701.72,7418.61,4276.03,129006.3
7536,494,2026-10-05T11:55:00,1,3.4802,24969.03,1682.21,840.06,24604.21
7537,258,2026-10-11T17:32:00,1,20.9309,146248.88,7168.91,4496.44,145290.21
7538,339,2026-10-02T17:59:00,1,4.9004,34655.46,1964.3,1008.67,34103.43
7539,93,2026-10-23T10:09:00,1,10.8246,81240.11,3126.66,2242.34,80998.56
7540,207,2026-10-07T19:11:00,1,13.2941,100067.79,4003.56,2603.52,98609.31
7541,349,2026-10-20T10:46:00,1,3.9789,31097.48,2437.26,1006.86,31280.73
7542,417,2026-10-08T16:15:00,1,14.235,106731.79,4237.65,3374.24,105673.59
7543,130,2026-10-05T16:58:00,1,2.9689,23508.94,2075.83,639.56,22836.34
7544,384,2026-10-14T18:21:00,1,139.1589,12833.56,1099.68,399.9,13806.42
7545,484,2026-10-17T18:40:00,1,8.7331,65984.1,2958.63,2415.48,65989.44
7546,450,2026-10-10T16:40:00,1,10.9034,977.3,57.38,31.74,1046.78
7547,376,2026-10-15T11:36:00,1,28.2449,200359.02,12462.08,6625.81,199320.81
7548,155,2026-10-09T10:12:00,1,43.3929,3891.78,221.61,109.29,4226.11
7549,222,2026-10-16T11:55:00,1,12.5433,94172.1,3890.69,3477.38,93042.29
7550,442,2026-10-24T17:16:00,1,22.5468,176927.48,14205.2,5442.65,176097.65
7551,378,2026-10-27T19:21:00,1,22.3074,156730.18,7969.27,5770.99,155755.48
7552,123,2026-10-13T19:32:00,1,7.2724,51525.62,2995.73,1911.02,50807.76
7553,112,2026-10-25T15:07:00,1,3.2447,25386.77,1976.91,712.09,25349.2
7554,479,2026-10-23T10:30:00,1,24.1015,188995.26,15071.85,5337.57,187108.32
7555,240,2026-10-20T09:58:00,1,5.1622,38675.19,1491.61,1110.54,38618.57
7556,111,2026-10-18T12:06:00,1,8.7362,65860.79,2896.55,1872.86,65471.14
7557,347,2026-10-11T20:06:00,1,8.607,64957.3,2917.01,2215.61,64522.39
7558,274,2026-10-01T17:52:00,1,4.3282,33961.29,2790.63,1044.51,33874.1
7559,6,2026-10-06T09:55:00,1,11.7587,88228.46,3574.29,2411.3,88161.08
7560,65,2026-10-28T20:47:00,1,7.9839,60223.1,2604.41,1927.7,59216.13
7561,486,2026-10-20T12:04:00,1,25.5385,2287.6,131.38,69.26,2274.75
7562,60,2026-10-12T12:36:00,1,6.9398,49024.16,2651.58,1810.55,49434.24
7563,259,2026-10-18T12:16:00,1,3.1863,25377.46,2412.9,766.43,24576.47
7564,432,2026-10-03T10:01:00,1,12.1559,95607.5,7819.05,3157.1,95091.3
7565,358,2026-10-13T15:54:00,1,5.1854,37064.72,2461.72,954.7,36398.05
7566,98,2026-10-08T13:25:00,1,6.3389,44873.57,2644.96,1351.64,43750.15
7567,22,2026-10-31T19:11:00,1,13.9576,104836.42,4145.87,3908.77,103466.89
7568,432,2026-10-05T17:40:00,1,12.1559,94773.75,7017.76,3580.97,95091.3
7569,322,2026-10-05T14:06:00,1,36.3621,257493.74,14186.57,9636.06,257975.67
7570,339,2026-10-26T15:41:00,1,4.9004,34690.23,1979.86,1197.26,34103.43
7571,54,2026-10-31T09:26:00,1,23.9682,188128.29,15220.98,5405.37,187282.13
7572,68,2026-10-03T10:20:00,1,19.087,134358.28,6615.29,3936.75,132429.93
7573,461,2026-10-16T16:59:00,1,4.6784,37173.58,3500.42,1375.13,36331.05
7574,346,2026-10-01T17:04:00,1,3.0109,21364.18,1326.37,740.83,21621.42
7575,22,2026-10-19T14:11:00,1,13.9576,105540.05,4912.03,3347.04,103466.89
7576,462,2026-10-31T14:03:00,1,52.4788,5043.96,620.0,154.67,4995.91
7577,285,2026-10-07T15:35:00,1,15.0484,106317.93,5625.47,2848.22,104994.48
7578,494,2026-10-26T13:02:00,1,3.4802,24850.94,1620.47,688.34,24604.21
7579,236,2026-10-31T09:33:00,1,45.6461,4365.71,517.74,166.84,4723.14
7580,366,2026-10-15T12:37:00,1,20.7568,1846.16,95.12,53.89,2026.31
7581,10,2026-10-07T11:01:00,1,7.7867,55291.56,3188.88,1842.06,54210.59
7582,485,2026-10-02T19:25:00,1,12.8272,90291.4,4719.61,3225.03,90736.48
7583,95,2026-10-13T19:11:00,1,30.4621,2896.1,322.66,92.02,3085.67
7584,346,2026-10-30T14:57:00,1,3.0109,21349.32,1296.52,624.54,21256.38
7585,347,2026-10-15T17:39:00,1,8.607,64884.1,2822.38,2255.9,64522.39
7586,92,2026-10-03T17:07:00,1,13.6036,95549.55,4505.14,3010.92,94779.98
7587,473,2026-10-11T12:11:00,1,4.9432,34997.18,2151.0,964.32,34863.6
7588,73,2026-10-19T14:16:00,1,10.0421,75582.62,3183.6,2591.82,75140.23
7589,22,2026-10-04T19:15:00,1,13.9576,104894.99,4284.84,3585.92,103466.89
7590,294,2026-10-22T16:49:00,1,11.2674,1014.64,61.42,37.57,1099.9
7591,470,2026-10-12T17:34:00,1,11.707,88040.1,3590.13,2976.05,87563.24
7592,214,2026-10-26T16:34:00,1,15.0718,108745.79,145.03,3619.27,107549.49
7593,29,2026-10-02T18:11:00,1,13.1621,102718.83,7858.65,3456.84,103492.16
7594,393,2026-10-09T15:38:00,1,5.8217,41606.45,2752.6,1180.52,40681.64
7595,445,2026-10-17T14:40:00,1,56.0557,5370.2,637.98,195.37,5771.96
7596,345,2026-10-12T14:34:00,1,6.9195,49086.84,2849.91,1432.64,49167.15
7597,130,2026-10-18T20:31:00,1,2.9689,23324.71,1927.02,608.66,22836.34
7598,398,2026-10-15T09:46:00,1,7.997,57750.73,87.48,1934.56,57680.36
7599,101,2026-10-04T19:56:00,1,6.4304,45327.34,2543.25,1244.4,45056.51
7600,42,2026-10-26T18:45:00,1,5.2378,41207.57,3466.29,1246.15,40718.85
7601,268,2026-10-01T10:51:00,1,7.2654,52393.17,69.5,1481.75,52415.61
7602,403,2026-10-12T13:01:00,1,49.0885,4647.53,507.9,153.52,5031.23
7603,63,2026-10-02T10:56:00,1,12.9209,90342.38,4145.51,2781.92,91101.24
7604,329,2026-10-22T12:20:00,1,18.6736,145465.99,10531.68,5439.33,144471.2
7605,100,2026-10-01T11:51:00,1,3.7986,26905.58,1625.56,838.52,26721.43
7606,203,2026-10-02T15:47:00,1,3.5736,28350.05,2594.86,800.9,27946.28
7607,147,2026-10-05T12:14:00,1,27.792,198243.52,12280.86,6086.51,193824.6
7608,63,2026-10-13T17:09:00,1,12.9209,90378.78,4155.55,2374.41,91101.24
7609,102,2026-10-04T20:28:00,1,18.5,128925.68,5837.6,4084.96,127765.91
7610,65,2026-10-20T16:58:00,1,7.9839,60213.48,2705.05,1768.91,59216.13
7611,394,2026-10-09T18:42:00,1,16.5177,115945.68,5707.05,4099.71,115428.66
7612,339,2026-10-19T18:57:00,1,4.9004,34499.88,1906.05,1127.88,34103.43
7613,378,2026-10-01T14:26:00,1,22.3074,155493.45,7035.7,5632.69,157085.33
7614,411,2026-10-15T14:10:00,1,13.1482,92343.42,4876.07,2639.1,92603.34
7615,427,2026-10-14T14:05:00,1,60.6339,5912.69,800.04,178.97,6272.72
7616,253,2026-10-26T13:07:00,1,12.2356,92026.65,3862.3,2781.72,92176.02
7617,128,2026-10-21T11:51:00,1,11.2314,81035.01,122.32,2230.16,79829.9
7618,493,2026-10-17T10:03:00,1,3.8343,27131.55,1620.65,825.28,26924.1
7619,211,2026-10-14T11:18:00,1,6.0918,43945.65,58.8,1363.19,43932.92
7620,310,2026-10-06T16:28:00,1,30.6255,218057.12,14063.73,6604.74,214170.23
7621,237,2026-10-10T09:23:00,1,8.7772,61345.88,2814.68,1806.82,60919.31
7622,253,2026-10-03T11:45:00,1,12.2356,92278.15,3914.12,2588.68,91721.49
7623,265,2026-10-28T16:44:00,1,20.2554,1921.32,209.94,72.06,1896.91
7624,422,2026-10-22T10:20:00,1,43.7528,4162.51,461.02,115.26,4400.94
7625,281,2026-10-15T20:58:00,1,13.5853,95995.83,5620.71,3099.68,94266.98
7626,450,2026-10-30T10:25:00,1,10.9034,975.25,54.78,35.04,1046.78
7627,435,2026-10-24T16:06:00,1,21.1293,165306.15,12814.09,4759.28,164260.83
7628,169,2026-10-28T13:10:00,1,4.4869,35809.3,3427.97,959.63,35379.58
7629,385,2026-10-09T17:19:00,1,45.0218,4306.71,498.77,126.39,4324.75
7630,193,2026-10-29T12:04:00,1,14.9404,104844.03,5025.57,3242.91,102287.59
7631,486,2026-10-22T20:30:00,1,25.5385,2299.37,138.81,71.92,2274.75
7632,476,2026-10-27T18:57:00,1,15.7836,111205.16,5949.38,3222.21,110559.0
7633,490,2026-10-01T14:19:00,1,5.6869,40204.57,2357.74,1236.26,39431.19
7634,481,2026-10-31T14:30:00,1,9.6978,70053.66,93.44,1841.35,70080.68
7635,395,2026-10-27T10:41:00,1,3.4824,27295.6,2196.31,787.57,26609.85
7636,424,2026-10-03T10:29:00,1,17.9523,128341.96,8193.14,3948.11,124501.49
7637,15,2026-10-13T09:07:00,1,47.6096,4460.47,438.41,151.31,4522.17
7638,57,2026-10-22T12:54:00,1,19.0088,137532.31,175.86,3896.18,135836.68
7639,50,2026-10-22T19:05:00,1,12.6872,96104.17,4427.22,3237.05,95672.47
7640,242,2026-10-06T14:30:00,1,137.6048,12635.88,997.27,363.01,13734.42
7641,313,2026-10-13T13:00:00,1,10.3132,72629.08,3807.45,2638.89,71776.08
7642,18,2026-10-03T19:59:00,1,66.0832,6392.06,804.06,218.1,6273.83
7643,392,2026-10-30T15:46:00,1,61.6451,5916.78,712.7,216.28,5976.56
7644,32,2026-10-23T11:54:00,1,9.8569,69355.76,3722.01,2164.07,68990.65
7645,155,2026-10-03T12:17:00,1,43.3929,3869.9,200.6,142.17,4226.11
7646,406,2026-10-23T20:53:00,1,17.4692,126226.06,163.25,4783.09,124975.1
7647,38,2026-10-27T16:20:00,1,9.9544,71838.06,92.02,2646.89,71867.8
7648,467,2026-10-10T11:17:00,1,3.5951,28290.86,2411.07,1065.59,27521.95
7649,483,2026-10-25T09:41:00,1,9.9881,70120.18,3515.53,1909.0,70426.37
7650,226,2026-10-29T20:04:00,1,13.4675,95156.04,5178.19,2793.91,93023.91
7651,424,2026-10-03T15:03:00,1,17.9523,127572.26,7423.44,4100.62,124501.49
7652,120,2026-10-17T14:06:00,1,3.0118,23973.29,2237.58,902.59,23932.83
7653,334,2026-10-23T13:58:00,1,14.5628,102323.23,5354.5,2814.37,101921.6
7654,367,2026-10-14T16:18:00,1,9.0261,65114.57,88.29,1789.34,65214.97
7655,226,2026-10-09T12:06:00,1,13.4675,94430.1,4548.41,3337.54,93023.91
7656,231,2026-10-25T14:00:00,1,16.9595,133280.36,10920.96,4402.28,131187.83
7657,230,2026-10-02T13:06:00,1,3.6613,29093.24,2705.99,985.19,28377.29
7658,53,2026-10-23T19:06:00,1,39.5475,3553.01,212.83,112.6,3823.01
7659,494,2026-10-08T15:47:00,1,3.4802,24794.99,1610.52,726.98,24604.21
7660,471,2026-10-26T19:00:00,1,4.1632,29566.34,1776.81,796.71,29492.86
7661,266,2026-10-18T19:30:00,1,3.1433,24898.35,2243.71,855.37,25026.34
7662,286,2026-10-14T14:28:00,1,25.0601,178076.43,10686.49,6118.99,176868.79
7663,398,2026-10-13T17:14:00,1,7.997,57647.87,72.83,1887.11,57680.36
7664,8,2026-10-09T19:54:00,1,4.5632,35844.01,2942.84,1226.69,35365.16
7665,148,2026-10-21T16:15:00,1,2.6633,20842.99,1656.18,615.34,20944.68
7666,127,2026-10-09T19:53:00,1,3.0645,24327.25,2231.87,738.34,24453.74
7667,347,2026-10-28T18:30:00,1,8.607,64929.63,2814.12,1868.82,64522.39
7668,20,2026-10-04T14:09:00,1,10.7348,80927.73,3548.39,2591.72,80272.03
7669,446,2026-10-31T19:51:00,1,15.9701,124527.93,9319.15,3572.73,125003.74
7670,448,2026-10-23T09:16:00,1,1.8774,14764.19,1216.33,540.98,14722.59
7671,3,2026-10-26T10:58:00,1,15.4507,120719.12,9388.17,3822.48,119964.69
7672,398,2026-10-04T17:36:00,1,7.997,57724.8,80.26,1936.88,57680.36
7673,371,2026-10-15T18:22:00,1,3.5364,27860.55,2360.95,719.6,27587.51
7674,91,2026-10-19T19:22:00,1,9.0049,65002.71,81.43,2266.68,64892.0
7675,19,2026-10-20T11:32:00,1,12.8924,90137.69,4377.06,3370.95,88723.96
7676,37,2026-10-17T15:25:00,1,3.501,24628.45,1335.11,860.59,24874.3
7677,270,2026-10-02T18:38:00,1,4.256,33590.96,2917.67,948.28,33198.81
7678,338,2026-10-29T19:06:00,1,10.8588,81663.53,3246.81,2171.04,80139.62
7679,50,2026-10-20T20:46:00,1,12.6872,95321.67,3935.13,2768.94,95672.47
7680,385,2026-10-30T15:11:00,1,45.0218,4384.08,583.34,158.76,4324.75
7681,394,2026-10-16T18:01:00,1,16.5177,116432.98,6292.79,4309.98,115428.66
7682,273,2026-10-18T09:25:00,1,5.1573,38984.45,1814.34,1369.82,38716.4
7683,269,2026-10-26T11:42:00,1,4.0936,28864.59,1539.65,1020.52,28237.31
7684,438,2026-10-04T18:08:00,1,3.7537,26464.48,1489.57,874.83,26461.5
7685,467,2026-10-18T11:13:00,1,3.5951,28083.44,2172.55,1015.86,27521.95
7686,129,2026-10-31T16:31:00,1,58.1956,5545.76,639.87,165.35,5491.03
7687,74,2026-10-12T12:33:00,1,7.7284,57976.74,2226.92,1996.35,57947.77
7688,453,2026-10-12T10:27:00,1,24.0131,188905.66,15684.04,6992.64,188274.4
7689,94,2026-10-23T13:05:00,1,58.6439,5651.23,698.17,153.07,6179.76
7690,102,2026-10-09T20:31:00,1,18.5,130320.5,6852.05,4164.93,127765.91
7691,101,2026-10-05T12:44:00,1,6.4304,45445.92,2418.63,1541.85,45056.51
7692,262,2026-10-28T10:43:00,1,7.1953,50812.14,2736.74,1891.48,50188.36
7693,476,2026-10-10T13:11:00,1,15.7836,111023.74,5770.01,2859.07,110559.0
7694,20,2026-10-15T13:07:00,1,10.7348,80904.12,3499.66,2999.42,80272.03
7695,196,2026-10-21T20:39:00,1,29.6387,2800.45,296.87,74.04,2817.1
7696,154,2026-10-05T19:21:00,1,24.6383,173212.09,8351.56,6601.54,170050.2
7697,303,2026-10-05T14:14:00,1,14.7384,111269.72,4870.12,4054.73,111247.67
7698,463,2026-10-29T18:23:00,1,4.2011,33361.9,3023.7,1241.37,33199.55
7699,190,2026-10-23T16:31:00,1,2.4559,19430.05,1707.56,667.49,19101.48
7700,324,2026-10-26T15:18:00,1,11.2024,88069.81,7350.24,2938.72,88269.97
7701,357,2026-10-26T18:22:00,1,43.877,4117.61,410.88,116.52,4465.7
7702,242,2026-10-05T10:27:00,1,137.6048,12637.08,1039.75,440.24,13734.42
7703,362,2026-10-26T11:05:00,1,198.9095,18523.87,1720.0,504.48,18425.04
7704,128,2026-10-11T19:04:00,1,11.2314,81060.69,103.41,2759.65,79829.9
7705,128,2026-10-21T16:21:00,1,11.2314,81018.43,105.74,2184.94,79829.9
7706,101,2026-10-12T11:55:00,1,6.4304,45770.06,2801.36,1567.99,45056.51
7707,139,2026-10-13T17:53:00,1,9.7207,73390.69,3405.73,2140.82,72292.83
7708,414,2026-10-27T10:10:00,1,3.8752,30528.2,2597.81,1067.44,29798.99
7709,114,2026-10-05T12:54:00,1,22.4097,176094.15,14313.82,4792.24,172028.36
7710,92,2026-10-30T12:33:00,1,13.6036,94917.85,4316.92,3018.05,94779.98
7711,401,2026-10-11T16:03:00,1,6.8381,48383.93,2946.67,1771.3,48170.62
7712,499,2026-10-25T13:13:00,1,13.2935,104295.84,8385.9,3630.55,102010.86
7713,312,2026-10-27T09:33:00,1,22.4573,158145.29,8384.74,4551.65,159340.48
7714,187,2026-10-18T12:30:00,1,12.717,99861.99,8207.01,3782.02,99284.23
7715,329,2026-10-06T10:27:00,1,18.6736,144797.85,10361.37,5467.31,143626.71
7716,435,2026-10-31T15:41:00,1,21.1293,165715.03,13287.63,4636.42,164260.83
7717,30,2026-10-17T18:13:00,1,7.7113,57875.37,2224.07,2219.09,57913.08
7718,238,2026-10-03T10:59:00,1,17.9613,129889.38,175.03,4363.61,129748.96
7719,239,2026-10-27T18:34:00,1,20.6013,144656.6,7273.12,4203.06,142380.11
7720,299,2026-10-26T09:12:00,1,2.7577,19716.38,1308.62,566.91,19335.39
7721,237,2026-10-21T20:51:00,1,8.7772,61413.03,2935.81,2083.15,60919.31
7722,124,2026-10-18T12:28:00,1,16.7443,129970.53,9289.67,3698.79,128948.28
7723,34,2026-10-22T11:19:00,1,12.0678,84487.33,4012.72,2451.17,84389.53
7724,449,2026-10-12T16:56:00,1,12.1078,91070.9,3729.71,2367.75,89778.51
7725,8,2026-10-01T14:20:00,1,4.5632,35942.88,3079.81,1027.17,35365.16
7726,345,2026-10-31T12:58:00,1,6.9195,48990.73,2772.07,1335.79,49167.15
7727,141,2026-10-18T17:01:00,1,2.1494,16950.9,1459.57,578.69,16856.21
7728,355,2026-10-18T20:14:00,1,34.4809,3352.81,439.52,110.06,3345.31
7729,276,2026-10-11T20:58:00,1,20.2773,141206.6,6469.62,5296.68,140177.51
7730,285,2026-10-09T17:48:00,1,15.0484,106141.99,5709.42,3520.94,104994.48
7731,89,2026-10-31T14:14:00,1,3.0342,21441.87,1174.99,682.39,21200.13
7732,247,2026-10-03T13:06:00,1,21.3958,152125.63,8930.6,4724.26,150400.66
7733,171,2026-10-29T12:47:00,1,3.3292,23845.71,1602.96,899.56,23715.65
7734,20,2026-10-15T15:43:00,1,10.7348,81026.33,3621.87,2469.76,80272.03
7735,474,2026-10-16T20:25:00,1,2.6939,20986.8,1597.24,776.39,21209.1
7736,115,2026-10-25T18:50:00,1,15.2051,109866.14,164.38,2940.0,108959.61
7737,38,2026-10-23T10:37:00,1,9.9544,71932.01,98.17,1927.36,71867.8
7738,177,2026-10-11T12:31:00,1,21.5109,152408.59,9474.68,3951.53,149601.12
7739,110,2026-10-24T19:03:00,1,19.8326,143316.68,183.02,4018.03,139927.76
7740,123,2026-10-16T16:00:00,1,7.2724,51397.27,2904.83,1366.54,50807.76
7741,413,2026-10-31T19:13:00,1,9.2313,69380.46,2785.58,2284.33,69692.43
7742,15,2026-10-14T11:56:00,1,47.6096,4452.21,437.77,144.66,4522.17
7743,29,2026-10-29T14:33:00,1,13.1621,102180.51,7130.54,3904.07,103492.16
7744,70,2026-10-02T15:11:00,1,30.9727,2771.03,154.15,99.54,2987.25
7745,442,2026-10-09T11:19:00,1,22.5468,175954.37,13389.46,6064.71,176097.65
7746,230,2026-10-18T11:23:00,1,3.6613,28833.03,2445.02,914.6,28377.29
7747,468,2026-10-26T15:21:00,1,25.5173,181948.62,11619.62,4799.06,180468.62
7748,445,2026-10-05T14:45:00,1,56.0557,5407.2,682.83,180.36,5771.96
7749,474,2026-10-08T16:39:00,1,2.6939,21107.1,1710.62,787.6,21209.1
7750,338,2026-10-04T11:58:00,1,10.8588,81490.41,3217.25,2935.68,80139.62
7751,477,2026-10-24T16:35:00,1,13.4506,95233.57,5344.56,3195.46,94914.32
7752,434,2026-10-22T12:20:00,1,133.699,12481.01,1170.07,323.14,13484.87
7753,371,2026-10-23T17:06:00,1,3.5364,27906.46,2386.77,1043.17,27587.51
7754,304,2026-10-20T15:34:00,1,23.2115,162939.55,8535.96,5818.12,163176.85
7755,458,2026-10-26T13:20:00,1,5.2364,37515.76,2562.58,1319.33,36647.98
7756,232,2026-10-11T20:44:00,1,38.8965,3496.85,212.04,109.51,3434.48
7757,383,2026-10-18T16:16:00,1,62.5518,6077.63,792.63,219.72,6362.59
7758,157,2026-10-06T09:59:00,1,5.5603,43559.32,3529.16,1290.52,43921.22
7759,338,2026-10-12T14:59:00,1,10.8588,82087.08,3755.71,3124.56,80139.62
7760,368,2026-10-22T13:00:00,1,6.4593,48669.49,1994.98,1547.67,48411.74
7761,301,2026-10-26T15:41:00,1,33.2508,3119.88,310.85,84.54,3387.51
7762,267,2026-10-26T19:15:00,1,11.3594,79982.14,4157.69,2801.37,80167.77
7763,21,2026-10-30T13:55:00,1,5.716,40575.3,2506.34,1075.89,40047.33
7764,334,2026-10-03T20:40:00,1,14.5628,102780.08,5316.07,2674.94,101921.6
7765,287,2026-10-02T18:04:00,1,11.5804,81555.87,4301.63,2587.61,80373.75
7766,449,2026-10-09T15:22:00,1,12.1078,91392.69,4094.12,2657.58,89778.51
7767,165,2026-10-17T09:02:00,1,34.0778,240349.37,13618.18,9156.42,240866.27
7768,473,2026-10-10T15:16:00,1,4.9432,34758.33,1794.35,1020.12,34863.6
7769,452,2026-10-12T17:50:00,1,17.8714,126552.41,7133.57,3988.06,127221.62
7770,114,2026-10-10T16:22:00,1,22.4097,175388.3,14069.16,5692.1,172028.36
7771,92,2026-10-12T17:37:00,1,13.6036,95572.91,4672.02,2791.71,94779.98
7772,322,2026-10-05T11:20:00,1,36.3621,259677.86,16370.69,7965.06,257975.67
7773,237,2026-10-14T17:02:00,1,8.7772,61429.66,2802.0,2332.31,60919.31
7774,371,2026-10-16T10:32:00,1,3.5364,27979.72,2526.2,980.76,27587.51
7775,61,2026-10-06T15:22:00,1,13.7262,96819.63,5390.78,2610.9,94538.58
7776,95,2026-10-22T19:07:00,1,30.4621,2891.33,314.24,76.23,3085.67
7777,195,2026-10-19T12:06:00,1,5.6896,40041.43,2198.42,1036.59,40165.21
7778,180,2026-10-31T10:49:00,1,21.5984,152469.34,8203.26,5597.25,153122.2
7779,266,2026-10-09T13:30:00,1,3.1433,24675.13,2011.59,768.39,25026.34
7780,428,2026-10-16T19:24:00,1,2.987,23579.25,2080.08,896.58,23290.85
7781,467,2026-10-07T10:40:00,1,3.5951,28464.18,2485.7,1032.23,27521.95
7782,23,2026-10-23T11:44:00,1,26.3325,187421.65,12082.49,5346.64,186120.07
7783,132,2026-10-04T09:10:00,1,8.3701,58668.43,2978.72,1803.8,59029.06
7784,192,2026-10-10T17:16:00,1,4.2888,30708.91,2108.83,825.31,30519.56
7785,489,2026-10-10T13:23:00,1,9.8667,74043.92,3017.2,2458.22,72383.18
7786,405,2026-10-31T11:16:00,1,69.8843,6753.95,862.7,225.37,6821.81
7787,363,2026-10-10T12:11:00,1,13.8933,107655.15,7642.42,3671.34,109183.11
7788,272,2026-10-29T12:55:00,1,5.634,40314.92,2673.55,1479.36,39860.07
7789,237,2026-10-21T19:43:00,1,8.7772,61320.06,2842.84,2308.95,60919.31
7790,148,2026-10-25T20:10:00,1,2.6633,20943.94,1728.76,727.14,20944.68
7791,416,2026-10-19T18:05:00,1,5.6718,39974.08,2249.46,1390.22,38864.83
7792,382,2026-10-28T17:58:00,1,52.9414,4977.67,504.65,180.59,5290.2
7793,489,2026-10-19T09:36:00,1,9.8667,74602.78,3468.31,1928.94,72383.18
7794,352,2026-10-10T17:16:00,1,5.1549,36390.03,2014.32,1327.85,36627.39
7795,477,2026-10-13T18:09:00,1,13.4506,94597.96,4839.95,3596.83,94914.32
7796,342,2026-10-24T17:31:00,1,33.6753,3225.56,387.07,113.19,3531.28
7797,299,2026-10-01T12:30:00,1,2.7577,19629.45,1276.71,622.26,19335.39
7798,211,2026-10-22T15:51:00,1,6.0918,44081.59,62.61,1583.01,43932.92
7799,136,2026-10-28T16:33:00,1,27.1123,192702.36,11551.53,7215.35,190610.02
7800,26,2026-10-11T14:07:00,1,42.9332,302403.06,17123.97,11056.7,302199.84
7801,301,2026-10-04T15:08:00,1,33.2508,3166.15,356.12,99.48,3387.51
7802,451,2026-10-18T15:51:00,1,13.8323,97117.48,4910.68,2867.36,96203.06
7803,244,2026-10-14T09:44:00,1,15.9038,112182.99,5952.92,4236.6,111267.13
7804,325,2026-10-03T14:10:00,1,16.9172,119763.34,6542.1,3987.85,119145.47
7805,201,2026-10-27T19:41:00,1,18.3302,128859.79,6621.55,3863.75,129569.1
7806,325,2026-10-07T18:31:00,1,16.9172,119128.31,5931.26,3713.34,119145.47
7807,450,2026-10-30T14:26:00,1,10.9034,978.77,58.3,31.71,1046.78
7808,401,2026-10-28T09:40:00,1,6.8381,48395.29,2706.52,1595.21,48170.62
7809,198,2026-10-28T12:50:00,1,15.7741,1414.03,81.28,49.48,1402.87
7810,474,2026-10-24T15:31:00,1,2.6939,21225.1,1782.98,725.64,21209.1
7811,26,2026-10-22T16:30:00,1,42.9332,303623.28,17321.52,8851.12,302199.84
7812,258,2026-10-30T09:22:00,1,20.9309,147871.81,8470.55,3995.58,145290.21
7813,429,2026-10-15T09:08:00,1,11.4674,86610.36,3923.41,2736.13,86977.22
7814,193,2026-10-31T14:23:00,1,14.9404,105284.56,5490.46,3634.88,102287.59
7815,151,2026-10-09T18:44:00,1,18.1146,128683.53,7787.23,3353.24,126093.84
7816,331,2026-10-29T14:08:00,1,6.1706,43713.57,2487.11,1375.5,43422.43
7817,196,2026-10-13T13:58:00,1,29.6387,2829.51,325.63,80.28,2817.1
7818,142,2026-10-30T14:46:00,1,6.2076,43948.41,2605.36,1276.45,43699.74
7819,179,2026-10-23T19:26:00,1,4.8051,38152.33,3477.33,1207.88,37551.63
7820,112,2026-10-08T11:00:00,1,3.2447,25609.77,2247.44,881.75,25349.2
7821,377,2026-10-29T18:57:00,1,10.3794,81783.77,6829.04,2121.28,81782.5
7822,181,2026-10-31T16:10:00,1,19.7854,142919.08,186.61,3676.77,142839.21
7823,250,2026-10-30T19:45:00,1,77.1732,7484.33,969.37,204.12,7384.08
7824,371,2026-10-25T14:43:00,1,3.5364,27813.11,2298.69,850.53,27587.51
7825,271,2026-10-29T20:35:00,1,4.3867,34783.78,3105.27,917.26,34477.91
7826,310,2026-10-09T20:56:00,1,30.6255,218134.89,13741.22,7994.84,214170.23
7827,343,2026-10-14T15:59:00,1,12.5555,88537.91,4672.95,2292.47,87744.14
7828,225,2026-10-26T19:11:00,1,26.4171,187674.76,11339.56,4879.21,187480.52
7829,415,2026-10-15T13:34:00,1,4.4374,35062.27,3065.91,1290.35,34410.05
7830,93,2026-10-21T13:12:00,1,10.8246,81726.12,3744.08,2719.91,80998.56
7831,369,2026-10-12T18:53:00,1,3.836,27027.74,1395.13,1024.2,27004.67
7832,211,2026-10-26T16:31:00,1,6.0918,43950.91,56.08,1324.79,43932.92
7833,463,2026-10-25T11:17:00,1,4.2011,33231.48,2921.38,1074.26,33199.55
7834,263,2026-10-04T10:37:00,1,11.0827,86430.42,6543.33,2531.15,85889.43
7835,61,2026-10-13T18:21:00,1,13.7262,96492.87,4895.74,3310.53,94538.58
7836,12,2026-10-28T11:21:00,1,28.8297,204317.9,11692.26,6461.64,201674.99
7837,323,2026-10-06T18:04:00,1,11.8931,89309.02,3687.26,2399.61,89431.89
7838,185,2026-10-14T16:39:00,1,138.7501,12834.51,1135.1,415.66,13875.63
7839,272,2026-10-05T09:01:00,1,5.634,40085.71,2387.32,1271.58,39860.07
7840,280,2026-10-03T20:19:00,1,57.5885,5410.63,540.95,190.75,5785.46
7841,440,2026-10-24T16:19:00,1,4.4772,31740.04,1819.36,870.0,31473.28
7842,124,2026-10-06T20:11:00,1,16.7443,131258.97,10712.07,4086.37,128948.28
7843,404,2026-10-25T17:00:00,1,42.524,300636.66,17069.62,8779.19,302377.91
7844,50,2026-10-23T14:58:00,1,12.6872,95516.44,3961.93,3150.93,95672.47
7845,325,2026-10-20T11:36:00,1,16.9172,118470.89,5937.17,4010.74,119145.47
7846,451,2026-10-10T12:04:00,1,13.8323,97005.74,4764.36,2809.71,96203.06
7847,58,2026-10-18T18:57:00,1,55.451,5098.11,413.06,160.67,5047.45
7848,52,2026-10-09T14:06:00,1,8.4833,61249.25,83.72,1848.04,61107.55
7849,46,2026-10-21T12:36:00,1,3.1675,24731.88,1912.73,889.47,25049.19
7850,434,2026-10-29T14:38:00,1,133.699,12431.19,1122.93,327.72,13484.87
7851,204,2026-10-14T13:09:00,1,23.1628,2193.06,239.97,74.28,2203.47
7852,117,2026-10-19T12:35:00,1,31.0203,2792.06,168.98,81.84,2761.05
7853,359,2026-10-07T19:47:00,1,1.683,13303.79,1142.3,401.41,12973.64
7854,471,2026-10-10T13:24:00,1,4.1632,29780.81,2018.3,964.38,29492.86
7855,130,2026-10-16T19:35:00,1,2.9689,23383.4,2014.5,670.84,22836.34
7856,335,2026-10-25T09:52:00,1,17.4016,121917.62,5876.79,4268.27,119712.65
7857,389,2026-10-06T11:43:00,1,19.9391,141813.51,9001.16,4492.47,140278.17
7858,422,2026-10-03T10:25:00,1,43.7528,4180.62,480.88,137.82,4400.94
7859,85,2026-10-12T14:12:00,1,26.0333,2313.75,118.36,84.15,2522.05
7860,84,2026-10-14T13:55:00,1,13.5748,95370.93,4697.51,3181.67,95250.75
7861,449,2026-10-21T20:32:00,1,12.1078,91204.5,3978.09,3123.51,89778.51
7862,131,2026-10-23T17:45:00,1,9.6225,69534.32,95.57,2131.27,68876.9
7863,246,2026-10-25T12:46:00,1,84.5028,7851.31,704.06,260.2,7724.76
7864,273,2026-10-29T13:55:00,1,5.1573,38948.52,1705.13,1280.95,38716.4
7865,317,2026-10-03T15:28:00,1,14.7122,115609.06,9359.32,4224.86,114345.81
7866,89,2026-10-17T17:24:00,1,3.0342,21398.23,1210.67,618.22,21200.13
7867,488,2026-10-20T16:24:00,1,4.4681,31565.08,1843.14,927.08,31759.9
7868,375,2026-10-28T15:55:00,1,4.191,30022.75,2020.58,832.14,29365.44
7869,330,2026-10-31T20:18:00,1,4.6319,32900.52,1961.84,974.27,32282.12
7870,55,2026-10-24T19:32:00,1,41.8192,296393.85,16920.32,8423.85,296351.07
7871,28,2026-10-05T10:45:00,1,12.4734,93655.0,3606.91,2421.77,93249.78
7872,476,2026-10-01T10:08:00,1,15.7836,110521.56,5480.28,2974.05,110559.0
7873,317,2026-10-25T20:15:00,1,14.7122,115510.44,9364.86,3325.74,114345.81
7874,243,2026-10-02T14:28:00,1,15.8002,114046.58,173.43,3182.4,111419.59
7875,282,2026-10-30T12:51:00,1,41.6824,293712.7,16105.0,9851.17,293335.18
7876,190,2026-10-11T14:13:00,1,2.4559,19148.69,1446.27,632.96,19101.48
7877,480,2026-10-03T10:46:00,1,23.4422,166087.07,9196.16,4316.35,166738.59
7878,172,2026-10-17T12:56:00,1,27.5585,2458.83,132.34,75.4,2681.44
7879,50,2026-10-27T09:46:00,1,12.6872,95274.27,3831.66,2509.19,95672.47
7880,372,2026-10-23T16:17:00,1,4.8056,33754.1,1755.24,1151.02,34157.75
7881,303,2026-10-07T14:26:00,1,14.7384,110832.56,4331.7,4186.58,111247.67
7882,15,2026-10-26T11:06:00,1,47.6096,4498.12,476.06,128.58,4522.17
7883,376,2026-10-30T16:13:00,1,28.2449,200450.85,12337.84,7691.36,199320.81
7884,242,2026-10-07T19:42:00,1,137.6048,12659.32,1042.72,420.58,13734.42
7885,25,2026-10-03T10:42:00,1,12.8433,100985.01,8232.24,3715.93,100257.6
7886,469,2026-10-31T11:04:00,1,3.5698,25212.19,1367.78,700.88,24986.32
7887,441,2026-10-26T11:58:00,1,5.6742,40673.77,2798.26,1362.26,40522.82
7888,460,2026-10-06T13:00:00,1,20.4061,160253.1,13343.87,5491.72,160633.54
7889,1,2026-10-14T14:17:00,1,4.1528,32579.04,2661.23,1052.63,33069.85
7890,451,2026-10-23T09:10:00,1,13.8323,97036.48,4931.9,3634.96,96203.06
7891,486,2026-10-21T13:15:00,1,25.5385,2280.16,122.92,60.85,2274.75
7892,181,2026-10-18T16:05:00,1,19.7854,142805.55,206.63,5181.29,142839.21
7893,35,2026-10-27T09:19:00,1,10.6628,83322.57,6470.76,3043.25,82126.32
7894,180,2026-10-02T12:59:00,1,21.5984,152400.13,8314.61,4517.54,153122.2
7895,38,2026-10-23T18:58:00,1,9.9544,71925.67,91.83,2710.14,71867.8
7896,475,2026-10-31T09:53:00,1,4.7599,33857.93,2064.27,1138.55,33455.21
7897,81,2026-10-16T20:55:00,1,18.3862,128913.86,6314.49,4588.03,128128.95
7898,146,2026-10-26T16:38:00,1,45.6533,4104.55,247.76,144.83,4068.27
7899,233,2026-10-14T17:53:00,1,12.6163,94564.59,3673.61,2817.07,92727.37
7900,474,2026-10-11T14:00:00,1,2.6939,21125.57,1707.62,626.49,21209.1
7901,446,2026-10-09T13:48:00,1,15.9701,124094.18,8948.0,3668.61,125003.74
7902,32,2026-10-13T20:44:00,1,9.8569,69289.14,3512.47,2007.46,68990.65
7903,268,2026-10-14T16:21:00,1,7.2654,52418.15,76.39,1865.49,52386.89
7904,454,2026-10-09T11:31:00,1,40.6398,3874.58,437.27,135.83,4115.87
7905,414,2026-10-16T17:35:00,1,3.8752,30392.77,2500.71,823.11,29798.99
7906,441,2026-10-26T17:01:00,1,5.6742,40223.17,2347.66,1058.3,40522.82
7907,41,2026-10-19T14:22:00,1,3.6873,25999.88,1474.69,927.07,25728.91
7908,484,2026-10-16T16:47:00,1,8.7331,65395.82,2538.63,1816.77,65989.44
7909,293,2026-10-13T09:16:00,1,22.9979,162820.1,9351.43,4847.82,161345.44
7910,144,2026-10-24T13:47:00,1,7.8189,55248.94,2996.01,2052.47,54445.48
7911,74,2026-10-20T11:47:00,1,7.7284,58375.05,2707.0,1689.1,57947.77
7912,216,2026-10-16T17:03:00,1,3.2471,25776.5,2405.24,666.08,25710.38
7913,373,2026-10-12T10:14:00,1,191.6333,17800.22,1639.78,470.45,17671.34
7914,234,2026-10-22T11:26:00,1,16.4047,115643.9,6248.5,3574.86,115970.08
7915,273,2026-10-09T16:02:00,1,5.1573,38959.72,1775.02,1469.81,38716.4
7916,157,2026-10-05T18:42:00,1,5.5603,43842.3,3701.33,1353.0,43921.22
7917,270,2026-10-04T09:28:00,1,4.256,33535.34,2856.94,1233.71,33198.81
7918,202,2026-10-22T09:02:00,1,4.3318,34357.23,3055.9,1072.67,34282.41
7919,229,2026-10-18T15:23:00,1,16.1684,113404.56,5625.2,3287.36,111246.25
7920,308,2026-10-16T18:47:00,1,22.5917,159473.9,8832.22,5984.76,157919.72
7921,346,2026-10-26T10:43:00,1,3.0109,21443.99,1346.11,661.81,21256.38
7922,27,2026-10-11T10:20:00,1,5.6731,40122.21,2426.05,1471.64,40471.64
7923,22,2026-10-01T10:44:00,1,13.9576,105250.61,4731.32,3276.97,103466.89
7924,443,2026-10-28T10:45:00,1,15.7014,122654.92,9340.11,4329.66,122985.45
7925,396,2026-10-18T16:58:00,1,24.6006,2210.87,132.37,56.75,2384.32
7926,254,2026-10-18T14:23:00,1,49.5838,4660.43,471.09,149.55,5015.91
7927,243,2026-10-14T16:30:00,1,15.8002,113974.04,145.45,3829.72,111419.59
7928,426,2026-10-02T20:05:00,1,38.3169,3691.07,453.68,117.55,3943.04
7929,322,2026-10-24T17:48:00,1,36.3621,257235.79,14231.51,9310.16,257975.67
7930,125,2026-10-10T12:00:00,1,21.1855,165437.01,12930.43,4483.62,163495.59
7931,338,2026-10-19T11:28:00,1,10.8588,81967.27,3680.21,2214.55,80139.62
7932,95,2026-10-24T12:12:00,1,30.4621,2863.96,296.31,91.11,3085.67
7933,225,2026-10-31T13:50:00,1,26.4171,188277.19,11824.7,7016.79,187480.52
7934,367,2026-10-02T10:10:00,1,9.0261,65149.13,97.4,2233.1,65214.97
7935,366,2026-10-25T13:51:00,1,20.7568,1849.95,94.34,61.4,2026.31
7936,153,2026-10-23T15:37:00,1,36.3674,3504.97,433.38,129.13,3466.98
7937,392,2026-10-28T09:05:00,1,61.6451,5953.07,744.68,217.97,5976.56
7938,95,2026-10-22T15:51:00,1,30.4621,2898.42,321.33,86.9,3085.67
7939,70,2026-10-02T20:00:00,1,30.9727,2772.74,155.86,85.71,2987.25
7940,458,2026-10-18T16:52:00,1,5.2364,37281.2,2375.1,1025.37,36647.98
7941,349,2026-10-02T19:10:00,1,3.9789,31413.6,2737.39,1145.93,31280.73
7942,382,2026-10-02T12:29:00,1,52.9414,5027.34,554.32,154.33,5290.2
7943,34,2026-10-08T18:22:00,1,12.0678,84956.43,4562.92,3183.03,84501.09
7944,471,2026-10-29T15:28:00,1,4.1632,29734.23,1919.43,882.24,29492.86
7945,478,2026-10-13T15:09:00,1,4.5452,36066.34,3342.81,1124.39,35575.85
7946,306,2026-10-13T17:55:00,1,28.0255,198469.11,11450.46,7540.62,196973.59
7947,211,2026-10-30T09:08:00,1,6.0918,44023.59,65.47,1235.68,43932.92
7948,416,2026-10-12T17:31:00,1,5.6718,40051.97,2152.32,1467.11,38864.83
7949,101,2026-10-30T11:11:00,1,6.4304,45216.08,2389.17,1192.61,45056.51
7950,174,2026-10-28T17:58:00,1,36.7959,260613.45,14761.64,6825.16,261235.38
7951,11,2026-10-13T16:35:00,1,22.9405,162941.17,9855.54,4209.55,162693.73
7952,426,2026-10-30T19:55:00,1,38.3169,3691.12,456.41,104.15,3943.04
7953,299,2026-10-16T17:58:00,1,2.7577,19731.43,1343.06,711.52,19335.39
7954,107,2026-10-21T09:03:00,1,29.1472,206127.46,11937.15,7630.43,203805.95
7955,340,2026-10-01T13:32:00,1,165.8251,15338.69,1309.89,456.01,15123.51
7956,154,2026-10-31T20:48:00,1,24.6383,174001.0,9429.97,4990.84,170050.2
7957,432,2026-10-26T09:17:00,1,12.1559,94976.33,7386.26,3591.97,95091.3
7958,230,2026-10-02T19:45:00,1,3.6613,28809.27,2422.02,1036.92,28377.29
7959,221,2026-10-01T19:31:00,1,12.4688,93954.05,4156.74,3137.88,92691.91
7960,472,2026-10-02T19:15:00,1,13.3279,93468.39,4556.37,3069.03,91782.23
7961,250,2026-10-12T13:29:00,1,77.1732,7457.03,949.01,191.41,7384.08
7962,470,2026-10-20T14:47:00,1,11.707,88430.14,4104.03,2983.08,87563.24
7963,296,2026-10-27T09:08:00,1,106.5754,9812.2,808.71,284.2,9793.08
7964,262,2026-10-21T16:27:00,1,7.1953,50833.23,2895.26,1316.69,50188.36
7965,140,2026-10-12T19:49:00,1,21.4836,1910.83,99.12,53.52,2063.66
7966,27,2026-10-11T10:57:00,1,5.6731,40464.08,2767.92,1447.68,40471.64
7967,332,2026-10-18T16:21:00,1,6.9177,49117.46,3003.73,1463.48,48724.67
7968,159,2026-10-16T09:34:00,1,106.8915,9846.37,805.49,320.39,9855.57
7969,151,2026-10-06T11:32:00,1,18.1146,128244.41,7584.87,3323.05,126093.84
7970,89,2026-10-17T11:22:00,1,3.0342,21358.88,1171.32,547.52,21200.13
7971,168,2026-10-08T11:34:00,1,22.6916,2131.6,212.57,64.68,2348.48
7972,191,2026-10-03T09:07:00,1,10.7173,77502.36,103.31,2350.91,77465.39
7973,101,2026-10-11T10:51:00,1,6.4304,45123.92,2395.71,1425.55,45056.51
7974,234,2026-10-18T14:00:00,1,16.4047,115600.98,6246.43,3954.46,115970.08
7975,383,2026-10-12T18:47:00,1,62.5518,5968.88,693.89,227.94,6362.59
7976,369,2026-10-04T10:32:00,1,3.836,27172.65,1650.17,916.51,27004.67
7977,13,2026-10-12T10:08:00,1,24.6984,174112.01,9074.34,6288.58,174080.63
7978,12,2026-10-31T16:16:00,1,28.8297,203989.79,11422.39,7375.79,201674.99
7979,336,2026-10-30T14:04:00,1,106.314,9747.59,772.56,283.83,9757.38
7980,176,2026-10-14T12:13:00,1,79.6742,7689.61,971.48,286.84,8259.16
7981,427,2026-10-25T18:09:00,1,60.6339,5805.68,677.26,178.88,5773.56
7982,418,2026-10-25T18:16:00,1,23.6409,184416.07,13851.7,6070.67,183063.7
7983,239,2026-10-08T12:02:00,1,20.6013,144468.36,7226.21,5246.84,142380.11
7984,303,2026-10-30T12:38:00,1,14.7384,110738.51,4386.95,3358.84,111247.67
7985,27,2026-10-13T12:26:00,1,5.6731,40654.84,2797.34,1231.73,40471.64
7986,433,2026-10-02T10:13:00,1,2.1387,16786.94,1373.18,461.7,16424.51
7987,256,2026-10-07T10:08:00,1,3.4873,27516.01,2316.5,809.04,26890.68
7988,343,2026-10-11T18:14:00,1,12.5555,87853.14,4425.36,3164.51,87744.14
7989,475,2026-10-14T12:27:00,1,4.7599,33655.77,1861.83,985.3,33455.21
7990,159,2026-10-07T20:12:00,1,106.8915,9958.94,935.16,299.56,9855.57
7991,47,2026-10-22T14:44:00,1,4.4362,31288.69,1705.71,1097.05,30937.05
7992,318,2026-10-26T17:48:00,1,17.6338,123606.53,5900.21,4671.06,121744.27
7993,64,2026-10-12T14:06:00,1,3.1873,22453.44,1155.52,730.88,22434.36
7994,487,2026-10-10T19:59:00,1,139.4639,12855.83,1089.26,367.4,13934.72
7995,59,2026-10-18T16:56:00,1,17.543,126610.91,173.6,4133.54,125433.89
7996,219,2026-10-25T09:08:00,1,78.5036,7233.73,593.9,275.53,7781.34
7997,106,2026-10-01T12:15:00,1,25.5639,180397.03,10266.97,6489.56,177488.62
7998,434,2026-10-08T12:06:00,1,133.699,12417.48,1110.56,401.36,13484.87
7999,352,2026-10-19T14:01:00,1,5.1549,36301.77,2015.19,1286.43,36627.39
8000,325,2026-10-24T09:16:00,1,16.9172,119759.26,6703.3,3301.23,119145.47
8001,3,2026-10-01T17:58:00,1,15.4507,121058.48,9786.25,3478.98,119964.69
8002,232,2026-10-30T16:02:00,1,38.8965,3473.44,189.8,111.82,3434.48
8003,433,2026-10-16T20:10:00,1,2.1387,16825.96,1432.5,514.46,16424.51
8004,247,2026-10-11T15:27:00,1,21.3958,150261.51,8092.41,4820.37,150400.66
8005,108,2026-10-14T16:12:00,1,16.1291,113384.07,5649.1,3420.64,111090.06
8006,283,2026-10-02T11:12:00,1,29.6388,2820.91,316.73,100.19,2739.14
8007,102,2026-10-29T09:05:00,1,18.5,130534.54,6934.01,4284.44,127765.91
8008,324,2026-10-26T13:29:00,1,11.2024,88103.97,7384.4,2866.7,88269.97
8009,267,2026-10-02T10:33:00,1,11.3594,80209.5,4429.58,2532.53,80167.77
8010,369,2026-10-30T18:32:00,1,3.836,27050.57,1502.54,728.61,27004.67
8011,352,2026-10-21T15:53:00,1,5.1549,36561.14,2217.13,1243.03,36627.39
8012,101,2026-10-13T19:11:00,1,6.4304,45462.88,2551.79,1707.66,45056.51
8013,270,2026-10-21T17:36:00,1,4.256,33729.54,3068.68,1243.13,33198.81
8014,205,2026-10-01T15:54:00,1,9.4979,71145.37,2743.77,2527.11,71377.12
8015,422,2026-10-17T11:31:00,1,43.7528,4146.97,453.36,133.95,4400.94
8016,314,2026-10-02T14:10:00,1,3.5003,27584.79,2357.88,1011.8,26980.34
8017,291,2026-10-22T09:27:00,1,2.3094,18118.53,1430.94,538.63,18316.84
8018,292,2026-10-25T11:10:00,1,17.0016,119907.3,6533.83,3759.66,121516.29
8019,336,2026-10-10T16:38:00,1,106.314,9752.33,782.62,325.95,9757.38
8020,236,2026-10-01T09:33:00,1,45.6461,4378.4,516.74,114.4,4723.14
8021,114,2026-10-09T17:58:00,1,22.4097,175180.25,13603.85,4494.45,172028.36
8022,453,2026-10-12T17:29:00,1,24.0131,188738.97,15517.35,5456.17,188274.4
8023,295,2026-10-19T13:57:00,1,14.8897,103771.93,4736.66,3745.65,103325.4
8024,285,2026-10-08T14:34:00,1,15.0484,105616.32,5366.59,3266.81,104994.48
8025,200,2026-10-30T19:08:00,1,16.4058,116418.88,7155.1,4345.29,114509.45
8026,205,2026-10-02T19:32:00,1,9.4979,71298.54,2846.51,2022.87,71377.12
8027,367,2026-10-01T20:26:00,1,9.0261,65092.67,88.86,2018.39,65214.97
8028,159,2026-10-02T18:30:00,1,106.8915,9855.64,824.38,333.04,9855.57
8029,338,2026-10-22T17:31:00,1,10.8588,81803.43,3338.39,2764.66,80139.62
8030,386,2026-10-18T16:33:00,1,6.0161,42273.56,2169.94,1462.44,42664.58
8031,93,2026-10-30T20:59:00,1,10.8246,81903.15,3793.38,2910.19,80998.56
8032,448,2026-10-08T20:56:00,1,1.8774,14722.94,1205.38,400.79,14722.59
8033,465,2026-10-17T10:21:00,1,6.5188,45993.65,2621.86,1191.05,45599.09
8034,419,2026-10-31T19:06:00,1,3.1838,22493.81,1227.68,731.47,22366.68
8035,126,2026-10-21T10:18:00,1,5.5909,39882.46,2633.65,1123.24,39847.32
8036,437,2026-10-06T16:42:00,1,4.6132,36746.49,3534.77,996.89,36178.81
8037,180,2026-10-13T18:38:00,1,21.5984,154075.72,9946.14,4477.02,153122.2
8038,147,2026-10-31T10:31:00,1,27.792,197828.43,12192.32,5687.97,193824.6
8039,291,2026-10-06T09:22:00,1,2.3094,18111.99,1485.97,631.15,18316.84
8040,345,2026-10-28T11:02:00,1,6.9195,49065.02,2832.38,1512.62,49167.15
8041,282,2026-10-10T16:33:00,1,41.6824,296605.4,18644.23,11091.95,295739.41
8042,146,2026-10-23T09:48:00,1,45.6533,4103.12,247.24,118.33,4068.27
8043,62,2026-10-11T15:08:00,1,4.7149,37247.85,3262.29,1093.86,37523.03
8044,63,2026-10-20T19:20:00,1,12.9209,90576.05,4625.84,2881.95,91101.24
8045,449,2026-10-14T14:42:00,1,12.1078,90980.41,3752.79,2474.92,89778.51
8046,455,2026-10-10T15:25:00,1,21.0382,147728.69,7434.4,4413.61,146482.23
8047,242,2026-10-06T09:29:00,1,137.6048,12763.7,1125.09,420.29,13734.42
8048,87,2026-10-05T18:17:00,1,5.8771,42225.03,2900.0,1307.98,41296.96
8049,25,2026-10-14T13:06:00,1,12.8433,100488.48,7962.14,2699.71,100257.6
8050,122,2026-10-17T12:35:00,1,4.447,34996.82,2903.49,1217.23,34655.8
8051,217,2026-10-22T12:39:00,1,32.1275,3041.68,323.69,86.38,3280.44
8052,73,2026-10-26T18:33:00,1,10.0421,75381.47,3022.52,2447.32,75140.23
8053,206,2026-10-05T13:27:00,1,25.6022,181321.47,10011.26,6143.23,179409.86
8054,345,2026-10-17T15:57:00,1,6.9195,48938.25,2900.46,1369.78,49167.15
8055,230,2026-10-03T14:31:00,1,3.6613,28779.05,2337.58,869.51,28377.29
8056,143,2026-10-21T13:12:00,1,12.2929,92536.62,3976.72,3031.72,92374.57
8057,263,2026-10-21T18:10:00,1,11.0827,87057.67,7216.24,3015.44,85889.43
8058,219,2026-10-05T09:41:00,1,78.5036,7241.93,625.65,243.5,7781.34
8059,212,2026-10-02T15:26:00,1,170.6976,15665.54,1243.3,416.51,17057.24
8060,459,2026-10-10T09:37:00,1,6.8639,51763.23,2352.55,1746.99,51697.62
8061,426,2026-10-14T09:36:00,1,38.3169,3651.64,420.76,121.75,3943.04
8062,482,2026-10-28T10:27:00,1,14.7715,103841.47,5145.69,2720.76,101157.77
8063,207,2026-10-12T14:19:00,1,13.2941,100437.46,4538.74,3333.4,98609.31
8064,180,2026-10-31T09:03:00,1,21.5984,152994.48,8728.4,5327.16,153122.2
8065,53,2026-10-16T15:08:00,1,39.5475,3557.9,212.97,130.67,3823.01
8066,348,2026-10-24T19:44:00,1,9.5558,67451.94,3591.48,2354.6,66902.72
8067,84,2026-10-26T14:11:00,1,13.5748,95669.73,5057.4,3565.14,95072.35
8068,438,2026-10-23T17:36:00,1,3.7537,26385.14,1390.53,900.12,26461.5
8069,271,2026-10-30T12:03:00,1,4.3867,34966.21,3312.0,1202.4,34477.91
8070,267,2026-10-25T15:25:00,1,11.3594,80461.24,4712.22,2222.37,80167.77
8071,198,2026-10-27T10:02:00,1,15.7741,1415.79,83.19,43.49,1402.87
8072,399,2026-10-15T19:25:00,1,14.9726,112330.34,4368.76,3640.89,112332.36
8073,400,2026-10-30T16:05:00,1,27.1971,2544.33,248.35,68.98,2604.31
8074,115,2026-10-22T11:22:00,1,15.2051,110035.75,164.61,2818.22,108959.61
8075,20,2026-10-31T11:29:00,1,10.7348,80548.21,3107.04,2340.14,80272.03
8076,224,2026-10-30T18:41:00,1,48.1507,4574.22,509.34,131.46,4971.13
8077,163,2026-10-25T15:43:00,1,45.0083,4039.56,232.76,120.91,4378.61
8078,366,2026-10-30T12:18:00,1,20.7568,1853.09,100.8,67.54,2026.31
8079,267,2026-10-29T10:05:00,1,11.3594,80201.64,4308.24,2925.52,80167.77
8080,219,2026-10-01T18:56:00,1,78.5036,7226.34,584.94,219.59,7781.34
8081,187,2026-10-07T17:34:00,1,12.717,99855.49,7961.43,3811.84,99284.23
8082,384,2026-10-16T17:31:00,1,139.1589,12848.46,1078.4,427.52,13806.42
8083,490,2026-10-11T09:16:00,1,5.6869,40091.64,2303.78,1405.47,39431.19
8084,385,2026-10-03T11:50:00,1,45.0218,4366.01,558.97,161.04,4324.75
8085,283,2026-10-24T12:03:00,1,29.6388,2811.51,313.26,104.97,2739.14
8086,429,2026-10-28T13:46:00,1,11.4674,86133.87,3375.25,3223.34,86977.22
8087,124,2026-10-01T11:38:00,1,16.7443,131459.41,10870.98,3779.46,128948.28
8088,265,2026-10-15T13:14:00,1,20.2554,1919.6,210.85,56.39,1896.91
8089,122,2026-10-25T20:19:00,1,4.447,35332.57,3248.35,970.31,34655.8
8090,183,2026-10-22T16:44:00,1,18.2712,128724.95,6882.72,4001.53,129006.3
8091,342,2026-10-24T13:54:00,1,33.6753,3225.0,386.51,111.76,3531.28
8092,477,2026-10-16T19:40:00,1,13.4506,95252.92,5564.18,2596.34,94914.32
8093,407,2026-10-13T16:09:00,1,9.1757,64583.31,3352.4,2408.5,63145.55
8094,419,2026-10-28T12:42:00,1,3.1838,22619.74,1347.18,812.28,22366.68
8095,413,2026-10-10T15:28:00,1,9.2313,69172.04,2719.33,2474.78,69692.43
8096,334,2026-10-29T09:02:00,1,14.5628,103152.97,5857.3,3789.82,101921.6
8097,318,2026-10-19T11:39:00,1,17.6338,123387.59,6100.6,3619.22,121744.27
8098,272,2026-10-06T15:40:00,1,5.634,40102.84,2575.33,1153.75,39860.07
8099,138,2026-10-05T15:22:00,1,3.6759,28745.36,2208.27,920.87,29060.19
8100,271,2026-10-12T09:58:00,1,4.3867,34997.47,3353.44,1106.41,34477.91
8101,461,2026-10-25T10:00:00,1,4.6784,36818.96,3065.24,1185.61,36331.05
8102,182,2026-10-21T18:05:00,1,12.8188,92473.25,124.69,3034.61,92483.25
8103,192,2026-10-25T13:14:00,1,4.2888,30663.95,2064.52,992.55,30519.56
8104,141,2026-10-22T14:07:00,1,2.1494,17064.9,1533.46,631.75,16856.21
8105,346,2026-10-05T12:58:00,1,3.0109,21635.36,1488.74,615.61,21256.38
8106,141,2026-10-09T20:01:00,1,2.1494,16770.42,1273.01,615.9,16856.21
8107,275,2026-10-25T12:04:00,1,5.1673,38775.87,1494.83,1416.19,38494.77
8108,499,2026-10-24T19:18:00,1,13.2935,103500.68,7560.29,3085.19,102010.86
8109,128,2026-10-11T19:58:00,1,11.2314,81079.32,122.04,2635.92,79829.9
8110,143,2026-10-28T16:13:00,1,12.2929,92513.09,3796.95,2392.67,92374.57
8111,368,2026-10-24T11:04:00,1,6.4593,48821.88,2204.53,1347.36,48411.74
8112,339,2026-10-04T13:40:00,1,4.9004,34679.85,2075.48,968.81,34103.43
8113,81,2026-10-04T14:16:00,1,18.3862,129373.74,7042.81,4157.95,128128.95
8114,140,2026-10-25T18:13:00,1,21.4836,1924.41,107.33,62.9,2063.66
8115,409,2026-10-15T16:03:00,1,46.9191,4440.02,481.92,139.56,4393.04
8116,196,2026-10-28T14:41:00,1,29.6387,2772.59,268.42,71.87,2817.1
8117,384,2026-10-01T15:42:00,1,139.1589,12916.94,1144.1,484.87,13806.42
8118,117,2026-10-06T13:45:00,1,31.0203,2777.06,153.36,77.47,2761.05
8119,349,2026-10-28T11:27:00,1,3.9789,31437.48,2722.32,1202.43,31280.73
8120,178,2026-10-15T16:38:00,1,4.4698,31606.78,1871.79,1196.62,31553.38
8121,280,2026-10-02T16:32:00,1,57.5885,5413.36,547.71,172.61,5785.46
8122,331,2026-10-26T16:38:00,1,6.1706,43776.95,2587.95,1479.75,43422.43
8123,491,2026-10-17T11:44:00,1,28.3832,199626.02,10782.94,6805.96,196145.75
8124,346,2026-10-07T12:24:00,1,3.0109,21534.16,1387.51,722.64,21256.38
8125,302,2026-10-26T14:17:00,1,24.6146,172244.57,7941.13,5554.11,173269.35
8126,143,2026-10-04T17:43:00,1,12.2929,92832.5,4221.96,3334.84,92374.57
8127,120,2026-10-17T20:56:00,1,3.0118,24018.74,2283.03,753.96,23932.83
8128,304,2026-10-05T11:47:00,1,23.2115,163481.88,8168.39,5021.68,163176.85
8129,322,2026-10-01T14:06:00,1,36.3621,256045.22,14052.17,9187.38,257975.67
8130,168,2026-10-20T16:59:00,1,22.6916,2152.91,237.06,63.76,2348.48
8131,152,2026-10-15T20:31:00,1,14.682,103171.56,5500.73,3358.8,104098.4
8132,54,2026-10-12T12:13:00,1,23.9682,187689.31,14791.58,6569.6,187282.13
8133,39,2026-10-21T12:04:00,1,38.8962,3670.32,384.76,138.16,3941.11
8134,423,2026-10-22T16:21:00,1,46.576,4159.85,219.52,122.4,4122.44
8135,477,2026-10-13T15:47:00,1,13.4506,95257.55,5499.54,3190.0,94914.32
8136,52,2026-10-28T09:09:00,1,8.4833,61307.03,84.24,1852.57,61107.55
8137,61,2026-10-26T09:10:00,1,13.7262,96338.57,4715.64,2491.42,94538.58
8138,267,2026-10-17T18:22:00,1,11.3594,79829.04,4251.09,2720.99,80167.77
8139,472,2026-10-27T16:03:00,1,13.3279,93844.38,4964.88,3207.62,91782.23
8140,410,2026-10-01T14:14:00,1,25.5672,2411.04,248.05,81.37,2604.67
8141,274,2026-10-29T15:12:00,1,4.3282,34377.8,3121.75,1264.92,33874.1
8142,52,2026-10-20T12:56:00,1,8.4833,61193.86,88.23,1825.76,61107.55
8143,265,2026-10-27T12:10:00,1,20.2554,1929.83,218.65,73.77,1896.91
8144,388,2026-10-18T19:10:00,1,12.1851,87942.49,121.06,2899.2,87746.43
8145,377,2026-10-28T19:53:00,1,10.3794,81664.32,6757.64,2611.1,81782.5
8146,423,2026-10-13T17:43:00,1,46.576,4180.41,245.67,116.6,4122.44
8147,325,2026-10-16T20:56:00,1,16.9172,118997.64,6193.58,3181.67,119145.47
8148,185,2026-10-06T12:34:00,1,138.7501,12882.85,1147.37,455.07,13875.63
8149,263,2026-10-05T14:28:00,1,11.0827,87135.73,7127.39,2259.99,85889.43
8150,321,2026-10-07T19:19:00,1,3.0001,23719.86,2040.9,701.49,23637.09
8151,134,2026-10-21T10:37:00,1,8.2685,59651.99,84.48,2144.96,59124.2
8152,376,2026-10-19T19:36:00,1,28.2449,199431.9,11567.73,5795.12,199320.81
8153,404,2026-10-25T13:42:00,1,42.524,301968.82,18401.78,8409.95,302377.91
8154,108,2026-10-18T20:53:00,1,16.1291,112911.88,5394.49,4286.47,111090.06
8155,76,2026-10-25T10:54:00,1,36.1511,256232.7,15162.7,9646.66,253596.23
8156,188,2026-10-15T19:26:00,1,32.234,2891.83,172.57,82.49,2865.94
8157,282,2026-10-11T14:43:00,1,41.6824,292743.22,15775.34,9160.56,295739.41
8158,60,2026-10-29T19:58:00,1,6.9398,49164.61,2799.04,1478.6,49434.24
8159,64,2026-10-26T19:34:00,1,3.1873,22430.56,1155.21,629.2,22434.36
8160,232,2026-10-15T14:37:00,1,38.8965,3461.42,180.11,89.45,3434.48
8161,57,2026-10-09T15:27:00,1,19.0088,137237.18,181.64,4816.37,135836.68
8162,484,2026-10-03T20:29:00,1,8.7331,65930.64,2861.24,2368.03,65989.44
8163,366,2026-10-13T20:21:00,1,20.7568,1863.46,109.93,70.81,2026.31
8164,30,2026-10-23T09:49:00,1,7.7113,58001.24,2354.26,1686.85,57913.08
8165,45,2026-10-01T14:21:00,1,16.0869,113238.86,6179.09,3467.41,112962.67
8166,242,2026-10-13T15:54:00,1,137.6048,12768.49,1143.64,402.29,13734.42
8167,341,2026-10-28T14:47:00,1,23.4326,166937.58,10372.66,6256.81,166136.18
8168,244,2026-10-29T19:30:00,1,15.9038,111926.91,5671.87,3064.85,111267.13
8169,257,2026-10-10T09:27:00,1,3.6998,26028.97,1356.67,685.88,26155.07
8170,278,2026-10-11T20:09:00,1,14.5841,114074.45,8950.51,4077.15,111708.45
8171,129,2026-10-08T15:48:00,1,58.1956,5557.73,636.13,198.01,5491.03
8172,374,2026-10-06T19:01:00,1,158.1349,14543.29,1168.24,503.17,14382.69
8173,460,2026-10-14T14:14:00,1,20.4061,160081.63,13070.98,5814.56,160633.54
8174,453,2026-10-27T09:20:00,1,24.0131,188626.58,15552.88,5359.36,188274.4
8175,109,2026-10-25T17:38:00,1,38.1991,3641.54,410.66,107.04,3663.12
8176,1,2026-10-31T19:57:00,1,4.1528,32860.0,2901.58,1063.37,33088.59
8177,444,2026-10-14T18:51:00,1,21.3326,149434.13,6942.17,4212.64,149570.04
8178,345,2026-10-13T16:07:00,1,6.9195,48727.63,2552.7,1788.6,49167.15
8179,457,2026-10-27T15:38:00,1,28.4822,2535.79,129.61,77.84,2518.59
8180,30,2026-10-08T09:21:00,1,7.7113,57957.3,2434.78,2129.17,57913.08
8181,308,2026-10-02T19:53:00,1,22.5917,159762.45,9050.51,4334.55,157919.72
8182,306,2026-10-21T18:27:00,1,28.0255,198122.62,11405.53,6262.02,196973.59
8183,359,2026-10-07T13:26:00,1,1.683,13168.78,1007.29,434.09,12973.64
8184,236,2026-10-02T19:03:00,1,45.6461,4411.81,555.17,148.06,4723.14
8185,294,2026-10-15T10:55:00,1,11.2674,1004.28,53.76,31.11,1099.9
8186,80,2026-10-05T12:01:00,1,3.9658,28155.74,1619.66,1056.01,27956.4
8187,274,2026-10-22T13:45:00,1,4.3282,34457.12,3181.81,1120.74,33874.1
8188,250,2026-10-15T17:09:00,1,77.1732,7501.14,990.81,243.8,7384.08
8189,137,2026-10-25T15:33:00,1,19.0534,148250.99,10784.52,4456.0,148363.19
8190,395,2026-10-13T11:28:00,1,3.4824,27527.97,2456.15,856.51,26609.85
8191,135,2026-10-30T12:00:00,1,22.9212,2164.32,229.31,81.41,2313.05
8192,464,2026-10-25T16:04:00,1,13.6974,107773.94,8949.94,3545.17,106073.58
8193,478,2026-10-11T18:22:00,1,4.5452,35789.58,3027.23,1289.28,35575.85
8194,9,2026-10-04T12:24:00,1,3.5458,28196.23,2637.15,791.98,28130.5
8195,241,2026-10-28T10:53:00,1,21.0662,148200.84,7447.02,5041.9,146917.66
8196,174,2026-10-13T10:17:00,1,36.7959,260832.54,15287.61,9120.79,261235.38
8197,10,2026-10-18T13:48:00,1,7.7867,54809.03,2902.5,1778.24,54210.59
8198,444,2026-10-13T10:41:00,1,21.3326,149536.42,7180.57,4994.04,149570.04
8199,128,2026-10-15T09:36:00,1,11.2314,81088.12,102.87,2898.03,79829.9
8200,148,2026-10-22T12:42:00,1,2.6633,21024.42,1779.57,716.89,20944.68
8201,58,2026-10-12T12:30:00,1,55.451,5155.84,479.66,158.94,5047.45
8202,287,2026-10-03T19:53:00,1,11.5804,82165.13,4661.33,2227.7,80373.75
8203,325,2026-10-03T10:45:00,1,16.9172,119475.66,6254.42,3842.58,119145.47
8204,129,2026-10-13T09:17:00,1,58.1956,5657.61,741.25,203.01,5491.03
8205,480,2026-10-15T20:19:00,1,23.4422,165023.12,9075.76,4866.44,166738.59
8206,151,2026-10-20T19:51:00,1,18.1146,127744.42,7245.56,4529.29,126093.84
8207,292,2026-10-03T12:39:00,1,17.0016,120682.0,6895.9,4023.79,121516.29
8208,136,2026-10-30T10:55:00,1,27.1123,191172.9,10603.08,6263.68,190610.02
8209,375,2026-10-21T19:10:00,1,4.191,29988.0,2065.88,1006.54,29365.44
8210,232,2026-10-26T09:39:00,1,38.8965,3493.76,207.78,116.12,3434.48
8211,268,2026-10-28T09:40:00,1,7.2654,52513.19,79.82,1987.75,52386.89
8212,225,2026-10-27T13:19:00,1,26.4171,188199.19,12032.0,4992.82,187480.52
8213,458,2026-10-03T20:24:00,1,5.2364,37368.37,2322.87,1262.12,36647.98
8214,53,2026-10-04T11:53:00,1,39.5475,3538.98,196.82,111.73,3823.01
8215,324,2026-10-09T16:03:00,1,11.2024,87039.21,6268.67,2230.39,88269.97
8216,298,2026-10-01T14:35:00,1,12.0285,90354.08,3727.71,2913.16,89873.29
8217,82,2026-10-09T18:41:00,1,61.9363,6055.97,817.4,155.94,5877.56
8218,257,2026-10-16T20:20:00,1,3.6998,26212.88,1542.58,868.81,26155.07
8219,374,2026-10-16T09:14:00,1,158.1349,14558.31,1183.26,558.75,14382.69
8220,33,2026-10-07T17:55:00,1,20.5951,144414.61,6607.85,3816.24,144592.47
8221,220,2026-10-03T18:27:00,1,39.659,3549.78,196.21,117.66,3876.63
8222,96,2026-10-25T13:40:00,1,14.1124,98703.02,4595.89,2918.6,98136.12
8223,494,2026-10-15T10:39:00,1,3.4802,24692.58,1540.83,836.08,24604.21
8224,144,2026-10-19T17:59:00,1,7.8189,55424.13,3418.59,1664.49,54445.48
8225,114,2026-10-06T18:02:00,1,22.4097,176111.75,14778.04,4678.17,172028.36
8226,46,2026-10-01T15:14:00,1,3.1675,24720.68,1909.11,905.36,25049.19
8227,114,2026-10-09T11:28:00,1,22.4097,176184.65,14608.25,6393.53,172028.36
8228,488,2026-10-25T09:34:00,1,4.4681,31800.23,2005.15,1123.35,31759.9
8229,174,2026-10-19T15:32:00,1,36.7959,259593.58,14854.48,8901.75,261235.38
8230,93,2026-10-08T20:23:00,1,10.8246,81483.67,3544.93,2861.48,80998.56
8231,141,2026-10-07T11:05:00,1,2.1494,16983.09,1451.35,490.43,16856.21
8232,129,2026-10-17T14:41:00,1,58.1956,5629.88,717.01,152.57,5491.03
8233,457,2026-10-11T10:43:00,1,28.4822,2547.08,141.76,84.83,2518.59
8234,196,2026-10-28T17:48:00,1,29.6387,2828.66,324.49,80.04,2817.1
8235,475,2026-10-12T12:10:00,1,4.7599,33893.98,2087.76,1217.36,33455.21
8236,481,2026-10-30T17:48:00,1,9.6978,70070.09,91.25,2118.13,70080.68
8237,116,2026-10-20T14:57:00,1,4.3399,34295.39,3034.87,929.5,34179.58
8238,90,2026-10-27T20:14:00,1,25.9884,183830.02,10521.7,6309.47,184228.33
8239,79,2026-10-09T10:47:00,1,19.4648,136358.73,6451.24,4710.23,134335.63
8240,109,2026-10-19T18:56:00,1,38.1991,3600.61,370.49,126.38,3663.12
8241,231,2026-10-11T09:31:00,1,16.9595,133323.66,11077.55,3696.0,131187.83
8242,106,2026-10-29T15:45:00,1,25.5639,180936.58,10141.35,4675.99,177488.62
8243,138,2026-10-28T20:33:00,1,3.6759,29008.96,2480.5,1029.02,29060.19
8244,25,2026-10-29T18:57:00,1,12.8433,100152.93,7405.17,3228.64,100257.6
8245,156,2026-10-02T11:33:00,1,40.2472,3600.75,200.26,123.46,3905.61
8246,201,2026-10-06T16:47:00,1,18.3302,128873.48,6777.85,3872.06,129569.1
8247,97,2026-10-19T16:01:00,1,12.0171,83873.46,3944.6,2933.6,83643.95
8248,409,2026-10-14T19:23:00,1,46.9191,4460.76,504.54,123.17,4393.04
8249,462,2026-10-17T15:01:00,1,52.4788,5116.9,686.64,178.41,4995.91
8250,280,2026-10-02T19:08:00,1,57.5885,5426.24,560.59,176.31,5785.46
8251,223,2026-10-05T19:05:00,1,5.2555,41807.57,3867.01,1571.74,41228.9
8252,218,2026-10-15T10:23:00,1,41.5219,293218.32,16997.2,7581.78,288363.83
8253,106,2026-10-28T20:01:00,1,25.5639,180759.71,9954.51,6804.96,177488.62
8254,414,2026-10-07T13:59:00,1,3.8752,30897.19,2894.68,1094.3,29798.99
8255,500,2026-10-15T15:54:00,1,31.1716,220397.9,13031.32,6594.21,215660.52
8256,372,2026-10-18T12:47:00,1,4.8056,33960.19,1925.82,1163.08,34157.75
8257,261,2026-10-03T18:37:00,1,3.9864,31243.84,2454.54,975.64,31349.87
8258,287,2026-10-16T20:54:00,1,11.5804,81185.67,3967.45,2110.59,80373.75
8259,177,2026-10-08T18:35:00,1,21.5109,152346.94,9045.2,4952.37,149601.12
8260,394,2026-10-03T19:50:00,1,16.5177,117198.46,6650.94,4057.06,115428.66
8261,414,2026-10-08T15:51:00,1,3.8752,30877.49,2975.47,1133.87,29798.99
8262,441,2026-10-11T12:48:00,1,5.6742,40232.81,2529.34,1415.04,40522.82
8263,343,2026-10-16T13:21:00,1,12.5555,88371.35,4651.15,2702.24,87744.14
8264,62,2026-10-06T11:10:00,1,4.7149,37327.66,3383.77,1398.39,37523.03
8265,82,2026-10-01T12:50:00,1,61.9363,5989.24,749.43,220.54,5877.56
8266,149,2026-10-25T13:51:00,1,24.2917,189566.15,14306.39,5475.01,190817.31
8267,71,2026-10-19T10:13:00,1,13.8926,104663.51,4504.12,3662.45,103051.46
8268,277,2026-10-02T15:02:00,1,56.7869,5472.23,674.3,179.24,5388.83
8269,486,2026-10-24T19:12:00,1,25.5385,2278.61,125.97,75.62,2274.75
8270,322,2026-10-20T15:42:00,1,36.3621,256429.94,14548.16,6808.28,257975.67
8271,452,2026-10-17T18:09:00,1,17.8714,125959.65,7055.15,4386.12,127221.62
8272,39,2026-10-13T20:24:00,1,38.8962,3647.35,361.4,120.55,3941.11
8273,8,2026-10-10T14:44:00,1,4.5632,36166.98,3318.19,1150.28,35365.16
8274,265,2026-10-26T12:26:00,1,20.2554,1925.84,214.66,67.79,1896.91
8275,346,2026-10-07T18:21:00,1,3.0109,21537.86,1391.21,650.7,21256.38
8276,346,2026-10-31T11:20:00,1,3.0109,21506.94,1395.69,664.87,21256.38
8277,333,2026-10-02T13:04:00,1,52.5275,5091.9,653.85,155.34,5479.96
8278,75,2026-10-07T17:39:00,1,5.2811,37627.63,2290.52,1226.78,37112.22
8279,311,2026-10-22T17:56:00,1,6.7935,51390.99,2301.57,1316.71,51014.29
8280,275,2026-10-25T09:33:00,1,5.1673,39021.69,1740.65,1466.46,38494.77
8281,38,2026-10-03T10:18:00,1,9.9544,71996.68,107.2,1846.46,71867.8
8282,318,2026-10-24T20:25:00,1,17.6338,123614.86,5769.94,4681.69,121744.27
8283,14,2026-10-08T09:32:00,1,37.31,265100.1,16547.6,8191.37,262318.39
8284,345,2026-10-11T13:16:00,1,6.9195,49012.51,3034.37,1670.25,49167.15
8285,417,2026-10-25T16:08:00,1,14.235,107050.16,4347.48,3839.72,105673.59
8286,416,2026-10-04T20:45:00,1,5.6718,40159.99,2423.18,1117.43,38864.83
8287,265,2026-10-16T17:50:00,1,20.2554,1930.08,216.88,54.66,1896.91
8288,120,2026-10-25T10:43:00,1,3.0118,24024.47,2294.94,834.93,23932.83
8289,490,2026-10-17T17:57:00,1,5.6869,39909.11,2072.23,1177.19,39431.19
8290,159,2026-10-23T16:36:00,1,106.8915,9838.84,810.78,348.99,9855.57
8291,261,2026-10-11T20:50:00,1,3.9864,31563.25,2828.8,959.85,31349.87
8292,139,2026-10-06T09:04:00,1,9.7207,72854.54,2872.5,1978.41,72292.83
8293,433,2026-10-17T16:10:00,1,2.1387,16921.65,1486.97,535.54,16424.51
8294,319,2026-10-03T12:06:00,1,72.4721,7035.02,906.78,242.46,7444.73
8295,66,2026-10-06T20:28:00,1,14.0417,101243.59,153.46,3054.23,100611.13
8296,165,2026-10-13T19:13:00,1,34.0778,240309.12,12902.51,6328.05,240866.27
8297,58,2026-10-05T16:50:00,1,55.451,5079.06,405.65,164.34,5047.45
8298,400,2026-10-01T11:31:00,1,27.1971,2562.42,261.55,88.66,2604.31
8299,456,2026-10-11T10:34:00,1,2.4701,19418.66,1613.88,634.17,18869.74
8300,169,2026-10-20T12:01:00,1,4.4869,35656.13,3336.76,923.83,35379.58
8301,456,2026-10-09T16:10:00,1,2.4701,19292.06,1482.37,578.84,18869.74
8302,466,2026-10-13T10:00:00,1,4.9899,39131.29,3206.11,1446.64,39724.52
8303,307,2026-10-12T09:57:00,1,20.694,161012.97,11734.11,6047.26,159864.7
8304,440,2026-10-03T11:48:00,1,4.4772,31740.86,1776.44,1080.23,31473.28
8305,172,2026-10-03T11:09:00,1,27.5585,2460.58,130.23,90.31,2681.44
8306,104,2026-10-18T19:28:00,1,47.6116,4513.32,490.62,119.88,4803.13
8307,19,2026-10-06T17:56:00,1,12.8924,89963.08,4088.09,2954.46,88723.96
8308,451,2026-10-03T10:55:00,1,13.8323,97738.29,5163.27,2892.1,96203.06
8309,486,2026-10-25T10:55:00,1,25.5385,2282.05,122.0,76.42,2274.75
8310,375,2026-10-08T16:31:00,1,4.191,29924.82,2005.13,779.81,29365.44
8311,77,2026-10-29T20:18:00,1,5.0459,39964.64,3525.72,1041.68,40007.15
8312,193,2026-10-02T17:00:00,1,14.9404,105103.44,5434.24,3459.38,102287.59
8313,232,2026-10-24T19:56:00,1,38.8965,3486.39,207.8,98.39,3434.48
8314,471,2026-10-12T14:01:00,1,4.1632,29590.78,1771.78,1121.36,29492.86
8315,61,2026-10-31T11:20:00,1,13.7262,96797.86,5113.98,2710.33,94538.58
8316,37,2026-10-02T13:24:00,1,3.501,24703.42,1347.83,895.98,24874.3
8317,498,2026-10-04T14:42:00,1,29.3844,2629.77,146.49,68.52,2596.58
8318,41,2026-10-26T12:14:00,1,3.6873,26155.41,1542.54,782.71,25728.91
8319,349,2026-10-05T12:03:00,1,3.9789,31067.33,2342.82,952.72,31280.73
8320,460,2026-10-28T11:18:00,1,20.4061,160574.94,13306.97,5826.75,160633.54
8321,1,2026-10-16T12:21:00,1,4.1528,32686.26,2796.15,1103.58,33069.85
8322,303,2026-10-21T12:15:00,1,14.7384,111063.97,4886.33,3433.03,111247.67
8323,301,2026-10-02T19:33:00,1,33.2508,3123.4,314.04,95.31,3387.51
8324,192,2026-10-16T10:37:00,1,4.2888,30442.01,1844.25,865.54,30519.56
8325,170,2026-10-28T09:50:00,1,3.1856,25062.48,2072.45,866.98,24560.11
8326,295,2026-10-10T15:31:00,1,14.8897,104089.25,4796.54,2853.36,103325.4
8327,191,2026-10-02T17:15:00,1,10.7173,77338.77,98.44,2286.83,77465.39
8328,344,2026-10-04T09:14:00,1,14.46,101034.47,4826.16,3055.57,100842.02
8329,308,2026-10-09T14:55:00,1,22.5917,160774.45,9998.12,5976.22,157919.72
8330,449,2026-10-12T20:18:00,1,12.1078,91224.11,3882.92,3124.12,89778.51
8331,205,2026-10-28T09:06:00,1,9.4979,71731.98,3186.97,2426.57,71377.12
8332,269,2026-10-04T09:08:00,1,4.0936,28959.9,1723.5,1080.5,28237.31
8333,115,2026-10-06T14:06:00,1,15.2051,109602.68,136.91,3332.35,108959.61
8334,320,2026-10-17T15:47:00,1,11.7703,88746.8,3802.31,2958.04,88241.28
8335,9,2026-10-27T14:02:00,1,3.5458,28084.89,2528.64,1025.13,28130.5
8336,243,2026-10-11T18:59:00,1,15.8002,114035.73,145.99,4354.34,111419.59
8337,87,2026-10-13T19:22:00,1,5.8771,42030.01,2811.18,1324.24,41296.96
8338,427,2026-10-01T15:41:00,1,60.6339,5825.3,695.67,156.15,6272.72
8339,85,2026-10-22T17:40:00,1,26.0333,2323.35,120.93,78.43,2522.05
8340,152,2026-10-07T14:27:00,1,14.682,103619.33,5378.54,3546.42,104098.4
8341,287,2026-10-29T19:31:00,1,11.5804,81984.76,4614.83,2766.71,80373.75
8342,418,2026-10-31T09:16:00,1,23.6409,183779.39,13233.23,5039.22,183063.7
8343,450,2026-10-31T09:53:00,1,10.9034,974.28,55.12,31.0,1046.78
8344,122,2026-10-13T13:31:00,1,4.447,35305.62,3289.09,1057.18,34655.8
8345,199,2026-10-25T11:46:00,1,19.2605,135456.15,7019.43,3905.51,135526.19
8346,378,2026-10-28T18:59:00,1,22.3074,157238.94,8192.05,4256.77,155755.48
8347,234,2026-10-31T13:23:00,1,16.4047,115553.61,5978.74,3280.44,115970.08
8348,310,2026-10-12T09:03:00,1,30.6255,217133.3,12490.03,8218.94,214170.23
8349,78,2026-10-21T15:46:00,1,3.8207,30262.09,2737.19,781.86,30145.76
8350,311,2026-10-12T14:27:00,1,6.7935,51094.94,2089.14,1436.09,51014.29
8351,484,2026-10-30T20:08:00,1,8.7331,65674.86,2657.25,2363.41,65989.44
8352,316,2026-10-09T09:50:00,1,4.8799,38397.73,3213.11,1292.22,37802.56
8353,325,2026-10-01T13:20:00,1,16.9172,119098.23,6512.74,4482.53,119145.47
8354,32,2026-10-21T15:42:00,1,9.8569,69135.37,3464.76,2003.59,68990.65
8355,159,2026-10-15T15:00:00,1,106.8915,9794.04,776.67,355.54,9855.57
8356,235,2026-10-10T15:00:00,1,8.0469,58000.89,74.23,1528.81,57915.77
8357,90,2026-10-06T12:42:00,1,25.9884,183722.2,10616.07,5492.56,184228.33
8358,350,2026-10-03T16:26:00,1,40.4539,3610.44,189.66,126.76,3900.46
8359,100,2026-10-06T14:19:00,1,3.7986,26835.51,1533.42,998.7,26721.43
8360,492,2026-10-03T09:06:00,1,5.5826,44218.27,3901.4,1282.49,43858.87
8361,205,2026-10-08T09:22:00,1,9.4979,71715.86,3329.56,2248.21,71377.12
8362,411,2026-10-18T10:28:00,1,13.1482,92035.05,4388.49,2550.15,92603.34
8363,101,2026-10-20T18:47:00,1,6.4304,45195.18,2419.97,1593.85,45056.51
8364,216,2026-10-20T17:10:00,1,3.2471,25721.35,2332.33,692.48,25710.38
8365,427,2026-10-19T14:27:00,1,60.6339,5843.64,716.44,199.04,6272.72
8366,59,2026-10-05T15:18:00,1,17.543,126832.98,186.38,4515.56,125433.89
8367,204,2026-10-09T16:24:00,1,23.1628,2200.97,241.86,79.92,2203.47
8368,138,2026-10-15T11:21:00,1,3.6759,28921.1,2415.62,872.02,29060.19
8369,478,2026-10-02T09:47:00,1,4.5452,35974.26,3216.69,1345.35,35575.85
8370,362,2026-10-03T13:15:00,1,198.9095,18458.41,1638.62,708.5,20107.23
8371,423,2026-11-27T11:22:00,1,46.576,4229.8,254.54,139.7,4122.44
8372,249,2026-11-29T11:32:00,1,17.3609,120560.05,5487.66,3981.56,121096.77
8373,231,2026-11-04T19:21:00,1,16.9595,130902.14,9174.99,4224.0,131187.83
8374,407,2026-11-27T19:54:00,1,9.1757,63943.02,2959.12,1832.08,63145.55
8375,82,2026-11-11T12:11:00,1,61.9363,6046.86,770.51,165.71,5877.56
8376,498,2026-11-30T15:21:00,1,29.3844,2656.13,151.99,92.65,2596.58
8377,444,2026-11-19T10:55:00,1,21.3326,148598.79,6895.71,5254.55,149570.04
8378,447,2026-11-19T14:11:00,1,35.9406,254713.15,15975.56,8245.69,250465.93
8379,283,2026-11-28T09:54:00,1,29.6388,2805.02,278.91,93.52,2739.14
8380,458,2026-11-11T16:14:00,1,5.2364,37115.07,2212.53,1411.33,36647.98
8381,473,2026-11-01T09:14:00,1,4.9432,34734.17,2069.8,1129.84,34863.6
8382,300,2026-11-29T20:27:00,1,18.9634,132367.58,6673.42,3420.06,132207.48
8383,339,2026-11-16T11:44:00,1,4.9004,34469.13,1946.01,1059.71,34103.43
8384,367,2026-11-28T10:47:00,1,9.0261,64748.1,82.41,2374.5,64891.48
8385,9,2026-11-11T10:37:00,1,3.5458,27724.89,2240.16,883.51,28130.5
8386,244,2026-11-02T13:58:00,1,15.9038,111908.08,6166.58,4266.14,111267.13
8387,404,2026-11-10T09:54:00,1,42.524,300019.21,17318.38,10394.26,302377.91
8388,233,2026-11-19T13:15:00,1,12.6163,95117.27,4395.48,3645.65,92727.37
8389,273,2026-11-15T17:41:00,1,5.1573,38738.86,1748.85,1225.18,38716.4
8390,163,2026-11-08T19:20:00,1,45.0083,4052.39,207.78,139.63,4378.61
8391,397,2026-11-26T18:20:00,1,7.6603,53868.32,2986.08,1720.57,53492.63
8392,319,2026-11-30T15:11:00,1,72.4721,7039.1,863.03,194.93,7444.73
8393,393,2026-11-14T12:10:00,1,5.8217,41130.09,2476.51,1429.88,40681.64
8394,141,2026-11-08T19:55:00,1,2.1494,16841.33,1394.04,440.38,16856.21
8395,337,2026-11-20T09:20:00,1,6.8574,51164.2,2009.53,1746.48,51467.22
8396,218,2026-11-13T10:59:00,1,41.5219,294784.41,18362.74,10124.5,288363.83
8397,497,2026-11-09T12:01:00,1,3.6197,28078.94,2147.12,802.77,28234.23
8398,475,2026-11-15T12:09:00,1,4.7599,33399.53,1864.81,1133.71,33455.21
8399,308,2026-11-25T20:35:00,1,22.5917,159195.79,9501.83,4859.22,157919.72
8400,47,2026-11-21T14:51:00,1,4.4362,31233.66,1821.7,972.07,30937.05
8401,384,2026-11-21T09:10:00,1,139.1589,12915.17,1021.26,347.7,13806.42
8402,362,2026-11-09T20:15:00,1,198.9095,18458.35,1491.37,528.7,18425.04
8403,236,2026-11-09T12:34:00,1,45.6461,4466.44,572.83,126.63,4723.14
8404,26,2026-11-03T13:12:00,1,42.9332,301722.5,17014.42,8014.7,302199.84
8405,154,2026-11-03T16:45:00,1,24.6383,171472.99,8086.07,6276.16,170050.2
8406,65,2026-11-26T15:07:00,1,7.9839,59745.01,2522.88,1958.9,59216.13
8407,36,2026-11-04T15:59:00,1,3.5236,27875.84,2585.13,816.01,27680.59
8408,477,2026-11-06T16:34:00,1,13.4506,94055.38,4625.84,2654.59,94914.32
8409,258,2026-11-29T14:19:00,1,20.9309,147152.12,8416.88,4198.34,145290.21
8410,65,2026-11-09T14:50:00,1,7.9839,59918.12,2720.82,1782.11,59216.13
8411,496,2026-11-14T12:04:00,1,11.1941,84059.1,3847.78,2638.31,84505.86
8412,346,2026-11-04T14:37:00,1,3.0109,21452.0,1430.36,689.72,21356.17
8413,95,2026-11-13T20:01:00,1,30.4621,2894.66,298.68,91.64,3085.67
8414,8,2026-11-18T18:17:00,1,4.5632,36178.21,3429.45,1168.21,35365.16
8415,120,2026-11-18T17:42:00,1,3.0118,23594.2,1979.38,641.63,23932.83
8416,194,2026-11-16T10:25:00,1,3.7547,29631.5,2632.02,1136.11,29655.1
8417,198,2026-11-29T09:56:00,1,15.7741,1421.3,77.82,45.83,1402.87
8418,361,2026-11-26T17:43:00,1,4.8008,38067.23,3658.98,1411.63,37516.15
8419,330,2026-11-02T13:18:00,1,4.6319,32742.46,1945.79,1119.42,32282.12
8420,214,2026-11-26T11:27:00,1,15.0718,108179.67,157.22,3538.94,107549.49
8421,36,2026-11-15T09:59:00,1,3.5236,27593.64,2321.11,950.98,27680.59
8422,498,2026-11-26T15:53:00,1,29.3844,2654.74,148.25,75.35,2596.58
8423,108,2026-11-03T10:33:00,1,16.1291,112335.21,5376.37,3156.38,111090.06
8424,47,2026-11-07T11:37:00,1,4.4362,31323.49,1757.24,855.49,30937.05
8425,393,2026-11-07T13:21:00,1,5.8217,41430.59,2630.3,1588.62,40681.64
8426,4,2026-11-21T19:33:00,1,11.895,85491.61,112.51,3038.01,85807.67
8427,420,2026-11-24T19:05:00,1,5.4005,42369.89,3576.1,1392.54,42365.92
8428,214,2026-11-10T11:46:00,1,15.0718,108411.16,150.42,3129.28,107549.49
8429,256,2026-11-07T17:51:00,1,3.4873,27348.78,2294.34,1041.05,26890.68
8430,53,2026-11-07T16:41:00,1,39.5475,3593.2,212.68,134.57,3823.01
8431,71,2026-11-29T20:49:00,1,13.8926,104194.69,4622.26,3515.14,103489.89
8432,298,2026-11-04T12:42:00,1,12.0285,90228.77,3893.97,2729.99,89873.29
8433,309,2026-11-06T12:02:00,1,20.9922,162721.78,12255.36,5215.12,163877.64
8434,495,2026-11-06T10:26:00,1,22.3137,155524.84,7166.85,4772.8,155842.43
8435,29,2026-11-21T10:58:00,1,13.1621,101958.27,7484.27,3267.44,103492.16
8436,386,2026-11-16T09:09:00,1,6.0161,42459.03,2531.2,1334.27,42664.58
8437,273,2026-11-16T16:10:00,1,5.1573,38672.92,1587.55,1482.12,38716.4
8438,220,2026-11-30T17:04:00,1,39.659,3585.61,205.87,103.31,3876.63
8439,2,2026-11-11T10:26:00,1,5.3919,38179.81,2240.8,1098.69,37773.68
8440,258,2026-11-18T19:15:00,1,20.9309,146303.75,7276.94,4739.93,145290.21
8441,237,2026-11-20T17:21:00,1,8.7772,61272.58,3154.17,2040.51,60919.31
8442,481,2026-11-21T09:49:00,1,9.6978,69706.47,98.28,2624.77,70080.68
8443,297,2026-11-29T11:50:00,1,28.6626,201191.16,11208.28,7622.93,201924.16
8444,239,2026-11-21T15:36:00,1,20.6013,144453.01,7866.6,3876.25,142380.11
8445,185,2026-11-08T15:37:00,1,138.7501,12982.8,1130.77,373.09,13875.63
8446,276,2026-11-24T11:02:00,1,20.2773,141279.76,6598.34,5328.25,140177.51
8447,234,2026-11-06T15:06:00,1,16.4047,115469.37,6398.78,4159.44,115970.08
8448,458,2026-11-22T19:53:00,1,5.2364,36805.52,2161.03,1145.65,36647.98
8449,420,2026-11-25T09:52:00,1,5.4005,42714.3,3971.22,1219.89,42365.92
8450,370,2026-11-13T19:36:00,1,9.1394,65710.42,91.36,1706.88,65469.82
8451,149,2026-11-13T13:45:00,1,24.2917,188958.96,14549.41,7243.86,188509.85
8452,42,2026-11-28T09:16:00,1,5.2378,40935.28,3410.11,1512.9,40718.85
8453,157,2026-11-15T11:02:00,1,5.5603,43465.35,3584.88,1660.46,43921.22
8454,300,2026-11-07T17:28:00,1,18.9634,133365.42,6978.72,3632.93,132207.48
8455,164,2026-11-17T16:34:00,1,3.6678,28588.06,2302.88,799.85,28940.57
8456,344,2026-11-18T12:51:00,1,14.46,101031.74,4985.82,2677.23,100842.02
8457,427,2026-11-05T15:01:00,1,60.6339,5953.93,770.94,187.42,5773.56
8458,375,2026-11-14T19:43:00,1,4.191,29891.26,2064.82,837.24,29365.44
8459,176,2026-11-21T17:36:00,1,79.6742,7682.9,873.15,220.3,8259.16
8460,458,2026-11-19T16:18:00,1,5.2364,36927.05,2143.95,1115.37,36647.98
8461,41,2026-11-23T19:14:00,1,3.6873,26023.23,1449.22,848.99,25728.91
8462,472,2026-11-14T19:15:00,1,13.3279,93067.35,4575.82,3226.37,91782.23
8463,255,2026-11-24T10:57:00,1,5.3041,37493.22,2263.49,1138.13,37330.54
8464,458,2026-11-17T16:28:00,1,5.2364,37037.8,2249.1,1053.14,36647.98
8465,258,2026-11-23T18:08:00,1,20.9309,147441.31,7947.33,4764.51,145290.21
8466,367,2026-11-20T12:26:00,1,9.0261,64786.4,86.23,1939.82,64891.48
8467,40,2026-11-18T17:58:00,1,47.2477,4552.12,517.17,170.65,4453.06
8468,372,2026-11-07T18:57:00,1,4.8056,33927.32,1899.1,1004.06,34157.75
8469,90,2026-11-07T15:02:00,1,25.9884,184686.33,11479.62,6824.09,184228.33
8470,151,2026-11-05T11:22:00,1,18.1146,127018.64,7256.14,3779.09,126093.84
8471,444,2026-11-28T11:07:00,1,21.3326,148878.21,7302.06,5031.72,149570.04
8472,257,2026-11-26T18:35:00,1,3.6998,26060.25,1484.96,873.24,26155.07
8473,292,2026-11-30T10:46:00,1,17.0016,119201.89,6528.89,3658.77,121516.29
8474,2,2026-11-08T11:37:00,1,5.3919,37911.7,2130.08,1170.0,37773.68
8475,156,2026-11-01T20:01:00,1,40.2472,3624.37,190.08,129.54,3905.61
8476,162,2026-11-07T11:27:00,1,11.2042,78587.71,3914.29,2102.41,78313.61
8477,325,2026-11-29T17:46:00,1,16.9172,118973.95,6842.52,4473.9,119145.47
8478,199,2026-11-11T17:26:00,1,19.2605,135432.43,7054.07,3675.31,135526.19
8479,414,2026-11-28T16:58:00,1,3.8752,30259.64,2496.54,1094.39,29798.99
8480,2,2026-11-28T17:13:00,1,5.3919,37938.99,2155.05,1323.5,37773.68
8481,332,2026-11-26T11:39:00,1,6.9177,48554.37,2604.72,1292.76,48724.67
8482,162,2026-11-02T14:37:00,1,11.2042,78154.59,3659.88,2471.88,78313.61
8483,155,2026-11-06T15:23:00,1,43.3929,3918.33,210.84,102.46,4226.11
8484,239,2026-11-12T17:24:00,1,20.6013,143069.07,7015.61,4532.02,142380.11
8485,114,2026-11-21T09:43:00,1,22.4097,173351.26,12500.48,4595.87,172028.36
8486,482,2026-11-22T09:50:00,1,14.7715,103337.59,5608.02,3635.12,101157.77
8487,181,2026-11-13T14:30:00,1,19.7854,142235.63,180.42,5260.07,142839.21
8488,112,2026-11-17T13:07:00,1,3.2447,25453.67,2200.62,900.24,25349.2
8489,29,2026-11-19T20:27:00,1,13.1621,102393.34,7746.78,3642.01,103492.16
8490,493,2026-11-13T19:55:00,1,3.8343,27160.24,1634.35,837.15,26924.1
8491,37,2026-11-22T16:24:00,1,3.501,24519.32,1356.39,936.34,24874.3
8492,216,2026-11-01T13:44:00,1,3.2471,25688.98,2411.4,711.74,25710.38
8493,198,2026-11-13T10:32:00,1,15.7741,1424.73,80.46,49.28,1402.87
8494,47,2026-11-10T15:55:00,1,4.4362,31164.59,1672.6,1100.64,30937.05
8495,330,2026-11-15T14:16:00,1,4.6319,32475.79,1789.08,969.56,32282.12
8496,208,2026-11-26T13:49:00,1,11.0838,85447.17,6007.47,2796.21,85709.59
8497,97,2026-11-14T17:34:00,1,12.0171,83591.77,3803.39,2347.91,83643.95
8498,84,2026-11-27T18:27:00,1,13.5748,95095.76,4874.38,3174.53,95072.35
8499,314,2026-11-13T20:50:00,1,3.5003,27521.47,2390.02,722.23,26980.34
8500,455,2026-11-30T17:29:00,1,21.0382,147780.05,8355.69,5079.87,146482.23
8501,403,2026-11-11T10:18:00,1,49.0885,4674.46,492.61,121.83,4750.09
8502,340,2026-11-01T13:33:00,1,165.8251,15395.0,1245.14,587.45,15123.51
8503,237,2026-11-09T20:24:00,1,8.7772,61109.11,2969.81,1672.43,60919.31
8504,65,2026-11-30T16:39:00,1,7.9839,59956.94,2587.43,1719.96,59216.13
8505,31,2026-11-28T18:13:00,1,19.1019,147544.33,10692.59,5014.06,148731.1
8506,468,2026-11-01T13:13:00,1,25.5173,179549.82,10933.03,6177.31,180468.62
8507,499,2026-11-03T12:17:00,1,13.2935,103821.05,8273.62,2770.47,102010.86
8508,453,2026-11-23T18:39:00,1,24.0131,186577.1,13899.38,6761.91,188274.4
8509,318,2026-11-01T14:25:00,1,17.6338,123212.98,6689.89,3904.12,121744.27
8510,205,2026-11-26T16:08:00,1,9.4979,71326.51,3253.26,2515.97,71377.12
8511,498,2026-11-08T15:22:00,1,29.3844,2643.94,133.92,89.37,2596.58
8512,238,2026-11-28T20:04:00,1,17.9613,128860.72,180.58,3625.56,129748.96
8513,344,2026-11-22T09:18:00,1,14.46,100598.37,4929.71,3817.8,100842.02
8514,54,2026-11-08T15:31:00,1,23.9682,186344.66,14090.24,5856.72,187282.13
8515,323,2026-11-12T19:12:00,1,11.8931,89315.88,4037.6,3036.94,89431.89
8516,396,2026-11-05T18:24:00,1,24.6006,2231.26,128.4,60.91,2384.32
8517,257,2026-11-07T16:20:00,1,3.6998,26128.74,1470.42,866.0,26155.07
8518,175,2026-11-25T11:01:00,1,10.3823,72392.33,3598.59,2763.01,72063.93
8519,446,2026-11-20T09:59:00,1,15.9701,123685.37,9209.78,3584.26,125003.74
8520,88,2026-11-18T13:57:00,1,28.7165,202099.53,11359.37,7459.0,201704.8
8521,159,2026-11-07T11:24:00,1,106.8915,10002.45,865.36,350.39,9855.57
8522,448,2026-11-19T10:15:00,1,1.8774,14707.42,1207.34,484.08,14722.59
8523,359,2026-11-13T17:33:00,1,1.683,13152.8,1069.2,382.09,12973.64
8524,227,2026-11-27T15:38:00,1,14.5655,113369.91,8750.15,4339.14,114409.44
8525,464,2026-11-01T15:14:00,1,13.6974,106443.23,8250.27,3377.48,106073.58
8526,302,2026-11-30T10:34:00,1,24.6146,171015.12,7889.24,6466.54,173269.35
8527,369,2026-11-08T20:57:00,1,3.836,26936.64,1480.25,702.74,27004.67
8528,332,2026-11-10T13:16:00,1,6.9177,48816.98,2827.9,1678.99,48724.67
8529,248,2026-11-09T11:23:00,1,12.1774,84656.53,3994.65,2224.96,84291.64
8530,160,2026-11-09T17:26:00,1,41.4832,4020.75,482.23,110.68,4064.29
8531,35,2026-11-02T19:10:00,1,10.6628,83210.02,6527.64,2399.16,82126.32
8532,294,2026-11-16T14:05:00,1,11.2674,1015.16,53.83,26.7,1099.9
8533,464,2026-11-20T13:24:00,1,13.6974,105985.04,7800.43,2881.31,106073.58
8534,425,2026-11-01T17:56:00,1,11.6469,87026.11,3532.63,2836.23,87666.76
8535,18,2026-11-08T18:38:00,1,66.0832,6408.35,763.52,206.97,6273.83
8536,367,2026-11-04T19:41:00,1,9.0261,64878.45,93.44,1676.34,65214.97
8537,197,2026-11-18T20:30:00,1,3.3083,26056.12,2313.41,820.14,26110.51
8538,190,2026-11-01T19:39:00,1,2.4559,19076.32,1470.64,628.93,19101.48
8539,116,2026-11-27T14:25:00,1,4.3399,34394.06,3221.82,1156.93,34179.58
8540,241,2026-11-27T16:44:00,1,21.0662,148195.42,8184.4,5684.22,146917.66
8541,412,2026-11-10T12:05:00,1,3.3552,23897.81,1592.34,859.53,23469.55
8542,406,2026-11-16T15:11:00,1,17.4692,125802.79,184.39,3328.52,124975.1
8543,217,2026-11-14T17:26:00,1,32.1275,3081.75,336.13,107.88,3280.44
8544,38,2026-11-13T17:25:00,1,9.9544,71578.15,107.55,2561.27,71867.8
8545,111,2026-11-26T12:09:00,1,8.7362,65428.68,2814.67,1877.47,65471.14
8546,397,2026-11-26T18:33:00,1,7.6603,53891.25,3009.01,1588.66,53492.63
8547,224,2026-11-10T15:23:00,1,48.1507,4545.64,435.98,131.08,4971.13
8548,432,2026-11-27T09:49:00,1,12.1559,94280.26,6967.96,3000.69,95091.3
8549,167,2026-11-08T12:52:00,1,12.0913,84382.4,4142.36,2450.76,82941.57
8550,137,2026-11-19T11:06:00,1,19.0534,148784.58,11774.63,4355.96,148363.19
8551,347,2026-11-15T17:41:00,1,8.607,64420.8,2688.3,1689.08,64522.39
8552,19,2026-11-28T17:39:00,1,12.8924,89691.76,4129.93,2498.89,88723.96
8553,133,2026-11-29T17:00:00,1,14.5876,112876.8,8323.09,3623.15,113852.94
8554,487,2026-11-01T09:22:00,1,139.4639,13080.84,1180.39,433.53,13934.72
8555,132,2026-11-28T19:22:00,1,8.3701,58411.43,2862.34,1514.68,59029.06
8556,212,2026-11-17T09:02:00,1,170.6976,15888.9,1345.46,491.92,17057.24
8557,492,2026-11-03T12:05:00,1,5.5826,44111.94,3986.84,1624.2,43858.87
8558,419,2026-11-29T09:17:00,1,3.1838,22329.71,1226.69,802.05,22381.49
8559,474,2026-11-04T14:32:00,1,2.6939,21236.39,1900.87,716.88,21209.1
8560,368,2026-11-09T15:33:00,1,6.4593,48422.61,2147.67,1329.73,48411.74
8561,222,2026-11-28T16:28:00,1,12.5433,93551.25,3687.29,3365.8,93042.29
8562,434,2026-11-30T20:54:00,1,133.699,12512.24,1118.41,455.15,13484.87
8563,106,2026-11-26T14:27:00,1,25.5639,179985.62,10181.76,5158.3,177488.62
8564,498,2026-11-27T09:05:00,1,29.3844,2658.28,150.32,98.83,2596.58
8565,295,2026-11-09T15:24:00,1,14.8897,103585.48,4957.6,3076.71,103325.4
8566,46,2026-11-14T11:56:00,1,3.1675,24907.46,2210.74,866.31,25049.19
8567,307,2026-11-27T14:03:00,1,20.694,161878.27,13239.27,5625.4,159864.7
8568,389,2026-11-14T10:34:00,1,19.9391,140395.25,8008.2,3619.08,141218.14
8569,164,2026-11-03T16:56:00,1,3.6678,28811.49,2449.07,1083.45,28940.57
8570,131,2026-11-22T11:13:00,1,9.6225,69031.64,90.08,2127.67,68876.9
8571,136,2026-11-21T14:18:00,1,27.1123,192278.26,12523.98,5831.61,190610.02
8572,229,2026-11-24T09:14:00,1,16.1684,112997.87,5607.68,4076.18,111246.25
8573,405,2026-11-25T15:29:00,1,69.8843,6800.44,845.6,238.28,6821.81
8574,359,2026-11-06T09:04:00,1,1.683,13143.15,1079.86,387.39,12973.64
8575,464,2026-11-20T18:11:00,1,13.6974,107131.94,8947.33,3776.08,106073.58
8576,376,2026-11-17T13:43:00,1,28.2449,200456.24,12807.58,5425.53,199320.81
8577,112,2026-11-27T19:16:00,1,3.2447,25344.75,2039.01,717.61,25349.2
8578,440,2026-11-06T15:08:00,1,4.4772,31502.33,1734.59,1094.8,31473.28
8579,442,2026-11-18T20:41:00,1,22.5468,175795.42,13983.57,5451.82,176097.65
8580,2,2026-11-16T12:50:00,1,5.3919,38025.37,2240.25,1222.25,37773.68
8581,271,2026-11-10T14:54:00,1,4.3867,34868.29,3358.62,1095.53,34477.91
8582,40,2026-11-08T09:29:00,1,47.2477,4530.96,495.06,130.92,4453.06
8583,358,2026-11-09T20:20:00,1,5.1854,36736.27,2388.7,1176.97,36398.05
8584,10,2026-11-12T11:42:00,1,7.7867,54662.82,3238.52,1774.17,54210.59
8585,139,2026-11-02T14:49:00,1,9.7207,73178.45,3271.26,2502.46,72292.83
8586,143,2026-11-14T09:25:00,1,12.2929,92185.62,4100.85,2452.08,92374.57
8587,328,2026-11-01T10:06:00,1,3.0974,24282.91,2078.49,822.02,24243.5
8588,332,2026-11-26T16:13:00,1,6.9177,48839.6,2889.95,1732.47,48724.67
8589,340,2026-11-15T09:14:00,1,165.8251,15363.51,1235.21,440.19,15123.51
8590,64,2026-11-11T12:48:00,1,3.1873,22528.41,1283.88,685.9,22434.36
8591,318,2026-11-26T11:35:00,1,17.6338,122993.08,5863.56,4552.97,121744.27
8592,9,2026-11-23T09:37:00,1,3.5458,27890.69,2392.91,954.18,28130.5
8593,89,2026-11-25T10:36:00,1,3.0342,21418.24,1313.45,755.07,21200.13
8594,188,2026-11-30T17:31:00,1,32.234,2921.85,174.87,110.55,2865.94
8595,130,2026-11-01T12:37:00,1,2.9689,23359.89,2076.65,700.35,22836.34
8596,14,2026-11-28T19:46:00,1,37.31,261834.02,14222.1,9246.74,262318.39
8597,406,2026-11-21T18:10:00,1,17.4692,125553.73,164.53,3513.39,124975.1
8598,468,2026-11-13T19:23:00,1,25.5173,179825.36,9950.31,6660.4,180468.62
8599,410,2026-11-23T20:24:00,1,25.5672,2426.72,248.91,72.88,2604.67
8600,437,2026-11-05T16:23:00,1,4.6132,36572.28,3479.9,1077.41,36178.81
8601,203,2026-11-26T17:44:00,1,3.5736,28036.69,2424.02,1049.38,28183.16
8602,118,2026-11-27T12:38:00,1,16.9789,119363.94,6518.1,3406.26,119673.31
8603,310,2026-11-25T18:43:00,1,30.6255,215247.04,12320.64,5707.7,214170.23
8604,186,2026-11-03T14:48:00,1,20.4986,143785.31,7850.48,4609.57,142115.47
8605,237,2026-11-18T17:54:00,1,8.7772,61334.83,3035.09,2293.34,60919.31
8606,8,2026-11-22T11:46:00,1,4.5632,36109.18,3415.59,1081.59,35365.16
8607,462,2026-11-27T17:12:00,1,52.4788,5110.04,630.97,170.32,4995.91
8608,7,2026-11-22T17:27:00,1,13.6765,102673.21,4686.28,3365.52,102782.02
8609,434,2026-11-12T19:33:00,1,133.699,12522.23,1097.65,414.9,13484.87
8610,156,2026-11-13T20:01:00,1,40.2472,3641.4,211.53,122.82,3905.61
8611,444,2026-11-15T15:10:00,1,21.3326,149175.41,7845.23,4470.91,149570.04
8612,356,2026-11-11T16:00:00,1,10.5422,79264.17,3494.22,2411.85,78812.27
8613,476,2026-11-07T17:51:00,1,15.7836,111173.74,5979.68,3482.86,110559.0
8614,340,2026-11-17T14:03:00,1,165.8251,15440.91,1312.61,498.14,15123.51
8615,423,2026-11-19T11:02:00,1,46.576,4212.9,235.31,109.57,4122.44
8616,260,2026-11-11T11:02:00,1,24.8355,174901.4,9363.6,5961.78,174878.99
8617,135,2026-11-13T09:56:00,1,22.9212,2195.99,242.65,72.67,2313.05
8618,246,2026-11-10T15:52:00,1,84.5028,7848.87,636.56,203.03,7724.76
8619,138,2026-11-30T16:12:00,1,3.6759,28818.82,2405.09,914.83,29060.19
8620,327,2026-11-06T13:52:00,1,2.2934,17792.46,1353.99,523.33,17663.02
8621,476,2026-11-25T12:40:00,1,15.7836,109852.03,5268.95,3771.27,110559.0
8622,55,2026-11-19T19:39:00,1,41.8192,295293.66,17507.11,10995.04,296351.07
8623,399,2026-11-22T09:48:00,1,14.9726,111585.5,4312.51,2953.1,112332.36
8624,105,2026-11-25T18:43:00,1,3.087,24111.52,1965.44,898.04,23973.36
8625,345,2026-11-03T19:16:00,1,6.9195,48783.98,2897.87,1635.01,49167.15
8626,493,2026-11-05T19:49:00,1,3.8343,27004.34,1654.33,719.85,26924.1
8627,207,2026-11-14T10:01:00,1,13.2941,99651.06,4392.19,2901.31,98609.31
8628,262,2026-11-23T16:21:00,1,7.1953,50873.3,2920.22,1528.03,50188.36
8629,224,2026-11-12T09:34:00,1,48.1507,4560.85,446.37,157.68,4971.13
8630,132,2026-11-04T12:00:00,1,8.3701,58854.18,3195.36,2185.49,59029.06
8631,346,2026-11-01T19:55:00,1,3.0109,21135.65,1239.8,645.57,21256.38
8632,280,2026-11-08T18:59:00,1,57.5885,5458.06,538.85,162.82,5536.09
8633,26,2026-11-02T10:51:00,1,42.9332,304710.07,19254.95,9720.66,302199.84
8634,394,2026-11-13T13:13:00,1,16.5177,116711.55,6749.09,4050.5,115428.66
8635,22,2026-11-18T11:35:00,1,13.9576,104526.91,4357.26,3750.06,103466.89
8636,456,2026-11-22T11:13:00,1,2.4701,19217.85,1520.52,589.84,18869.74
8637,70,2026-11-28T20:16:00,1,30.9727,2809.88,170.08,85.67,2987.25
8638,149,2026-11-16T15:03:00,1,24.2917,188132.7,13454.73,5733.15,188509.85
8639,230,2026-11-15T16:33:00,1,3.6613,29058.55,2798.39,832.01,28377.29
8640,284,2026-11-29T10:34:00,1,22.3956,157155.76,8712.12,4168.83,156051.35
8641,64,2026-11-02T18:01:00,1,3.1873,22354.5,1162.72,618.33,22434.36
8642,269,2026-11-22T17:46:00,1,4.0936,28641.56,1557.93,960.76,28237.31
8643,26,2026-11-24T09:47:00,1,42.9332,301767.92,16606.46,8092.33,302199.84
8644,183,2026-11-25T19:27:00,1,18.2712,127857.36,6791.29,4034.07,129006.3
8645,394,2026-11-11T14:28:00,1,16.5177,116422.71,6326.13,3532.34,115428.66
8646,316,2026-11-01T12:25:00,1,4.8799,38662.6,3679.91,1388.42,37802.56
8647,334,2026-11-15T18:48:00,1,14.5628,102423.85,5944.13,3041.84,101921.6
8648,387,2026-11-30T18:05:00,1,11.9529,89545.61,3656.25,2853.09,89528.73
8649,444,2026-11-01T20:39:00,1,21.3326,148906.32,7941.78,5262.38,149570.04
8650,311,2026-11-27T16:33:00,1,6.7935,51024.36,2228.62,1791.02,51014.29
8651,151,2026-11-18T11:13:00,1,18.1146,128257.59,7937.16,3943.71,126093.84
8652,411,2026-11-02T12:12:00,1,13.1482,92056.91,4636.89,2697.21,92603.34
8653,141,2026-11-29T17:11:00,1,2.1494,16722.04,1316.65,484.54,16680.85
8654,14,2026-11-26T09:09:00,1,37.31,263379.6,15554.27,6851.33,262318.39
8655,208,2026-11-25T16:22:00,1,11.0838,86123.49,6608.53,2576.87,85709.59
8656,108,2026-11-26T13:50:00,1,16.1291,113015.84,5881.04,3784.41,111090.06
8657,379,2026-11-03T11:21:00,1,2.4927,19681.94,1765.58,556.97,19653.06
8658,45,2026-11-04T19:12:00,1,16.0869,112571.26,5597.88,4061.35,112962.67
8659,29,2026-11-07T11:05:00,1,13.1621,103001.36,8438.52,3096.91,103492.16
8660,255,2026-11-26T12:43:00,1,5.3041,37547.49,2315.91,1433.1,37330.54
8661,133,2026-11-28T09:50:00,1,14.5876,112438.33,7928.39,3981.82,113852.94
8662,399,2026-11-30T19:40:00,1,14.9726,112147.42,4559.56,4210.62,112332.36
8663,7,2026-11-18T15:56:00,1,13.6765,102869.26,4716.99,3312.26,102782.02
8664,370,2026-11-03T17:01:00,1,9.1394,65773.93,84.22,2333.57,65469.82
8665,161,2026-11-10T15:20:00,1,28.3219,200660.81,12375.97,5731.94,197778.07
8666,362,2026-11-27T11:05:00,1,198.9095,18656.95,1680.02,697.94,18425.04
8667,55,2026-11-05T17:06:00,1,41.8192,293854.26,17371.64,10164.51,296351.07
8668,1,2026-11-19T19:55:00,1,4.1528,32786.99,2924.87,879.11,33088.59
8669,242,2026-11-14T14:08:00,1,137.6048,12948.68,1188.97,492.95,13734.42
8670,47,2026-11-11T12:52:00,1,4.4362,31219.97,1651.06,966.36,30937.05
8671,347,2026-11-15T09:59:00,1,8.607,64274.41,2541.91,1655.7,64522.39
8672,209,2026-11-18T13:26:00,1,18.2845,127733.84,6284.9,4324.19,128197.36
8673,393,2026-11-27T12:22:00,1,5.8217,41211.13,2518.71,1208.42,40681.64
8674,465,2026-11-20T18:21:00,1,6.5188,45949.14,2784.78,1427.87,46150.48
8675,103,2026-11-21T14:11:00,1,40.7114,286900.78,16984.61,10932.55,290443.66
8676,169,2026-11-15T18:53:00,1,4.4869,35287.47,3105.81,1074.92,35379.58
8677,304,2026-11-21T12:43:00,1,23.2115,162332.44,8440.43,5646.47,163176.85
8678,442,2026-11-19T15:02:00,1,22.5468,175317.41,13186.98,5358.89,176097.65
8679,120,2026-11-24T12:42:00,1,3.0118,23600.23,1965.36,805.98,23932.83
8680,257,2026-11-24T19:46:00,1,3.6998,26151.21,1577.21,702.89,26155.07
8681,9,2026-11-29T09:43:00,1,3.5458,27952.97,2539.16,970.52,28130.5
8682,235,2026-11-26T19:49:00,1,8.0469,57756.48,82.82,1535.25,57915.77
8683,53,2026-11-20T19:40:00,1,39.5475,3570.74,202.08,108.78,3823.01
8684,393,2026-11-08T13:31:00,1,5.8217,41065.43,2431.58,1081.74,40681.64
8685,484,2026-11-16T15:04:00,1,8.7331,65397.91,2599.5,2275.0,65989.44
8686,374,2026-11-03T18:45:00,1,158.1349,14739.47,1230.01,559.3,14382.69
8687,183,2026-11-22T12:51:00,1,18.2712,128083.47,7199.57,4686.4,129006.3
8688,415,2026-11-17T11:59:00,1,4.4374,35076.62,3276.13,939.1,34410.05
8689,403,2026-11-22T09:27:00,1,49.0885,4709.19,521.94,161.75,4750.09
8690,99,2026-11-18T14:46:00,1,19.3079,135928.55,7682.0,4365.12,135735.36
8691,371,2026-11-24T12:01:00,1,3.5364,27833.51,2430.24,731.62,27587.51
8692,494,2026-11-19T10:40:00,1,3.4802,24694.54,1577.1,743.24,24604.21
8693,279,2026-11-07T18:13:00,1,3.3772,26354.58,2091.15,742.16,25986.45
8694,217,2026-11-08T20:59:00,1,32.1275,3054.15,309.82,98.81,3280.44
8695,279,2026-11-16T12:18:00,1,3.3772,26455.06,2170.12,890.24,25986.45
8696,261,2026-11-05T10:45:00,1,3.9864,31080.9,2484.82,1074.67,31052.81
8697,226,2026-11-15T17:31:00,1,13.4675,93830.96,4607.7,2515.38,93023.91
8698,397,2026-11-10T13:31:00,1,7.6603,53831.55,2905.65,1803.39,53492.63
8699,161,2026-11-05T15:33:00,1,28.3219,199386.38,12139.54,5617.37,197778.07
8700,126,2026-11-24T18:46:00,1,5.5909,39550.84,2416.19,1257.03,39687.85
8701,339,2026-11-06T15:43:00,1,4.9004,34574.46,1992.97,1033.63,34103.43
8702,91,2026-11-18T13:22:00,1,9.0049,64719.38,93.82,1690.38,64892.0
8703,141,2026-11-17T16:30:00,1,2.1494,16881.65,1478.04,513.77,16856.21
8704,481,2026-11-07T11:21:00,1,9.6978,69765.26,91.61,2555.35,70080.68
8705,278,2026-11-04T17:58:00,1,14.5841,112781.71,8104.04,3996.69,111708.45
8706,248,2026-11-13T09:16:00,1,12.1774,85741.64,4673.64,2439.66,84291.64
8707,425,2026-11-04T20:16:00,1,11.6469,87414.46,3818.6,3328.44,87666.76
8708,139,2026-11-30T20:11:00,1,9.7207,73263.34,3413.79,2274.4,72292.83
8709,453,2026-11-25T18:25:00,1,24.0131,185608.46,13338.96,5704.11,188274.4
8710,276,2026-11-26T15:37:00,1,20.2773,141545.8,6857.28,5005.13,140177.51
8711,96,2026-11-03T10:15:00,1,14.1124,98501.54,4916.29,2612.61,98136.12
8712,197,2026-11-23T13:20:00,1,3.3083,26178.47,2388.55,880.93,26110.51
8713,139,2026-11-21T14:00:00,1,9.7207,72854.74,3082.18,2528.76,72292.83
8714,333,2026-11-01T13:43:00,1,52.5275,5094.15,611.98,188.09,5479.96
8715,177,2026-11-23T15:26:00,1,21.5109,152441.93,9082.54,3987.47,149601.12
8716,166,2026-11-18T12:34:00,1,42.0913,297113.6,17535.61,8739.86,293157.89
8717,355,2026-11-08T09:31:00,1,34.4809,3327.6,382.24,104.61,3345.31
8718,286,2026-11-25T13:34:00,1,25.0601,176016.87,9967.14,5294.92,176868.79
8719,95,2026-11-21T13:23:00,1,30.4621,2933.65,330.05,104.44,3085.67
8720,68,2026-11-10T17:34:00,1,19.087,134617.07,7726.12,4830.66,133687.32
8721,64,2026-11-13T14:51:00,1,3.1873,22588.59,1369.94,770.07,22434.36
8722,133,2026-11-10T14:19:00,1,14.5876,112848.89,8066.16,3501.27,113852.94
8723,217,2026-11-04T19:49:00,1,32.1275,3084.72,341.03,82.87,3280.44
8724,309,2026-11-21T13:43:00,1,20.9922,162287.24,11610.9,5513.35,163877.64
8725,414,2026-11-15T19:43:00,1,3.8752,30704.65,2910.32,1009.34,29798.99
8726,472,2026-11-03T17:52:00,1,13.3279,93168.35,4785.45,3372.92,91782.23
8727,346,2026-11-08T13:18:00,1,3.0109,21455.18,1474.31,635.32,21356.17
8728,299,2026-11-29T11:29:00,1,2.7577,19571.82,1293.09,669.94,19335.39
8729,255,2026-11-03T16:44:00,1,5.3041,37140.67,1966.96,1161.14,37330.54
8730,57,2026-11-30T14:12:00,1,19.0088,136773.89,183.31,4634.42,135836.68
8731,441,2026-11-27T10:43:00,1,5.6742,40317.36,2605.26,1462.04,40522.82
8732,240,2026-11-10T13:00:00,1,5.1622,38656.46,1576.38,1271.6,38618.57
8733,485,2026-11-17T17:38:00,1,12.8272,89608.01,4388.84,2514.53,90736.48
8734,391,2026-11-06T15:16:00,1,39.395,3549.75,183.84,119.74,3826.29
8735,441,2026-11-04T14:35:00,1,5.6742,40338.86,2607.02,1427.08,40522.82
8736,399,2026-11-10T12:29:00,1,14.9726,111891.86,4343.67,3859.16,112332.36
8737,224,2026-11-09T19:20:00,1,48.1507,4571.61,464.36,165.1,4971.13
8738,297,2026-11-15T11:15:00,1,28.6626,203052.7,13160.68,6561.83,201924.16
8739,294,2026-11-29T15:02:00,1,11.2674,1014.68,55.04,31.43,1099.9
8740,7,2026-11-18T09:42:00,1,13.6765,102098.24,3945.97,3371.19,102782.02
8741,462,2026-11-04T17:00:00,1,52.4788,5157.16,675.47,182.75,4995.91
8742,4,2026-11-23T12:29:00,1,11.895,85649.65,112.94,2193.14,85807.67
8743,287,2026-11-05T17:47:00,1,11.5804,81003.59,4441.17,2485.62,81516.15
8744,257,2026-11-21T19:09:00,1,3.6998,25909.0,1379.36,903.56,26155.07
8745,29,2026-11-30T16:04:00,1,13.1621,102879.46,8301.22,2884.75,103492.16
8746,34,2026-11-28T15:36:00,1,12.0678,84348.82,4259.54,3130.63,84389.53
8747,393,2026-11-06T20:37:00,1,5.8217,41557.03,2850.06,1172.94,40681.64
8748,249,2026-11-13T10:23:00,1,17.3609,122192.67,6616.82,3740.6,121096.77
8749,143,2026-11-03T10:37:00,1,12.2929,92170.05,3814.46,3513.23,92374.57
8750,300,2026-11-02T19:57:00,1,18.9634,132648.86,6564.63,4819.32,132207.48
8751,68,2026-11-15T11:53:00,1,19.087,134045.19,7592.29,4494.74,133687.32
8752,438,2026-11-23T11:42:00,1,3.7537,26546.34,1529.81,968.03,26461.5
8753,299,2026-11-14T12:19:00,1,2.7577,19480.58,1170.64,632.84,19335.39
8754,311,2026-11-06T17:37:00,1,6.7935,50956.36,2262.39,1559.15,51014.29
8755,411,2026-11-29T19:41:00,1,13.1482,91877.33,4727.77,2987.83,92603.34
8756,143,2026-11-20T09:39:00,1,12.2929,91912.09,3795.11,3069.43,92374.57
8757,76,2026-11-25T12:23:00,1,36.1511,255554.47,16015.11,7293.57,253596.23
8758,192,2026-11-28T11:57:00,1,4.2888,30402.5,1939.41,913.9,30519.56
8759,275,2026-11-21T12:41:00,1,5.1673,38650.77,1561.29,1187.35,38494.77
8760,276,2026-11-27T10:42:00,1,20.2773,142019.54,7251.74,5249.02,140177.51
8761,320,2026-11-01T17:31:00,1,11.7703,88031.71,3653.61,3335.37,88241.28
8762,194,2026-11-07T18:26:00,1,3.7547,29350.78,2375.21,990.41,29655.1
8763,48,2026-11-09T09:50:00,1,12.8521,89826.8,4695.77,2991.1,89903.22
8764,466,2026-11-22T13:04:00,1,4.9899,39493.96,3743.22,1483.7,39724.52
8765,229,2026-11-15T11:41:00,1,16.1684,113342.4,6225.46,3811.52,111246.25
8766,24,2026-11-06T17:39:00,1,6.8653,48372.05,2726.46,1721.73,48746.72
8767,363,2026-11-24T13:59:00,1,13.8933,108453.0,8652.29,3157.93,109183.11
8768,289,2026-11-03T18:07:00,1,4.1901,33231.15,3114.68,1089.95,33176.71
8769,254,2026-11-21T17:19:00,1,49.5838,4700.22,462.29,137.14,5015.91
8770,286,2026-11-24T09:53:00,1,25.0601,176939.5,10490.82,5858.89,176868.79
8771,25,2026-11-19T17:58:00,1,12.8433,100628.42,8274.3,3118.21,100257.6
8772,416,2026-11-17T17:53:00,1,5.6718,40163.39,2482.05,1206.36,38864.83
8773,12,2026-11-29T09:53:00,1,28.8297,202030.96,10940.5,5651.43,201674.99
8774,31,2026-11-18T16:51:00,1,19.1019,148865.66,11776.86,3853.84,148731.1
8775,11,2026-11-03T12:48:00,1,22.9405,161897.69,9769.6,5176.04,162693.73
8776,349,2026-11-22T19:09:00,1,3.9789,31349.29,2841.98,981.65,31280.73
8777,349,2026-11-30T20:48:00,1,3.9789,31237.74,2646.76,931.7,31280.73
8778,198,2026-11-28T20:44:00,1,15.7741,1425.45,81.02,45.62,1402.87
8779,293,2026-11-09T09:00:00,1,22.9979,160942.76,8606.97,5355.75,161345.44
8780,57,2026-11-11T11:49:00,1,19.0088,136819.43,197.48,4487.02,135836.68
8781,114,2026-11-13T11:18:00,1,22.4097,175303.52,14406.36,5100.8,172028.36
8782,330,2026-11-21T16:43:00,1,4.6319,32740.53,2031.08,957.78,32282.12
8783,22,2026-11-01T10:36:00,1,13.9576,104199.03,4140.76,3882.81,103466.89
8784,369,2026-11-02T11:19:00,1,3.836,27006.48,1501.61,916.36,27004.67
8785,370,2026-11-09T14:51:00,1,9.1394,65571.92,96.53,1721.13,65469.82
8786,254,2026-11-23T13:34:00,1,49.5838,4717.86,494.31,130.4,5015.91
8787,257,2026-11-16T09:43:00,1,3.6998,25972.36,1417.42,793.33,26155.07
8788,284,2026-11-07T17:38:00,1,22.3956,157488.11,8226.59,4297.85,156051.35
8789,18,2026-11-20T09:02:00,1,66.0832,6357.65,728.68,226.59,6273.83
8790,381,2026-11-23T19:29:00,1,51.5308,5048.51,659.12,145.39,5266.72
8791,164,2026-11-21T09:52:00,1,3.6678,28839.44,2512.96,768.01,28940.57
8792,141,2026-11-29T11:10:00,1,2.1494,16879.31,1473.92,441.95,16680.85
8793,104,2026-11-01T16:56:00,1,47.6116,4521.3,458.6,165.98,4803.13
8794,183,2026-11-15T15:35:00,1,18.2712,127642.94,6594.78,4875.49,129006.3
8795,413,2026-11-21T16:24:00,1,9.2313,69362.03,3102.25,2602.03,69692.43
8796,183,2026-11-15T11:21:00,1,18.2712,127796.7,6748.54,3855.95,129006.3
8797,272,2026-11-14T17:23:00,1,5.634,39971.77,2564.43,1504.59,39860.07
8798,13,2026-11-24T13:32:00,1,24.6984,173479.94,9433.66,6133.6,174080.63
8799,256,2026-11-17T17:30:00,1,3.4873,27107.77,2116.14,833.05,26890.68
8800,61,2026-11-08T14:22:00,1,13.7262,95830.79,4741.26,2519.2,94538.58
8801,139,2026-11-13T12:15:00,1,9.7207,72991.07,3198.39,2186.76,72292.83
8802,153,2026-11-15T18:16:00,1,36.3674,3545.53,447.03,106.61,3466.98
8803,338,2026-11-21T16:00:00,1,10.8588,81746.99,3805.46,2392.15,80139.62
8804,153,2026-11-27T14:02:00,1,36.3674,3507.05,403.09,121.17,3466.98
8805,175,2026-11-22T12:30:00,1,10.3823,72502.23,3812.0,2052.81,72063.93
8806,23,2026-11-14T10:54:00,1,26.3325,186124.75,11288.27,5562.57,186120.07
8807,36,2026-11-17T10:12:00,1,3.5236,27523.16,2271.39,843.36,27680.59
8808,285,2026-11-21T19:39:00,1,15.0484,105421.51,5650.77,3879.09,104994.48
8809,185,2026-11-11T18:33:00,1,138.7501,12944.3,1124.18,358.47,13875.63
8810,498,2026-11-04T19:09:00,1,29.3844,2661.21,151.78,76.51,2596.58
8811,154,2026-11-03T16:46:00,1,24.6383,172210.39,8823.47,5763.22,170050.2
8812,48,2026-11-03T20:44:00,1,12.8521,89743.72,4516.05,3286.2,89903.22
8813,200,2026-11-15T12:24:00,1,16.4058,115851.85,7162.11,3649.11,114509.45
8814,29,2026-11-27T09:55:00,1,13.1621,102064.07,7524.52,3427.68,103492.16
8815,316,2026-11-17T10:16:00,1,4.8799,38272.71,3301.05,1055.84,37802.56
8816,120,2026-11-22T16:16:00,1,3.0118,23651.08,2072.68,838.47,23932.83
8817,322,2026-11-07T16:24:00,1,36.3621,259050.51,16705.48,7645.57,257975.67
8818,371,2026-11-17T17:26:00,1,3.5364,27835.42,2491.92,788.2,27587.51
8819,45,2026-11-13T17:42:00,1,16.0869,112873.41,5778.89,3020.57,112962.67
8820,258,2026-11-26T20:20:00,1,20.9309,146919.11,7889.17,4338.7,145290.21
8821,280,2026-11-22T10:50:00,1,57.5885,5437.02,524.72,159.57,5536.09
8822,329,2026-11-14T10:57:00,1,18.6736,145311.19,11505.51,4022.33,144471.2
8823,370,2026-11-15T19:50:00,1,9.1394,65648.63,97.56,2299.11,65469.82
8824,15,2026-11-28T11:26:00,1,47.6096,4516.85,459.08,153.98,4522.17
8825,11,2026-11-12T13:03:00,1,22.9405,160787.18,9285.37,5857.07,162693.73
8826,75,2026-11-30T13:59:00,1,5.2811,37436.35,2437.44,1341.62,37112.22
8827,179,2026-11-20T16:27:00,1,4.8051,37717.87,3274.34,1333.71,37551.63
8828,306,2026-11-11T10:40:00,1,28.0255,197182.35,10382.02,7246.13,196973.59
8829,92,2026-11-14T16:33:00,1,13.6036,95098.4,4776.35,2711.02,94779.98
8830,129,2026-11-15T17:44:00,1,58.1956,5707.85,749.58,154.1,5491.03
8831,368,2026-11-08T10:10:00,1,6.4593,48426.0,2004.37,1809.19,48411.74
8832,393,2026-11-08T14:37:00,1,5.8217,41392.42,2758.57,1583.67,40681.64
8833,382,2026-11-06T20:33:00,1,52.9414,5021.15,497.84,180.66,5290.2
8834,31,2026-11-24T16:04:00,1,19.1019,147946.23,10730.21,4445.54,148731.1
8835,487,2026-11-04T20:29:00,1,139.4639,13085.26,1175.04,501.44,13934.72
8836,144,2026-11-25T13:38:00,1,7.8189,54753.2,2944.7,1473.65,54445.48
8837,68,2026-11-17T16:44:00,1,19.087,134526.57,7719.6,3790.27,133687.32
8838,31,2026-11-05T19:57:00,1,19.1019,147811.92,10786.16,4663.14,145166.23
8839,20,2026-11-05T15:00:00,1,10.7348,80457.2,3452.08,2136.19,80272.03
8840,416,2026-11-21T13:17:00,1,5.6718,40032.94,2428.96,1223.6,38864.83
8841,111,2026-11-07T11:41:00,1,8.7362,65437.54,2672.49,2022.9,65471.14
8842,471,2026-11-24T12:46:00,1,4.1632,29478.63,1826.74,1116.93,29492.86
8843,194,2026-11-13T19:11:00,1,3.7547,29469.45,2511.45,1022.37,29655.1
8844,316,2026-11-26T09:51:00,1,4.8799,38423.4,3448.23,1447.23,37802.56
8845,92,2026-11-11T20:56:00,1,13.6036,95101.71,4428.68,2872.82,94779.98
8846,49,2026-11-09T12:22:00,1,22.3665,2139.49,231.63,80.97,2270.99
8847,455,2026-11-28T12:42:00,1,21.0382,146969.8,7347.47,4008.31,146482.23
8848,202,2026-11-30T20:47:00,1,4.3318,34163.51,3036.71,893.63,34282.41
8849,423,2026-11-22T15:03:00,1,46.576,4197.05,224.12,126.98,4122.44
8850,337,2026-11-29T12:21:00,1,6.8574,51453.64,2304.6,1858.55,51467.22
8851,154,2026-11-21T13:02:00,1,24.6383,171924.35,8572.67,6331.76,170050.2
8852,474,2026-11-11T12:02:00,1,2.6939,21262.65,1900.78,798.2,21209.1
8853,407,2026-11-13T12:39:00,1,9.1757,64550.05,3465.12,2446.66,63145.55
8854,9,2026-11-01T18:08:00,1,3.5458,27784.95,2366.07,944.61,28130.5
8855,254,2026-11-12T13:03:00,1,49.5838,4767.05,530.11,132.11,5015.91
8856,271,2026-11-16T17:50:00,1,4.3867,34329.68,2785.58,1043.2,34477.91
8857,480,2026-11-22T14:25:00,1,23.4422,163514.62,8418.92,4886.01,166738.59
8858,128,2026-11-17T17:49:00,1,11.2314,80598.9,109.41,2635.72,79829.9
8859,82,2026-11-18T18:49:00,1,61.9363,5997.01,707.65,169.64,5877.56
8860,234,2026-11-10T17:02:00,1,16.4047,115329.97,6271.03,3527.51,115970.08
8861,25,2026-11-28T20:13:00,1,12.8433,99480.71,7467.46,3004.57,100257.6
8862,440,2026-11-28T09:29:00,1,4.4772,31626.42,1912.99,1176.98,31473.28
8863,332,2026-11-24T15:00:00,1,6.9177,48974.11,3026.88,1508.28,48724.67
8864,308,2026-11-22T16:56:00,1,22.5917,158556.71,9087.99,4675.99,157919.72
8865,483,2026-11-12T14:00:00,1,9.9881,69127.2,3164.59,2172.24,70426.37
8866,177,2026-11-14T14:33:00,1,21.5109,152181.88,9358.75,4658.82,149601.12
8867,317,2026-11-25T09:41:00,1,14.7122,114569.99,9024.96,4350.22,114345.81
8868,211,2026-11-11T18:31:00,1,6.0918,43844.93,61.34,1345.18,43786.88
8869,461,2026-11-26T11:12:00,1,4.6784,36968.77,3437.79,1283.59,36331.05
8870,91,2026-11-10T09:03:00,1,9.0049,64766.52,84.32,1866.98,64892.0
8871,212,2026-11-08T09:52:00,1,170.6976,15998.52,1417.53,527.14,17057.24
8872,229,2026-11-28T10:47:00,1,16.1684,113525.64,6222.27,4124.16,111246.25
8873,452,2026-11-08T18:05:00,1,17.8714,125926.38,7328.55,3614.07,127221.62
8874,406,2026-11-22T13:45:00,1,17.4692,125345.25,185.07,3354.7,124975.1
8875,79,2026-11-27T17:25:00,1,19.4648,135566.47,6198.74,4921.76,134335.63
8876,59,2026-11-05T17:26:00,1,17.543,126029.64,186.51,3575.29,125433.89
8877,361,2026-11-28T13:00:00,1,4.8008,38034.65,3640.28,1343.81,37516.15
8878,381,2026-11-25T14:19:00,1,51.5308,4963.75,572.81,145.34,5266.72
8879,73,2026-11-05T11:18:00,1,10.0421,75096.13,3060.03,2494.03,75140.23
8880,128,2026-11-01T20:03:00,1,11.2314,80619.29,104.42,2777.27,79829.9
8881,8,2026-11-01T17:38:00,1,4.5632,35648.82,2936.47,971.66,35365.16
8882,92,2026-11-18T19:15:00,1,13.6036,95270.51,4912.95,2635.4,94779.98
8883,177,2026-11-02T18:06:00,1,21.5109,152310.9,9288.8,5529.35,149601.12
8884,380,2026-11-30T11:38:00,1,27.6089,2483.51,130.68,70.9,2674.7
8885,172,2026-11-13T15:11:00,1,27.5585,2475.77,127.23,93.2,2681.44
8886,314,2026-11-09T13:26:00,1,3.5003,27719.85,2643.42,956.7,26980.34
8887,392,2026-11-16T17:48:00,1,61.6451,6043.66,784.1,176.83,5976.56
8888,477,2026-11-28T18:59:00,1,13.4506,94475.84,5209.45,2967.97,94914.32
8889,192,2026-11-07T09:35:00,1,4.2888,30465.95,1882.08,1132.89,30519.56
8890,101,2026-11-01T09:25:00,1,6.4304,45136.88,2645.18,1178.47,45056.51
8891,131,2026-11-29T11:31:00,1,9.6225,69071.84,104.5,2101.3,68876.9
8892,101,2026-11-30T15:30:00,1,6.4304,44993.24,2377.69,1710.24,45056.51
8893,447,2026-11-24T20:59:00,1,35.9406,252797.01,14080.26,6694.42,250465.93
8894,486,2026-11-25T11:18:00,1,25.5385,2296.11,119.97,64.28,2274.75
8895,171,2026-11-26T16:45:00,1,3.3292,23641.22,1527.57,770.2,23715.65
8896,240,2026-11-28T20:11:00,1,5.1622,38620.55,1637.0,1257.55,38618.57
8897,368,2026-11-10T10:17:00,1,6.4593,48337.73,1940.58,1548.32,48411.74
8898,231,2026-11-06T11:33:00,1,16.9595,131928.14,10367.02,3657.27,131187.83
8899,455,2026-11-08T10:12:00,1,21.0382,147123.0,7509.72,5123.59,146482.23
8900,268,2026-11-30T12:21:00,1,7.2654,52276.74,70.12,1821.32,52386.89
8901,320,2026-11-01T09:49:00,1,11.7703,88057.8,3679.7,2801.33,88241.28
8902,310,2026-11-28T09:56:00,1,30.6255,216640.56,13391.06,8095.41,214170.23
8903,383,2026-11-22T10:10:00,1,62.5518,6025.63,689.96,175.69,6362.59
8904,166,2026-11-11T11:16:00,1,42.0913,299733.12,19179.03,8384.95,293157.89
8905,433,2026-11-12T17:42:00,1,2.1387,16694.31,1358.98,571.69,16424.51
8906,439,2026-11-21T12:57:00,1,5.9325,42037.98,2705.56,1385.72,41926.14
8907,465,2026-11-23T15:58:00,1,6.5188,46127.22,2682.68,1201.29,46150.48
8908,84,2026-11-23T12:41:00,1,13.5748,95662.69,5193.44,3295.78,95072.35
8909,245,2026-11-09T14:35:00,1,39.8096,3836.49,440.73,143.55,3805.28
8910,437,2026-11-26T12:13:00,1,4.6132,36439.79,3376.11,1366.26,36178.81
8911,381,2026-11-17T18:23:00,1,51.5308,5002.21,611.79,169.29,5266.72
8912,420,2026-11-20T18:01:00,1,5.4005,42173.99,3462.56,1568.55,42365.92
8913,181,2026-11-08T20:17:00,1,19.7854,142401.75,208.24,4701.41,142839.21
8914,181,2026-11-18T09:32:00,1,19.7854,142191.23,197.15,4678.22,142839.21
8915,373,2026-11-06T11:14:00,1,191.6333,17858.8,1485.65,665.01,17671.34
8916,98,2026-11-24T09:30:00,1,6.3389,44738.89,2636.04,1254.74,43750.15
8917,3,2026-11-18T17:27:00,1,15.4507,120009.82,9124.63,4437.07,119964.69
8918,321,2026-11-27T15:43:00,1,3.0001,23422.28,1873.43,847.19,23637.09
8919,243,2026-11-10T14:10:00,1,15.8002,113649.78,156.94,3826.06,111419.59
8920,396,2026-11-20T20:23:00,1,24.6006,2208.59,113.11,72.02,2384.32
8921,343,2026-11-13T19:49:00,1,12.5555,88304.22,4719.12,2307.31,87525.06
8922,202,2026-11-19T16:54:00,1,4.3318,33961.02,2811.74,1233.85,34282.41
8923,498,2026-11-28T11:21:00,1,29.3844,2664.14,159.71,68.23,2596.58
8924,437,2026-11-05T19:42:00,1,4.6132,36436.25,3343.87,1104.86,36178.81
8925,376,2026-11-09T10:47:00,1,28.2449,199885.03,12793.64,5381.36,199320.81
8926,355,2026-11-02T14:47:00,1,34.4809,3392.96,446.22,124.83,3345.31
8927,219,2026-11-06T11:27:00,1,78.5036,7354.64,647.29,280.39,7781.34
8928,350,2026-11-14T17:01:00,1,40.4539,3657.26,200.07,135.59,3900.46
8929,419,2026-11-21T09:47:00,1,3.1838,22492.52,1383.96,814.02,22381.49
8930,167,2026-11-19T12:12:00,1,12.0913,84466.45,4149.26,2685.49,82941.57
8931,226,2026-11-27T14:48:00,1,13.4675,94001.87,4493.63,3418.8,93023.91
8932,106,2026-11-23T13:54:00,1,25.5639,180368.5,9997.89,5610.59,177488.62
8933,386,2026-11-24T19:04:00,1,6.0161,42232.87,2274.05,1610.02,42664.58
8934,158,2026-11-08T19:57:00,1,35.8635,252451.9,14455.26,6652.31,253196.23
8935,476,2026-11-27T16:04:00,1,15.7836,110720.23,5818.64,4014.08,110559.0
8936,183,2026-11-05T12:50:00,1,18.2712,128281.95,7484.1,4451.91,129006.3
8937,65,2026-11-02T15:34:00,1,7.9839,60027.25,2610.39,1794.21,59216.13
8938,132,2026-11-21T20:23:00,1,8.3701,58663.64,3169.96,1966.67,59029.06
8939,129,2026-11-24T11:10:00,1,58.1956,5738.28,763.72,152.63,5491.03
8940,193,2026-11-06T13:37:00,1,14.9404,104812.5,5477.66,3718.02,102287.59
8941,237,2026-11-10T15:28:00,1,8.7772,61385.03,3033.94,1935.68,60919.31
8942,346,2026-11-21T11:32:00,1,3.0109,21362.67,1400.43,626.31,21356.17
8943,220,2026-11-21T16:42:00,1,39.659,3605.25,215.6,103.04,3876.63
8944,393,2026-11-01T09:46:00,1,5.8217,41068.35,2598.91,1093.05,40681.64
8945,38,2026-11-24T13:33:00,1,9.9544,71596.46,90.32,1956.78,71867.8
8946,411,2026-11-01T13:08:00,1,13.1482,91366.51,4483.99,3047.7,92603.34
8947,57,2026-11-04T20:37:00,1,19.0088,136635.21,199.17,4341.49,135836.68
8948,347,2026-11-01T10:52:00,1,8.607,64194.13,2492.87,1853.87,64522.39
8949,30,2026-11-22T16:10:00,1,7.7113,57947.58,2699.05,2019.8,57913.08
8950,372,2026-11-07T13:58:00,1,4.8056,34022.63,1994.41,1189.74,34157.75
8951,304,2026-11-06T18:13:00,1,23.2115,163262.35,8935.12,4771.4,163176.85
8952,9,2026-11-23T13:05:00,1,3.5458,28207.01,2709.23,826.5,28130.5
8953,70,2026-11-03T13:43:00,1,30.9727,2787.2,141.2,72.78,2987.25
8954,110,2026-11-03T09:13:00,1,19.8326,142727.06,179.65,4289.61,139927.76
8955,49,2026-11-12T17:20:00,1,22.3665,2145.08,233.86,69.01,2270.99
8956,22,2026-11-13T16:51:00,1,13.9576,104603.51,4390.73,3709.85,103466.89
8957,190,2026-11-21T17:14:00,1,2.4559,19101.45,1473.66,517.36,19101.48
8958,183,2026-11-30T18:22:00,1,18.2712,127435.59,6348.69,3919.94,129006.3
8959,65,2026-11-09T16:03:00,1,7.9839,59864.24,2666.94,2246.17,59216.13
8960,365,2026-11-05T17:24:00,1,7.5425,54174.3,68.86,1926.65,53978.26
8961,62,2026-11-04T10:58:00,1,4.7149,37448.41,3607.12,1017.24,37523.03
8962,378,2026-11-14T10:16:00,1,22.3074,155410.33,7298.79,5420.53,155755.48
8963,111,2026-11-25T10:02:00,1,8.7362,65396.1,2722.78,1835.53,65471.14
8964,208,2026-11-04T14:00:00,1,11.0838,86400.21,6846.01,2678.39,85709.59
8965,336,2026-11-09T11:20:00,1,106.314,9996.28,927.7,367.64,9757.38
8966,185,2026-11-07T16:12:00,1,138.7501,12886.33,1025.97,445.15,13875.63
8967,267,2026-11-29T16:09:00,1,11.3594,79242.07,3949.13,2176.3,80167.77
8968,171,2026-11-24T13:20:00,1,3.3292,23470.35,1357.87,795.5,23715.65
8969,434,2026-11-24T09:35:00,1,133.699,12551.15,1122.56,369.61,13484.87
8970,276,2026-11-14T18:27:00,1,20.2773,142040.75,7408.2,3698.94,140177.51
8971,359,2026-11-19T12:52:00,1,1.683,13114.81,1012.63,464.29,12973.64
8972,126,2026-11-14T18:47:00,1,5.5909,39405.1,2283.93,1347.79,39847.32
8973,348,2026-11-20T18:06:00,1,9.5558,66668.68,3394.76,2374.16,66902.72
8974,412,2026-11-23T09:51:00,1,3.3552,23972.43,1611.7,850.76,23469.55
8975,317,2026-11-20T20:55:00,1,14.7122,114609.23,9150.41,3101.62,114345.81
8976,332,2026-11-15T18:08:00,1,6.9177,48841.73,3011.41,1319.49,48724.67
8977,352,2026-11-23T17:33:00,1,5.1549,36559.19,2204.36,1236.76,36522.15
8978,239,2026-11-28T14:45:00,1,20.6013,144508.11,7785.32,5055.21,142380.11
8979,315,2026-11-28T14:16:00,1,42.8276,3881.63,231.43,130.3,3840.92
8980,338,2026-11-07T09:09:00,1,10.8588,81349.16,3334.33,2426.97,80139.62
8981,216,2026-11-14T12:34:00,1,3.2471,25431.24,2164.14,707.59,25710.38
8982,497,2026-11-23T15:53:00,1,3.6197,28350.7,2321.51,941.78,28234.23
8983,233,2026-11-29T10:02:00,1,12.6163,94283.15,3858.34,2489.14,92727.37
8984,178,2026-11-03T19:46:00,1,4.4698,31834.44,2193.32,884.67,31553.38
8985,73,2026-11-23T13:12:00,1,10.0421,75668.93,3456.39,2080.87,75140.23
8986,10,2026-11-24T18:33:00,1,7.7867,54787.73,3068.62,1732.69,54210.59
8987,125,2026-11-22T10:00:00,1,21.1855,164206.05,12419.99,5167.94,163495.59
8988,264,2026-11-01T13:03:00,1,10.9703,76668.7,4177.62,2836.88,77272.76
8989,269,2026-11-20T10:45:00,1,4.0936,28839.04,1733.19,971.96,28237.31
8990,370,2026-11-28T10:22:00,1,9.1394,65575.86,98.46,1839.06,65469.82
8991,242,2026-11-19T19:15:00,1,137.6048,12781.49,1030.04,419.14,13734.42
8992,422,2026-11-14T15:41:00,1,43.7528,4166.61,427.5,150.86,4400.94
8993,88,2026-11-01T11:37:00,1,28.7165,199757.67,10000.76,7226.47,201704.8
8994,433,2026-11-11T15:41:00,1,2.1387,16826.55,1455.07,577.05,16424.51
8995,449,2026-11-28T17:58:00,1,12.1078,90541.82,3797.91,3339.6,89778.51
8996,460,2026-11-14T10:05:00,1,20.4061,159568.21,13348.3,4949.46,160633.54
8997,453,2026-11-01T12:39:00,1,24.0131,186708.85,14565.42,4783.68,188274.4
8998,14,2026-11-24T19:30:00,1,37.31,263695.54,15883.27,8972.53,262318.39
8999,207,2026-11-29T09:49:00,1,13.2941,99522.79,4239.99,3512.64,98609.31
9000,282,2026-11-14T12:52:00,1,41.6824,293309.3,16556.09,10528.35,293335.18
9001,311,2026-11-20T15:25:00,1,6.7935,50934.96,2238.34,1529.8,51014.29
9002,374,2026-11-13T09:50:00,1,158.1349,14777.46,1301.2,471.6,14382.69
9003,381,2026-11-11T09:41:00,1,51.5308,4990.25,600.34,161.36,5266.72
9004,21,2026-11-11T18:03:00,1,5.716,40537.23,2437.98,1063.01,40047.33
9005,293,2026-11-07T11:23:00,1,22.9979,161216.24,7940.53,5418.38,161345.44
9006,27,2026-11-23T09:22:00,1,5.6731,40468.33,2659.96,1430.51,40471.64
9007,196,2026-11-29T10:37:00,1,29.6387,2816.63,292.3,82.74,2817.1
9008,306,2026-11-24T11:16:00,1,28.0255,196342.79,10197.98,5196.09,196973.59
9009,114,2026-11-14T09:44:00,1,22.4097,172854.98,12278.27,4531.67,172028.36
9010,97,2026-11-20T18:02:00,1,12.0171,83891.6,4320.13,3170.46,83643.95
9011,235,2026-11-13T19:32:00,1,8.0469,57849.04,73.91,1568.05,57915.77
9012,60,2026-11-24T17:13:00,1,6.9398,49091.04,2997.03,1451.84,49434.24
9013,220,2026-11-16T12:08:00,1,39.659,3582.87,199.16,119.69,3876.63
9014,446,2026-11-03T20:05:00,1,15.9701,124271.65,9486.08,3625.29,125003.74
9015,64,2026-11-25T14:01:00,1,3.1873,22388.61,1269.37,698.92,22434.36
9016,369,2026-11-22T16:21:00,1,3.836,27002.78,1623.46,787.73,27004.67
9017,341,2026-11-28T14:52:00,1,23.4326,164762.4,9249.37,6062.18,166136.18
9018,238,2026-11-12T11:57:00,1,17.9613,128974.52,184.81,4399.28,129748.96
9019,95,2026-11-20T12:52:00,1,30.4621,2888.55,293.79,100.43,3085.67
9020,299,2026-11-13T18:03:00,1,2.7577,19484.45,1125.75,548.14,19335.39
9021,115,2026-11-14T16:54:00,1,15.2051,109104.06,151.92,3568.44,108959.61
9022,191,2026-11-29T12:49:00,1,10.7173,76919.04,104.94,2905.96,77465.39
9023,423,2026-11-11T12:16:00,1,46.576,4221.3,253.49,156.08,4122.44
9024,352,2026-11-23T12:38:00,1,5.1549,36615.14,2260.31,1168.78,36522.15
9025,496,2026-11-05T11:03:00,1,11.1941,83879.45,3579.58,2703.6,84505.86
9026,244,2026-11-18T09:13:00,1,15.9038,111129.11,5493.21,4020.5,111267.13
9027,264,2026-11-18T09:15:00,1,10.9703,76692.75,3826.04,1965.43,77272.76
9028,337,2026-11-05T11:54:00,1,6.8574,51517.94,2327.0,1322.5,51467.22
9029,128,2026-11-09T15:00:00,1,11.2314,80584.1,121.45,2901.28,79829.9
9030,318,2026-11-22T14:31:00,1,17.6338,122980.0,6313.19,4056.26,121744.27
9031,375,2026-11-17T10:56:00,1,4.191,29742.51,1899.06,1064.76,29365.44
9032,214,2026-11-13T15:16:00,1,15.0718,108350.7,138.19,2799.4,107549.49
9033,166,2026-11-09T12:50:00,1,42.0913,297886.31,19077.75,7808.82,293157.89
9034,315,2026-11-10T15:45:00,1,42.8276,3879.96,224.62,134.39,3840.92
9035,41,2026-11-14T20:10:00,1,3.6873,26092.29,1610.2,715.16,25728.91
9036,248,2026-11-23T15:06:00,1,12.1774,85708.25,4551.97,2681.13,84291.64
9037,10,2026-11-11T09:10:00,1,7.7867,54871.75,2970.51,1859.97,54210.59
9038,385,2026-11-13T17:41:00,1,45.0218,4325.08,488.32,157.74,4324.75
9039,161,2026-11-28T14:37:00,1,28.3219,200558.9,12597.5,6047.45,197778.07
9040,76,2026-11-29T14:24:00,1,36.1511,253560.04,13941.51,8212.59,253596.23
9041,288,2026-11-17T18:36:00,1,14.593,109538.0,4957.7,4070.57,109109.53
9042,477,2026-11-07T16:17:00,1,13.4506,95113.98,5468.82,3249.0,94914.32
9043,187,2026-11-07T17:02:00,1,12.717,99570.28,8205.25,3776.84,99284.23
9044,95,2026-11-08T15:05:00,1,30.4621,2909.19,307.12,95.2,3085.67
9045,418,2026-11-21T20:45:00,1,23.6409,183315.74,13627.74,5291.26,183063.7
9046,451,2026-11-08T12:24:00,1,13.8323,96799.18,5005.55,3429.94,96203.06
9047,411,2026-11-21T09:32:00,1,13.1482,91908.63,4736.2,3082.81,92603.34
9048,175,2026-11-15T16:38:00,1,10.3823,72300.69,3517.12,2570.82,72571.72
9049,163,2026-11-15T17:45:00,1,45.0083,4054.91,220.2,115.02,4378.61
9050,117,2026-11-21T09:00:00,1,31.0203,2798.81,147.5,97.1,2761.05
9051,85,2026-11-10T16:34:00,1,26.0333,2363.37,141.43,65.52,2522.05
9052,497,2026-11-26T13:25:00,1,3.6197,28221.49,2278.41,1028.42,28234.23
9053,385,2026-11-22T11:07:00,1,45.0218,4335.07,494.71,114.83,4324.75
9054,402,2026-11-27T09:52:00,1,3.1346,22068.71,1235.41,678.87,21687.27
9055,279,2026-11-30T09:24:00,1,3.3772,26510.21,2242.83,693.67,26255.86
9056,474,2026-11-14T18:28:00,1,2.6939,21185.05,1881.91,679.46,21209.1
9057,269,2026-11-22T20:23:00,1,4.0936,28609.75,1526.12,846.09,28237.31
9058,451,2026-11-14T18:13:00,1,13.8323,96546.78,4706.26,2633.23,96203.06
9059,298,2026-11-27T09:40:00,1,12.0285,90115.21,3717.98,3117.2,89873.29
9060,350,2026-11-10T09:44:00,1,40.4539,3663.99,211.25,123.16,3900.46
9061,125,2026-11-29T17:56:00,1,21.1855,164742.92,12900.09,5059.64,163495.59
9062,481,2026-11-07T15:38:00,1,9.6978,69775.41,101.76,2122.97,70080.68
9063,402,2026-11-01T13:38:00,1,3.1346,21972.9,1259.65,843.47,21687.27
9064,283,2026-11-13T20:25:00,1,29.6388,2851.64,325.82,78.02,2739.14
9065,423,2026-11-11T17:45:00,1,46.576,4223.43,255.62,118.03,4122.44
9066,474,2026-11-08T12:01:00,1,2.6939,21239.63,1879.14,637.41,21209.1
9067,257,2026-11-01T10:39:00,1,3.6998,25918.0,1469.94,862.86,26155.07
9068,24,2026-11-26T16:33:00,1,6.8653,48233.19,2631.6,1560.04,48746.72
9069,226,2026-11-01T20:48:00,1,13.4675,93306.06,4313.63,2462.82,93023.91
9070,339,2026-11-26T13:51:00,1,4.9004,34402.77,1852.7,1304.07,34103.43
9071,170,2026-11-03T18:41:00,1,3.1856,24834.45,1937.85,803.54,24560.11
9072,396,2026-11-09T17:13:00,1,24.6006,2217.67,119.24,78.16,2384.32
9073,107,2026-11-25T13:41:00,1,29.1472,204198.56,11067.46,6588.92,203805.95
9074,263,2026-11-25T14:01:00,1,11.0827,86696.87,7189.8,2560.75,85889.43
9075,244,2026-11-26T11:02:00,1,15.9038,112183.19,6544.9,3191.21,111267.13
9076,438,2026-11-07T09:41:00,1,3.7537,26547.51,1529.96,960.32,26461.5
9077,379,2026-11-26T16:28:00,1,2.4927,19341.87,1476.22,621.01,19653.06
9078,461,2026-11-11T14:12:00,1,4.6784,36791.25,3166.19,958.13,36331.05
9079,399,2026-11-11T19:40:00,1,14.9726,112388.63,4776.06,4183.08,112332.36
9080,475,2026-11-27T12:25:00,1,4.7599,33495.15,1859.71,883.05,33455.21
9081,457,2026-11-15T10:17:00,1,28.4822,2560.8,134.12,98.25,2558.24
9082,97,2026-11-09T14:48:00,1,12.0171,83782.3,4182.23,2235.48,83643.95
9083,442,2026-11-03T11:39:00,1,22.5468,176479.37,14423.57,6177.25,176097.65
9084,168,2026-11-14T13:32:00,1,22.6916,2162.31,223.09,57.14,2348.48
9085,469,2026-11-25T20:16:00,1,3.5698,25165.78,1512.07,866.67,24986.32
9086,347,2026-11-08T10:28:00,1,8.607,64564.99,2708.29,2103.83,64522.39
9087,282,2026-11-06T20:31:00,1,41.6824,295326.16,18190.72,10135.37,293335.18
9088,254,2026-11-07T13:55:00,1,49.5838,4690.64,452.22,143.31,5015.91
9089,485,2026-11-13T13:49:00,1,12.8272,89809.52,4415.64,2865.4,90736.48
9090,48,2026-11-20T20:03:00,1,12.8521,89488.79,4388.35,2320.3,89903.22
9091,34,2026-11-27T15:43:00,1,12.0678,84622.18,4416.68,2334.31,84389.53
9092,273,2026-11-26T14:59:00,1,5.1573,38515.41,1552.06,1404.54,38716.4
9093,320,2026-11-21T16:33:00,1,11.7703,88567.54,4083.5,3207.12,88241.28
9094,133,2026-11-21T16:30:00,1,14.5876,113996.11,9290.26,3730.84,113852.94
9095,202,2026-11-11T13:30:00,1,4.3318,34021.09,2887.14,929.32,34282.41
9096,406,2026-11-04T12:28:00,1,17.4692,125552.64,167.11,3398.12,124975.1
9097,145,2026-11-22T17:41:00,1,8.7446,65661.6,3009.86,2336.13,65052.32
9098,417,2026-11-06T19:49:00,1,14.235,106513.27,4480.63,3212.21,105673.59
9099,230,2026-11-11T19:24:00,1,3.6613,28714.17,2399.31,816.95,28377.29
9100,257,2026-11-12T13:21:00,1,3.6998,25880.84,1446.92,813.04,26155.07
9101,359,2026-11-27T13:37:00,1,1.683,13129.6,1041.1,375.5,12973.64
9102,337,2026-11-17T12:38:00,1,6.8574,51450.06,2306.71,1956.17,51467.22
9103,239,2026-11-12T15:42:00,1,20.6013,143437.22,7383.76,4276.47,142380.11
9104,159,2026-11-21T09:54:00,1,106.8915,10066.25,930.23,281.04,9855.57
9105,309,2026-11-09T13:31:00,1,20.9922,162829.02,12439.22,4859.74,163877.64
9106,461,2026-11-13T20:12:00,1,4.6784,36771.89,3181.91,1353.83,36331.05
9107,325,2026-11-22T09:04:00,1,16.9172,118969.38,7043.66,4123.64,119145.47
9108,300,2026-11-24T20:55:00,1,18.9634,132797.54,6843.02,4054.2,132207.48
9109,323,2026-11-06T12:32:00,1,11.8931,89307.17,4060.64,2357.64,89431.89
9110,288,2026-11-11T17:28:00,1,14.593,109932.0,5047.73,3020.75,109109.53
9111,35,2026-11-28T17:14:00,1,10.6628,83270.3,6878.8,2951.7,82126.32
9112,144,2026-11-21T12:01:00,1,7.8189,55262.28,3423.05,1965.21,54445.48
9113,71,2026-11-27T16:57:00,1,13.8926,104305.95,4519.43,3590.35,103489.89
9114,382,2026-11-08T11:51:00,1,52.9414,5056.86,534.61,149.57,5290.2
9115,149,2026-11-02T13:52:00,1,24.2917,188267.48,13571.78,6981.26,190817.31
9116,472,2026-11-18T15:32:00,1,13.3279,93437.98,4911.67,2752.66,91782.23
9117,280,2026-11-13T18:45:00,1,57.5885,5506.91,599.22,203.7,5536.09
9118,298,2026-11-21T16:25:00,1,12.0285,90280.22,3942.89,2934.34,89873.29
9119,107,2026-11-29T19:11:00,1,29.1472,205150.63,11955.7,5921.31,203805.95
9120,261,2026-11-06T10:07:00,1,3.9864,31064.76,2491.32,1115.43,31052.81
9121,186,2026-11-15T17:05:00,1,20.4986,143050.93,7246.07,4016.47,142115.47
9122,181,2026-11-29T15:10:00,1,19.7854,142002.06,194.16,5160.05,142839.21
9123,36,2026-11-24T16:54:00,1,3.5236,27772.31,2460.99,845.38,27680.59
9124,47,2026-11-08T12:04:00,1,4.4362,31299.8,1860.38,1090.73,30937.05
9125,156,2026-11-01T10:36:00,1,40.2472,3643.52,209.23,139.04,3905.61
9126,368,2026-11-27T20:07:00,1,6.4593,48304.08,1908.8,1499.46,48411.74
9127,226,2026-11-06T15:39:00,1,13.4675,94077.09,4535.18,3220.39,93023.91
9128,385,2026-11-18T20:27:00,1,45.0218,4387.58,542.72,144.74,4324.75
9129,257,2026-11-29T20:04:00,1,3.6998,26128.18,1604.98,726.5,26155.07
9130,269,2026-11-05T19:40:00,1,4.0936,28597.05,1532.7,902.09,28237.31
9131,97,2026-11-05T17:27:00,1,12.0171,83451.72,4002.11,2568.78,83643.95
9132,235,2026-11-02T15:53:00,1,8.0469,57958.24,88.31,1821.91,57915.77
9133,236,2026-11-03T18:22:00,1,45.6461,4462.41,562.86,143.87,4723.14
9134,245,2026-11-20T14:44:00,1,39.8096,3834.39,443.41,120.55,3805.28
9135,93,2026-11-07T18:32:00,1,10.8246,81549.32,3780.2,3127.93,80998.56
9136,31,2026-11-01T10:14:00,1,19.1019,149051.12,12114.76,4176.5,145166.23
9137,414,2026-11-15T11:18:00,1,3.8752,30365.47,2571.14,909.94,29798.99
9138,256,2026-11-27T10:22:00,1,3.4873,27483.64,2435.38,969.58,26890.68
9139,466,2026-11-11T11:04:00,1,4.9899,39369.34,3505.43,1101.43,39724.52
9140,298,2026-11-04T16:05:00,1,12.0285,90435.39,4100.59,2700.9,89873.29
9141,417,2026-11-20T09:27:00,1,14.235,107019.71,4981.52,3357.44,105673.59
9142,243,2026-11-16T18:12:00,1,15.8002,113779.71,162.84,4332.94,111419.59
9143,441,2026-11-28T15:57:00,1,5.6742,40015.23,2357.78,1074.17,40522.82
9144,460,2026-11-10T12:25:00,1,20.4061,158362.07,11785.05,5176.11,160633.54
9145,473,2026-11-10T09:54:00,1,4.9432,34705.9,1843.36,1031.69,34863.6
9146,120,2026-11-12T20:47:00,1,3.0118,23596.48,2000.67,813.79,23932.83
9147,385,2026-11-06T10:10:00,1,45.0218,4421.0,574.34,118.19,4324.75
9148,179,2026-11-10T18:04:00,1,4.8051,38011.87,3496.84,1192.61,37551.63
9149,156,2026-11-19T18:48:00,1,40.2472,3641.92,204.81,121.45,3905.61
9150,454,2026-11-25T10:44:00,1,40.6398,3865.17,402.25,101.04,4115.87
9151,429,2026-11-16T19:46:00,1,11.4674,85764.33,3303.98,2666.07,86977.22
9152,68,2026-11-12T10:57:00,1,19.087,133381.13,7328.29,3733.15,133687.32
9153,142,2026-11-26T14:24:00,1,6.2076,43925.92,2692.99,1309.91,43699.74
9154,428,2026-11-30T16:39:00,1,2.987,23546.53,2082.99,839.57,23290.85
9155,273,2026-11-17T12:27:00,1,5.1573,38671.52,1711.88,1476.71,38716.4
9156,268,2026-11-14T13:42:00,1,7.2654,52129.03,68.81,1756.68,52386.89
9157,166,2026-11-24T10:01:00,1,42.0913,296574.12,17004.55,9792.35,293157.89
9158,352,2026-11-13T11:50:00,1,5.1549,36557.1,2239.64,1026.63,36522.15
9159,220,2026-11-28T11:40:00,1,39.659,3576.39,196.25,100.39,3876.63
9160,14,2026-11-13T13:08:00,1,37.31,265057.24,16675.24,9446.41,262318.39
9161,462,2026-11-19T11:48:00,1,52.4788,5085.56,603.87,170.29,4995.91
9162,42,2026-11-03T16:16:00,1,5.2378,41397.05,3750.21,1152.45,40718.85
9163,114,2026-11-21T09:27:00,1,22.4097,174999.04,14148.26,5892.72,172028.36
9164,321,2026-11-22T09:36:00,1,3.0001,23438.14,1943.56,869.92,23637.09
9165,309,2026-11-24T10:06:00,1,20.9922,162652.09,11857.35,5163.5,163877.64
9166,74,2026-11-30T20:37:00,1,7.7284,57768.52,2234.94,1857.17,57947.77
9167,327,2026-11-17T18:56:00,1,2.2934,17834.45,1398.87,629.3,17894.03
9168,445,2026-11-30T09:49:00,1,56.0557,5387.98,610.91,163.39,5771.96
9169,355,2026-11-25T14:19:00,1,34.4809,3366.59,428.47,102.02,3345.31
9170,262,2026-11-14T09:46:00,1,7.1953,50409.27,2635.57,1651.04,50188.36
9171,334,2026-11-13T09:19:00,1,14.5628,102496.29,5548.09,3870.29,101921.6
9172,387,2026-11-28T14:43:00,1,11.9529,89100.16,3466.0,3266.83,89528.73
9173,371,2026-11-09T10:51:00,1,3.5364,27993.8,2658.75,903.26,27587.51
9174,373,2026-11-25T13:13:00,1,191.6333,17770.33,1441.26,641.46,17671.34
9175,487,2026-11-08T16:16:00,1,139.4639,13010.04,1097.03,485.55,13934.72
9176,105,2026-11-06T10:58:00,1,3.087,23973.75,1846.97,884.49,23973.36
9177,183,2026-11-09T20:41:00,1,18.2712,128072.85,7046.25,4294.15,129006.3
9178,344,2026-11-20T19:30:00,1,14.46,100433.72,4686.54,2676.52,100842.02
9179,317,2026-11-24T18:51:00,1,14.7122,115338.04,9654.86,3833.01,114345.81
9180,349,2026-11-02T15:18:00,1,3.9789,31253.76,2639.18,826.68,31280.73
9181,36,2026-11-16T20:36:00,1,3.5236,27874.96,2537.28,826.7,27680.59
9182,69,2026-11-01T18:19:00,1,62.0656,6101.74,805.68,220.77,6460.93
9183,289,2026-11-21T18:01:00,1,4.1901,32834.83,2759.42,1007.81,33176.71
9184,473,2026-11-29T17:00:00,1,4.9432,34934.66,2169.89,1082.38,34863.6
9185,58,2026-11-25T19:13:00,1,55.451,5131.51,406.53,190.08,5047.45
9186,395,2026-11-14T12:38:00,1,3.4824,27155.85,2202.71,829.01,26609.85
9187,160,2026-11-12T19:17:00,1,41.4832,4055.65,510.91,154.86,4064.29
9188,476,2026-11-20T09:54:00,1,15.7836,110027.84,5516.42,2994.3,110559.0
9189,311,2026-11-14T12:21:00,1,6.7935,50649.86,1971.04,1372.19,51014.29
9190,108,2026-11-26T09:22:00,1,16.1291,112927.56,5792.76,4299.66,111090.06
9191,118,2026-11-06T15:47:00,1,16.9789,119180.79,6292.5,3575.63,119673.31
9192,93,2026-11-30T17:34:00,1,10.8246,81112.83,3331.04,3102.95,80998.56
9193,395,2026-11-28T17:01:00,1,3.4824,27416.68,2467.72,1040.95,26609.85
9194,460,2026-11-26T09:16:00,1,20.4061,158009.37,11754.97,5250.34,160633.54
9195,219,2026-11-09T14:22:00,1,78.5036,7330.84,634.48,253.45,7781.34
9196,53,2026-11-22T11:45:00,1,39.5475,3567.36,193.96,124.76,3823.01
9197,151,2026-11-02T19:57:00,1,18.1146,128571.36,8130.65,4759.83,126093.84
9198,240,2026-11-25T13:06:00,1,5.1622,38782.17,1748.65,1466.11,38618.57
9199,45,2026-11-30T12:36:00,1,16.0869,112399.39,5788.29,3172.15,112962.67
9200,54,2026-11-21T18:04:00,1,23.9682,184984.33,12947.06,5950.5,187282.13
9201,370,2026-11-13T16:43:00,1,9.1394,65716.2,97.14,2019.12,65469.82
9202,14,2026-11-20T11:04:00,1,37.31,263870.48,16821.57,10078.5,262318.39
9203,271,2026-11-30T15:33:00,1,4.3867,34796.15,3274.86,1192.07,34477.91
9204,466,2026-11-23T12:38:00,1,4.9899,39055.84,3173.57,1347.29,39724.52
9205,139,2026-11-05T17:43:00,1,9.7207,72897.13,3166.56,1896.69,72292.83
9206,352,2026-11-17T17:53:00,1,5.1549,36345.08,2097.83,996.93,36522.15
9207,337,2026-11-11T18:45:00,1,6.8574,51473.57,2187.38,1838.73,51467.22
9208,437,2026-11-18T12:28:00,1,4.6132,36043.03,2935.43,1143.35,36178.81
9209,253,2026-11-07T14:35:00,1,12.2356,92018.77,4112.35,2536.37,92176.02
9210,421,2026-11-18T13:33:00,1,70.6148,6862.54,832.04,232.11,6864.5
9211,188,2026-11-07T17:29:00,1,32.234,2922.72,167.36,91.92,2865.94
9212,295,2026-11-03T09:46:00,1,14.8897,104267.87,5528.02,3011.38,103325.4
9213,316,2026-11-12T13:00:00,1,4.8799,38537.5,3546.67,1044.57,37802.56
9214,170,2026-11-02T12:45:00,1,3.1856,25081.03,2171.53,819.79,24560.11
9215,450,2026-11-23T09:00:00,1,10.9034,982.03,53.28,31.35,1046.78
9216,22,2026-11-09T20:42:00,1,13.9576,104472.93,4479.57,3153.0,103466.89
9217,59,2026-11-24T11:43:00,1,17.543,126205.58,187.72,4790.55,125433.89
9218,103,2026-11-22T09:55:00,1,40.7114,285597.0,16246.71,10693.63,290443.66
9219,386,2026-11-19T14:20:00,1,6.0161,42265.0,2302.69,1258.0,42664.58
9220,470,2026-11-08T14:53:00,1,11.707,88031.63,3895.88,2687.64,87563.24
9221,191,2026-11-14T11:42:00,1,10.7173,76892.94,98.13,2233.15,77465.39
9222,381,2026-11-25T18:34:00,1,51.5308,5033.1,642.16,176.11,5266.72
9223,238,2026-11-02T18:12:00,1,17.9613,129334.03,163.9,4702.12,129748.96
9224,352,2026-11-05T13:06:00,1,5.1549,35986.73,1905.73,988.35,36627.39
9225,266,2026-11-26T13:32:00,1,3.1433,24698.72,2170.09,667.28,25026.34
9226,125,2026-11-06T18:25:00,1,21.1855,163928.93,12076.99,5672.54,163495.59
9227,399,2026-11-11T19:26:00,1,14.9726,112814.01,5201.44,3083.74,112332.36
9228,434,2026-11-03T15:45:00,1,133.699,12412.72,990.81,379.41,13484.87
9229,301,2026-11-10T19:03:00,1,33.2508,3171.55,333.59,118.41,3387.51
9230,1,2026-11-03T12:44:00,1,4.1528,32502.01,2653.64,1127.27,33088.59
9231,12,2026-11-04T15:21:00,1,28.8297,202488.92,10779.49,6686.23,201674.99
9232,195,2026-11-21T12:11:00,1,5.6896,40219.47,2497.48,1364.52,40165.21
9233,119,2026-11-18T12:24:00,1,3.7223,26475.26,1751.07,948.47,26552.84
9234,270,2026-11-10T13:25:00,1,4.256,33311.38,2740.53,955.46,33198.81
9235,474,2026-11-06T20:31:00,1,2.6939,20946.44,1637.29,671.71,21209.1
9236,141,2026-11-22T12:32:00,1,2.1494,16825.45,1425.82,442.75,16856.21
9237,359,2026-11-28T09:21:00,1,1.683,13201.88,1144.36,469.56,12973.64
9238,388,2026-11-20T20:17:00,1,12.1851,87462.87,118.61,2927.29,87746.43
9239,87,2026-11-17T12:25:00,1,5.8771,41764.6,2719.32,1302.25,41296.96
9240,82,2026-11-11T10:01:00,1,61.9363,6086.87,810.52,194.14,5877.56
9241,373,2026-11-17T10:03:00,1,191.6333,17857.3,1530.14,563.86,17671.34
9242,444,2026-11-12T14:47:00,1,21.3326,148473.41,7590.36,5542.42,149570.04
9243,245,2026-11-29T20:56:00,1,39.8096,3903.57,512.99,125.36,3805.28
9244,47,2026-11-12T13:37:00,1,4.4362,31014.74,1717.54,830.13,30937.05
9245,189,2026-11-23T18:27:00,1,10.9377,77445.2,4550.9,2347.45,76878.67
9246,137,2026-11-08T10:30:00,1,19.0534,148655.01,11722.23,4073.03,148363.19
9247,106,2026-11-05T17:30:00,1,25.5639,179860.5,10847.84,4930.31,177488.62
9248,492,2026-11-21T09:42:00,1,5.5826,44111.08,4040.68,1449.12,43858.87
9249,87,2026-11-01T19:59:00,1,5.8771,41687.09,2851.57,1396.53,41296.96
9250,244,2026-11-06T19:41:00,1,15.9038,111643.42,5903.19,3965.48,111267.13
9251,130,2026-11-24T19:21:00,1,2.9689,23164.91,1838.2,602.73,22836.34
9252,448,2026-11-16T12:06:00,1,1.8774,14724.24,1224.14,397.9,14722.59
9253,155,2026-11-12T11:46:00,1,43.3929,3944.79,236.87,144.58,4226.11
9254,197,2026-11-08T11:17:00,1,3.3083,25888.34,2112.28,682.78,26110.51
9255,453,2026-11-03T10:13:00,1,24.0131,186194.76,13599.88,4802.83,188274.4
9256,36,2026-11-10T11:05:00,1,3.5236,27739.19,2429.17,1005.83,27680.59
9257,151,2026-11-08T19:55:00,1,18.1146,127766.58,7554.83,4052.76,126093.84
9258,360,2026-11-01T19:58:00,1,6.8958,48581.61,3014.58,1474.59,48032.53
9259,328,2026-11-05T16:01:00,1,3.0974,24328.46,2109.54,900.45,24243.5
9260,500,2026-11-22T13:36:00,1,31.1716,218349.21,12115.1,5738.07,215660.52
9261,248,2026-11-13T18:37:00,1,12.1774,85434.89,4366.89,2898.5,84291.64
9262,392,2026-11-17T14:25:00,1,61.6451,6056.49,804.33,208.99,5976.56
9263,357,2026-11-19T10:04:00,1,43.877,4180.26,433.16,148.74,4465.7
9264,114,2026-11-12T15:50:00,1,22.4097,172829.21,12142.7,5415.13,172028.36
9265,155,2026-11-20T20:28:00,1,43.3929,3918.49,222.28,122.97,4226.11
9266,376,2026-11-13T17:01:00,1,28.2449,199160.72,11127.36,6538.17,199320.81
9267,23,2026-11-15T13:31:00,1,26.3325,184658.96,10204.04,4977.72,186120.07
9268,167,2026-11-02T19:11:00,1,12.0913,84758.7,4365.82,3017.06,82941.57
9269,69,2026-11-02T16:52:00,1,62.0656,5988.61,684.48,164.35,6460.93
9270,433,2026-11-01T20:23:00,1,2.1387,16786.48,1454.72,460.33,16424.51
9271,495,2026-12-19T20:58:00,1,22.3137,158290.23,8161.2,4529.32,155842.43
9272,74,2026-12-07T13:14:00,1,7.7284,58990.21,2603.65,1574.87,57947.77
9273,114,2026-12-04T10:27:00,1,22.4097,176225.04,13193.8,6714.94,172028.36
9274,216,2026-12-24T16:19:00,1,3.2471,26066.95,2437.8,960.83,25501.68
9275,361,2026-12-10T16:02:00,1,4.8008,38680.67,3636.94,1194.86,37516.15
9276,261,2026-12-04T20:37:00,1,3.9864,31391.27,2390.09,1203.82,31052.81
9277,176,2026-12-29T14:31:00,1,79.6742,7659.32,873.47,206.86,8259.16
9278,292,2026-12-29T09:58:00,1,17.0016,121524.49,7074.48,3484.16,121516.29
9279,105,2026-12-16T17:25:00,1,3.087,24398.25,1853.02,826.71,23973.36
9280,6,2026-12-06T15:55:00,1,11.7587,89243.36,3689.29,2433.39,88161.08
9281,96,2026-12-24T17:34:00,1,14.1124,99905.17,5275.74,2990.98,98136.12
9282,384,2026-12-10T12:28:00,1,139.1589,13006.91,1160.31,456.31,13806.42
9283,38,2026-12-26T16:22:00,1,9.9544,72669.34,95.19,2462.11,71867.8
9284,460,2026-12-01T19:44:00,1,20.4061,160818.01,12290.58,4164.41,160633.54
9285,245,2026-12-21T16:33:00,1,39.8096,3824.79,436.2,141.44,3805.28
9286,138,2026-12-21T11:46:00,1,3.6759,29081.13,2297.02,762.75,29060.19
9287,261,2026-12-27T13:10:00,1,3.9864,31506.3,2467.01,1011.81,31052.81
9288,147,2026-12-10T12:25:00,1,27.792,200215.34,12693.27,6257.12,193824.6
9289,206,2026-12-14T17:48:00,1,25.6022,183721.85,11735.49,5377.24,179409.86
9290,211,2026-12-26T10:34:00,1,6.0918,44480.23,66.99,1399.76,43786.88
9291,280,2026-12-03T20:31:00,1,57.5885,5471.15,565.19,176.9,5536.09
9292,382,2026-12-15T16:29:00,1,52.9414,5048.98,544.73,148.37,5093.97
9293,154,2026-12-19T20:18:00,1,24.6383,174250.52,8481.33,6629.62,170050.2
9294,198,2026-12-23T20:15:00,1,15.7741,1417.7,72.96,52.55,1402.87
9295,341,2026-12-21T17:06:00,1,23.4326,167442.97,10117.43,5659.49,166136.18
9296,169,2026-12-14T10:52:00,1,4.4869,35856.57,3138.01,1310.33,35379.58
9297,115,2026-12-26T19:22:00,1,15.2051,111002.25,147.04,3733.75,108959.61
9298,182,2026-12-22T09:46:00,1,12.8188,93622.7,126.6,2944.12,92483.25
9299,245,2026-12-20T16:41:00,1,39.8096,3893.41,504.82,102.71,3805.28
9300,31,2026-12-27T14:13:00,1,19.1019,150172.25,11022.74,5074.43,148731.1
9301,14,2026-12-01T13:06:00,1,37.31,266059.25,14326.44,7478.06,262318.39
9302,81,2026-12-16T11:06:00,1,18.3862,130142.05,6013.14,3917.07,128128.95
9303,339,2026-12-06T15:28:00,1,4.9004,35001.38,1989.44,1144.34,34103.43
9304,368,2026-12-05T14:50:00,1,6.4593,48998.65,1967.07,1484.37,48411.74
9305,343,2026-12-30T10:31:00,1,12.5555,89087.1,4505.59,2652.96,87525.06
9306,250,2026-12-10T14:09:00,1,77.1732,7520.77,951.02,226.73,7384.08
9307,490,2026-12-21T20:17:00,1,5.6869,40412.5,2230.88,1506.6,39431.19
9308,116,2026-12-15T11:50:00,1,4.3399,34570.91,2921.15,1108.61,34179.58
9309,82,2026-12-01T10:00:00,1,61.9363,5959.12,696.39,156.47,5877.56
9310,223,2026-12-10T16:10:00,1,5.2555,42339.32,3976.48,1303.82,41228.9
9311,199,2026-12-11T19:06:00,1,19.2605,136379.47,6816.01,3599.02,135526.19
9312,385,2026-12-09T18:26:00,1,45.0218,4379.39,541.73,135.62,4324.75
9313,241,2026-12-31T09:03:00,1,21.0662,149630.74,7575.88,4156.6,146917.66
9314,306,2026-12-08T20:36:00,1,28.0255,199951.01,11696.16,7612.2,196973.59
9315,182,2026-12-13T12:50:00,1,12.8188,93721.47,133.85,3586.89,92483.25
9316,96,2026-12-02T20:22:00,1,14.1124,99767.39,4815.35,2555.41,98136.12
9317,24,2026-12-13T19:07:00,1,6.8653,49138.85,2962.29,1502.17,48746.72
9318,358,2026-12-24T17:33:00,1,5.1854,37228.76,2458.53,1113.08,36398.05
9319,135,2026-12-09T15:16:00,1,22.9212,2190.78,236.98,59.63,2313.05
9320,310,2026-12-30T20:01:00,1,30.6255,218568.64,12256.59,5884.87,214170.23
9321,426,2026-12-02T09:34:00,1,38.3169,3744.23,486.91,128.32,3943.04
9322,304,2026-12-13T13:03:00,1,23.2115,164232.91,8110.5,5774.14,163176.85
9323,421,2026-12-14T10:53:00,1,70.6148,6793.5,787.01,256.14,6864.5
9324,192,2026-12-04T14:07:00,1,4.2888,30738.72,2005.82,1113.6,30519.56
9325,321,2026-12-13T18:26:00,1,3.0001,23842.61,1939.45,852.29,23637.09
9326,15,2026-12-11T10:17:00,1,47.6096,4531.3,478.29,136.51,4522.17
9327,361,2026-12-26T11:02:00,1,4.8008,38167.85,3166.85,1416.22,37516.15
9328,265,2026-12-27T10:50:00,1,20.2554,1910.56,184.19,55.92,1902.58
9329,365,2026-12-02T11:09:00,1,7.5425,55136.99,81.94,1734.33,53978.26
9330,300,2026-12-15T18:55:00,1,18.9634,134169.77,6310.37,5033.92,132207.48
9331,177,2026-12-30T15:31:00,1,21.5109,153957.16,9046.62,4320.61,149601.12
9332,495,2026-12-10T09:05:00,1,22.3137,157843.71,7285.59,5510.89,155842.43
9333,260,2026-12-25T19:30:00,1,24.8355,176084.73,8504.46,6506.32,174878.99
9334,355,2026-12-28T17:48:00,1,34.4809,3357.46,416.24,127.01,3345.31
9335,466,2026-12-17T12:02:00,1,4.9899,39569.7,3183.7,1065.57,39724.52
9336,347,2026-12-12T11:13:00,1,8.607,65284.15,2573.63,2451.97,64522.39
9337,283,2026-12-08T11:13:00,1,29.6388,2811.78,288.33,106.71,2739.14
9338,248,2026-12-16T17:51:00,1,12.1774,86333.86,4121.8,2508.25,84291.64
9339,18,2026-12-13T13:17:00,1,66.0832,6434.33,817.26,216.54,6273.83
9340,294,2026-12-22T15:02:00,1,11.2674,1015.52,57.57,33.13,1099.9
9341,148,2026-12-28T11:26:00,1,2.6633,21036.99,1595.99,790.31,20944.68
9342,57,2026-12-13T19:19:00,1,19.0088,138978.24,198.6,4209.69,135836.68
9343,70,2026-12-15T18:36:00,1,30.9727,2792.67,157.51,78.51,2987.25
9344,250,2026-12-02T13:42:00,1,77.1732,7418.46,857.97,274.23,7384.08
9345,202,2026-12-03T20:48:00,1,4.3318,34720.96,3178.57,1161.14,34282.41
9346,20,2026-12-10T09:09:00,1,10.7348,81776.31,3416.99,2491.29,80272.03
9347,325,2026-12-28T19:23:00,1,16.9172,120650.29,6335.02,4259.0,119145.47
9348,140,2026-12-10T13:12:00,1,21.4836,1927.35,98.45,67.8,2063.66
9349,262,2026-12-15T19:26:00,1,7.1953,51603.11,3089.3,1431.32,50188.36
9350,244,2026-12-30T12:20:00,1,15.9038,113638.9,6501.2,3389.38,111267.13
9351,220,2026-12-25T16:52:00,1,39.659,3589.02,211.26,99.61,3876.63
9352,100,2026-12-25T14:51:00,1,3.7986,27082.3,1450.83,924.71,26721.43
9353,211,2026-12-01T14:55:00,1,6.0918,44398.06,58.41,1568.51,43786.88
9354,48,2026-12-03T15:20:00,1,12.8521,90857.67,4574.84,2362.44,89903.22
9355,401,2026-12-13T11:43:00,1,6.8381,48855.79,2862.18,1360.73,48170.62
9356,215,2026-12-16T10:52:00,1,40.8508,3977.74,500.52,140.55,4039.35
9357,263,2026-12-17T18:45:00,1,11.0827,87246.83,6432.56,2434.21,85889.43
9358,92,2026-12-22T18:04:00,1,13.6036,96332.09,4717.56,3448.25,94779.98
9359,216,2026-12-20T11:08:00,1,3.2471,25819.98,2178.04,707.13,25501.68
9360,468,2026-12-28T12:34:00,1,25.5173,183375.53,10946.46,6863.36,179673.31
9361,137,2026-12-03T16:59:00,1,19.0534,150289.89,11550.84,4482.92,148363.19
9362,206,2026-12-03T16:10:00,1,25.6022,182612.21,10731.33,5549.93,179409.86
9363,85,2026-12-22T14:53:00,1,26.0333,2337.23,123.88,87.17,2522.05
9364,278,2026-12-29T12:27:00,1,14.5841,115651.63,9307.44,4406.77,111708.45
9365,231,2026-12-01T12:42:00,1,16.9595,133616.07,10174.99,4377.69,131187.83
9366,151,2026-12-02T12:30:00,1,18.1146,129509.01,7629.09,4530.67,126093.84
9367,273,2026-12-07T14:53:00,1,5.1573,39242.57,1614.81,1323.83,38716.4
9368,337,2026-12-19T17:25:00,1,6.8574,52081.82,2055.03,1592.66,51467.22
9369,202,2026-12-21T09:30:00,1,4.3318,34606.24,3042.97,1126.05,34282.41
9370,314,2026-12-12T09:03:00,1,3.5003,27912.73,2409.58,799.81,27786.6
9371,100,2026-12-26T09:39:00,1,3.7986,26974.01,1410.99,1035.38,26721.43
9372,108,2026-12-23T13:30:00,1,16.1291,114028.73,5542.63,4107.53,111090.06
9373,465,2026-12-01T12:57:00,1,6.5188,46652.2,2669.47,1528.89,46150.48
9374,119,2026-12-15T19:07:00,1,3.7223,26873.46,1776.11,779.07,26552.84
9375,116,2026-12-26T11:31:00,1,4.3399,34661.82,3021.08,1086.81,34179.58
9376,441,2026-12-19T11:43:00,1,5.6742,40590.96,2414.32,1130.27,40522.82
9377,217,2026-12-24T18:20:00,1,32.1275,3072.25,334.34,103.11,3280.44
9378,139,2026-12-06T11:39:00,1,9.7207,73835.81,3109.84,2283.91,72292.83
9379,132,2026-12-24T15:46:00,1,8.3701,59188.6,3063.65,1702.02,59029.06
9380,306,2026-12-28T13:01:00,1,28.0255,201020.02,11642.19,5697.43,196973.59
9381,361,2026-12-16T10:50:00,1,4.8008,38202.95,3141.36,1426.19,37516.15
9382,328,2026-12-27T19:58:00,1,3.0974,24514.44,1951.15,785.2,24243.5
9383,355,2026-12-14T09:37:00,1,34.4809,3381.49,448.54,115.34,3345.31
9384,426,2026-12-17T17:35:00,1,38.3169,3754.11,489.13,97.59,3943.04
9385,385,2026-12-02T12:25:00,1,45.0218,4341.93,514.63,145.89,4324.75
9386,385,2026-12-06T13:21:00,1,45.0218,4367.13,533.52,167.43,4324.75
9387,442,2026-12-05T13:08:00,1,22.5468,176845.86,12677.65,5340.79,176097.65
9388,206,2026-12-16T20:45:00,1,25.6022,183023.36,10177.79,4998.97,179409.86
9389,376,2026-12-16T10:51:00,1,28.2449,201789.3,11102.33,7479.19,199320.81
9390,168,2026-12-12T10:25:00,1,22.6916,2146.99,215.03,63.76,2348.48
9391,329,2026-12-28T11:36:00,1,18.6736,147689.62,11380.0,5250.31,144471.2
9392,495,2026-12-30T10:45:00,1,22.3137,158038.81,7720.12,4777.05,155842.43
9393,354,2026-12-13T10:27:00,1,3.0016,23802.03,1887.92,823.3,23185.98
9394,3,2026-12-18T13:53:00,1,15.4507,121860.1,9083.12,4328.34,119964.69
9395,316,2026-12-26T12:37:00,1,4.8799,38874.06,3296.37,1048.04,37802.56
9396,226,2026-12-14T20:21:00,1,13.4675,95478.84,5009.02,2449.95,93023.91
9397,441,2026-12-15T18:25:00,1,5.6742,40721.26,2463.36,1120.1,40522.82
9398,209,2026-12-24T10:43:00,1,18.2845,128754.84,6149.77,4877.61,128197.36
9399,51,2026-12-17T11:42:00,1,62.6149,6024.54,689.12,224.6,6550.57
9400,2,2026-12-15T10:37:00,1,5.3919,38362.47,2007.96,1343.89,37773.68
9401,378,2026-12-03T14:59:00,1,22.3074,157627.07,7865.89,5999.16,155755.48
9402,193,2026-12-28T12:27:00,1,14.9404,105720.29,4762.93,3262.33,104056.16
9403,310,2026-12-23T10:24:00,1,30.6255,219276.15,13285.67,7040.94,214170.23
9404,244,2026-12-29T14:22:00,1,15.9038,113390.33,6330.4,3513.13,111267.13
9405,330,2026-12-20T18:24:00,1,4.6319,33147.09,2015.44,1094.85,32282.12
9406,440,2026-12-14T20:11:00,1,4.4772,31897.65,1821.43,982.33,31473.28
9407,74,2026-12-07T18:45:00,1,7.7284,58799.42,2412.86,2245.44,57947.77
9408,306,2026-12-26T13:15:00,1,28.0255,199886.03,11285.91,6872.96,196973.59
9409,240,2026-12-22T19:16:00,1,5.1622,39139.59,1488.21,1136.7,38618.57
9410,83,2026-12-10T11:27:00,1,16.4877,130457.48,10104.52,4761.7,128344.3
9411,106,2026-12-04T13:45:00,1,25.5639,181997.23,10731.37,5752.57,177488.62
9412,479,2026-12-09T11:43:00,1,24.1015,189428.14,13442.6,5201.24,187108.32
9413,161,2026-12-05T20:50:00,1,28.3219,203347.65,13006.36,5486.07,197778.07
9414,315,2026-12-27T10:42:00,1,42.8276,3863.46,213.26,147.04,3840.92
9415,391,2026-12-28T12:16:00,1,39.395,3569.27,208.88,117.7,3826.29
9416,237,2026-12-07T09:42:00,1,8.7772,62003.08,2828.69,1846.53,60919.31
9417,95,2026-12-19T20:35:00,1,30.4621,2923.63,330.7,95.07,3085.67
9418,174,2026-12-01T11:30:00,1,36.7959,263737.33,15473.18,7446.39,261235.38
9419,55,2026-12-01T14:05:00,1,41.8192,299012.6,16855.95,8448.02,296351.07
9420,117,2026-12-11T19:45:00,1,31.0203,2800.52,159.76,97.93,2761.05
9421,157,2026-12-08T10:38:00,1,5.5603,44084.35,3553.93,1376.56,43921.22
9422,358,2026-12-31T15:14:00,1,5.1854,37361.9,2395.4,987.31,36398.05
9423,494,2026-12-26T16:40:00,1,3.4802,24891.07,1470.75,748.16,24604.21
9424,47,2026-12-23T12:15:00,1,4.4362,31562.64,1724.27,913.23,30937.05
9425,497,2026-12-21T11:20:00,1,3.6197,28790.37,2415.75,1085.29,28234.23
9426,161,2026-12-04T18:09:00,1,28.3219,201602.09,11858.95,6219.45,197778.07
9427,367,2026-12-22T17:08:00,1,9.0261,65917.28,83.89,2023.34,64891.48
9428,304,2026-12-31T13:21:00,1,23.2115,164880.75,8359.57,6125.31,163176.85
9429,412,2026-12-18T17:59:00,1,3.3552,24225.64,1566.53,674.05,23469.55
9430,162,2026-12-12T15:36:00,1,11.2042,79442.15,3890.77,2719.37,78313.61
9431,366,2026-12-04T17:05:00,1,20.7568,1878.42,109.11,64.05,2026.31
9432,227,2026-12-24T18:38:00,1,14.5655,114166.12,8172.98,4298.39,114409.44
9433,105,2026-12-04T20:26:00,1,3.087,24633.23,2175.21,732.22,23973.36
9434,180,2026-12-04T15:07:00,1,21.5984,153226.52,8527.61,5728.26,153122.2
9435,419,2026-12-08T15:05:00,1,3.1838,22638.13,1251.69,780.15,22381.49
9436,230,2026-12-04T13:15:00,1,3.6613,29162.76,2526.69,750.62,28377.29
9437,121,2026-12-15T19:50:00,1,5.6102,40442.84,2616.46,1285.94,39753.67
9438,370,2026-12-27T11:31:00,1,9.1394,66663.37,86.59,2107.3,65469.82
9439,373,2026-12-09T14:15:00,1,191.6333,17862.94,1528.12,552.77,17671.34
9440,428,2026-12-03T17:52:00,1,2.987,23565.1,1814.99,740.04,23472.15
9441,409,2026-12-20T19:24:00,1,46.9191,4444.42,450.67,113.8,4393.04
9442,331,2026-12-25T15:28:00,1,6.1706,44080.88,2444.08,1685.53,43422.43
9443,76,2026-12-28T15:10:00,1,36.1511,258110.19,13824.92,6901.9,253596.23
9444,326,2026-12-07T10:41:00,1,9.6607,68218.0,3087.2,2406.44,66077.72
9445,200,2026-12-29T19:28:00,1,16.4058,117252.22,6812.97,4390.84,114509.45
9446,167,2026-12-24T20:16:00,1,12.0913,85469.48,4392.36,2798.69,82941.57
9447,263,2026-12-31T10:38:00,1,11.0827,86982.11,6328.43,3216.14,85889.43
9448,438,2026-12-05T10:28:00,1,3.7537,26770.25,1542.98,803.37,26461.5
9449,178,2026-12-11T10:27:00,1,4.4698,32199.7,2131.8,931.68,31553.38
9450,61,2026-12-10T20:57:00,1,13.7262,98046.2,5430.86,3189.56,94538.58
9451,494,2026-12-09T16:08:00,1,3.4802,24830.98,1424.79,827.33,24604.21
9452,450,2026-12-13T16:26:00,1,10.9034,981.05,54.26,28.65,989.82
9453,437,2026-12-19T10:16:00,1,4.6132,36969.34,3314.66,1221.76,36178.81
9454,70,2026-12-12T18:22:00,1,30.9727,2805.32,168.3,98.83,2987.25
9455,207,2026-12-07T12:32:00,1,13.2941,101170.44,4176.42,3536.91,98609.31
9456,176,2026-12-21T17:11:00,1,79.6742,7703.95,922.08,247.23,8259.16
9457,102,2026-12-04T18:27:00,1,18.5,130986.63,7045.51,3602.35,127765.91
9458,260,2026-12-17T13:12:00,1,24.8355,175074.46,8199.02,6326.15,174878.99
9459,495,2026-12-12T14:39:00,1,22.3137,158329.86,7865.68,5437.69,155842.43
9460,309,2026-12-04T16:26:00,1,20.9922,166249.91,13531.03,5241.78,163877.64
9461,132,2026-12-17T20:51:00,1,8.3701,59089.29,2848.66,2216.97,59029.06
9462,349,2026-12-19T19:44:00,1,3.9789,31431.5,2404.23,939.06,31280.73
9463,144,2026-12-08T15:25:00,1,7.8189,55641.55,3119.89,1714.28,54445.48
9464,95,2026-12-17T10:51:00,1,30.4621,2900.14,304.46,77.1,3085.67
9465,233,2026-12-12T14:38:00,1,12.6163,96251.12,4328.88,3653.17,92727.37
9466,403,2026-12-11T13:59:00,1,49.0885,4654.77,475.87,130.8,4750.09
9467,196,2026-12-26T17:39:00,1,29.6387,2789.16,269.57,95.16,2817.1
9468,179,2026-12-17T13:34:00,1,4.8051,38589.33,3550.88,1051.34,37551.63
9469,220,2026-12-08T18:46:00,1,39.659,3586.04,209.47,94.61,3876.63
9470,246,2026-12-23T20:40:00,1,84.5028,7832.62,628.76,233.95,7788.77
9471,147,2026-12-04T18:19:00,1,27.792,197741.21,11548.15,5579.47,193824.6
9472,485,2026-12-08T20:07:00,1,12.8272,90633.68,4469.91,3360.95,90736.48
9473,140,2026-12-06T13:46:00,1,21.4836,1945.57,116.24,58.68,2063.66
9474,465,2026-12-28T15:09:00,1,6.5188,46413.82,2364.07,1426.65,46150.48
9475,166,2026-12-30T14:31:00,1,42.0913,299967.39,16414.72,11342.01,293157.89
9476,139,2026-12-02T14:10:00,1,9.7207,73946.35,2991.95,2790.77,72292.83
9477,397,2026-12-22T16:59:00,1,7.6603,54770.54,3181.64,1848.44,53492.63
9478,421,2026-12-01T16:27:00,1,70.6148,6796.85,796.71,195.88,6864.5
9479,201,2026-12-30T09:28:00,1,18.3302,130885.63,7402.22,4715.02,129569.1
9480,421,2026-12-31T18:31:00,1,70.6148,6882.92,874.31,215.11,6864.5
9481,171,2026-12-03T09:25:00,1,3.3292,23898.86,1548.21,611.95,23715.65
9482,375,2026-12-21T10:39:00,1,4.191,29968.95,1830.74,1080.6,29820.24
9483,453,2026-12-10T12:17:00,1,24.0131,188318.74,13033.68,5229.73,188274.4
9484,429,2026-12-14T13:07:00,1,11.4674,86998.38,3377.87,3036.05,86977.22
9485,379,2026-12-24T11:36:00,1,2.4927,19617.88,1478.5,514.74,19653.06
9486,81,2026-12-05T14:05:00,1,18.3862,129426.44,5859.41,3551.11,128128.95
9487,403,2026-12-23T11:37:00,1,49.0885,4647.26,462.47,120.66,4750.09
9488,367,2026-12-12T10:19:00,1,9.0261,65846.11,82.04,2345.64,64891.48
9489,235,2026-12-09T16:11:00,1,8.0469,58844.21,86.95,2130.8,57915.77
9490,328,2026-12-19T14:20:00,1,3.0974,24430.51,1834.05,734.07,24243.5
9491,68,2026-12-08T18:01:00,1,19.087,135438.87,7226.34,3792.79,133687.32
9492,135,2026-12-20T16:44:00,1,22.9212,2201.36,250.31,70.29,2313.05
9493,411,2026-12-10T13:18:00,1,13.1482,93145.42,4430.04,3491.26,92603.34
9494,73,2026-12-27T12:49:00,1,10.0421,76290.33,3137.75,2144.02,75140.23
9495,478,2026-12-28T13:56:00,1,4.5452,36445.36,3267.26,1186.79,35575.85
9496,388,2026-12-28T09:13:00,1,12.1851,89065.99,119.76,2355.57,87746.43
9497,380,2026-12-10T17:08:00,1,27.6089,2490.09,139.74,88.99,2674.7
9498,157,2026-12-03T09:25:00,1,5.5603,44153.08,3665.26,1196.73,43921.22
9499,352,2026-12-25T20:16:00,1,5.1549,36964.75,2181.5,1259.28,36522.15
9500,428,2026-12-19T20:36:00,1,2.987,23554.38,1763.32,713.38,23472.15
9501,130,2026-12-28T10:31:00,1,2.9689,23792.72,2120.97,891.49,22836.34
9502,363,2026-12-16T12:13:00,1,13.8933,110201.58,8734.92,3703.14,109183.11
9503,152,2026-12-23T20:40:00,1,14.682,104083.91,5331.16,2975.93,104098.4
9504,24,2026-12-31T16:07:00,1,6.8653,49182.38,2887.88,1784.26,48746.72
9505,293,2026-12-24T10:40:00,1,22.9979,163505.03,9294.68,5926.92,161345.44
9506,453,2026-12-18T19:01:00,1,24.0131,188702.2,13426.98,6765.12,188274.4
9507,470,2026-12-14T12:04:00,1,11.707,89237.66,3869.98,2934.39,87563.24
9508,282,2026-12-30T19:33:00,1,41.6824,297871.25,17073.18,11405.47,293335.18
9509,62,2026-12-22T09:34:00,1,4.7149,37415.39,3026.47,1343.64,37523.03
9510,427,2026-12-31T12:58:00,1,60.6339,5949.38,790.04,164.05,5773.56
9511,289,2026-12-18T18:43:00,1,4.1901,33365.3,2781.13,1024.6,33176.71
9512,257,2026-12-30T19:50:00,1,3.6998,26257.89,1333.78,899.32,26155.07
9513,189,2026-12-15T14:27:00,1,10.9377,77992.91,4246.23,2312.55,76878.67
9514,165,2026-12-09T18:41:00,1,34.0778,243960.11,14768.84,9066.78,240866.27
9515,362,2026-12-07T16:44:00,1,198.9095,18496.18,1543.12,688.92,18425.04
9516,99,2026-12-17T18:44:00,1,19.3079,136910.82,7176.6,4542.08,135735.36
9517,207,2026-12-06T11:14:00,1,13.2941,100814.54,4089.19,2602.35,98609.31
9518,269,2026-12-23T09:14:00,1,4.0936,29093.64,1559.64,976.8,28237.31
9519,39,2026-12-16T13:20:00,1,38.8962,3710.2,399.36,124.57,3941.11
9520,6,2026-12-20T19:12:00,1,11.7587,89034.3,3419.91,3011.73,88161.08
9521,331,2026-12-22T17:57:00,1,6.1706,43958.1,2401.7,1394.99,43422.43
9522,199,2026-12-20T18:40:00,1,19.2605,136393.16,6940.64,4085.23,135526.19
9523,417,2026-12-31T15:54:00,1,14.235,108493.55,4899.19,2901.91,105673.59
9524,382,2026-12-16T17:11:00,1,52.9414,5006.82,500.45,141.83,5093.97
9525,237,2026-12-13T12:48:00,1,8.7772,62397.06,3360.91,1852.91,60919.31
9526,158,2026-12-18T20:19:00,1,35.8635,257775.97,15574.33,9433.7,253196.23
9527,308,2026-12-13T20:10:00,1,22.5917,161235.64,9282.06,5398.4,157919.72
9528,126,2026-12-31T20:21:00,1,5.5909,40245.65,2544.76,1312.51,39687.85
9529,394,2026-12-06T10:40:00,1,16.5177,116956.03,5683.22,2996.49,115428.66
9530,373,2026-12-31T19:23:00,1,191.6333,17962.86,1656.78,672.46,17671.34
9531,361,2026-12-10T13:31:00,1,4.8008,38271.71,3227.98,1130.72,37516.15
9532,317,2026-12-05T14:06:00,1,14.7122,115074.26,7951.5,3345.11,114345.81
9533,425,2026-12-24T16:00:00,1,11.6469,88722.73,3968.24,2895.19,87666.76
9534,101,2026-12-22T19:28:00,1,6.4304,45690.26,2384.22,1229.72,45056.51
9535,243,2026-12-11T14:49:00,1,15.8002,115540.87,161.65,3038.67,111419.59
9536,134,2026-12-24T17:15:00,1,8.2685,60259.12,89.25,2003.11,59124.2
9537,306,2026-12-03T11:00:00,1,28.0255,197789.96,9640.21,7556.94,196973.59
9538,368,2026-12-09T19:31:00,1,6.4593,49068.87,1904.03,1288.97,48411.74
9539,71,2026-12-17T11:58:00,1,13.8926,105982.4,4678.53,2787.48,103489.89
9540,401,2026-12-29T14:52:00,1,6.8381,48820.72,2788.55,1357.5,48170.62
9541,444,2026-12-15T10:09:00,1,21.3326,151041.23,7207.67,4557.24,149570.04
9542,230,2026-12-07T16:48:00,1,3.6613,29257.02,2544.1,990.0,28377.29
9543,323,2026-12-14T20:13:00,1,11.8931,90736.12,4011.4,3405.16,89431.89
9544,111,2026-12-23T14:06:00,1,8.7362,66313.6,2528.94,1850.99,65471.14
9545,249,2026-12-13T18:39:00,1,17.3609,122761.34,5990.54,4455.84,121096.77
9546,94,2026-12-04T15:10:00,1,58.6439,5759.69,760.88,183.51,6179.76
9547,54,2026-12-28T18:56:00,1,23.9682,188498.83,13540.8,5556.39,187282.13
9548,382,2026-12-12T14:25:00,1,52.9414,5043.38,535.95,170.36,5093.97
9549,497,2026-12-12T11:38:00,1,3.6197,28677.8,2304.7,757.62,28234.23
9550,496,2026-12-24T18:57:00,1,11.1941,84917.05,3457.58,2824.15,84438.36
9551,391,2026-12-19T13:31:00,1,39.395,3542.55,189.25,104.16,3826.29
9552,193,2026-12-30T12:48:00,1,14.9404,105571.45,4923.8,3295.85,104056.16
9553,241,2026-12-25T11:22:00,1,21.0662,150240.74,8094.24,5211.49,146917.66
9554,222,2026-12-30T17:27:00,1,12.5433,95168.21,3846.97,3055.19,93042.29
9555,483,2026-12-10T18:22:00,1,9.9881,71235.13,3842.02,2222.05,70426.37
9556,478,2026-12-22T20:00:00,1,4.5452,36220.36,3069.17,1157.5,35575.85
9557,171,2026-12-04T09:25:00,1,3.3292,23820.38,1516.34,872.5,23715.65
9558,247,2026-12-20T13:55:00,1,21.3958,152308.08,8503.91,5031.91,150400.66
9559,179,2026-12-03T09:20:00,1,4.8051,38082.87,3094.1,1260.52,37551.63
9560,328,2026-12-05T15:32:00,1,3.0974,24716.56,2163.71,899.54,24243.5
9561,243,2026-12-01T13:24:00,1,15.8002,115155.03,152.01,3192.2,111419.59
9562,325,2026-12-16T20:34:00,1,16.9172,120790.79,6579.39,3163.96,119145.47
9563,27,2026-12-26T15:53:00,1,5.6731,40871.79,2694.15,1406.59,40471.64
9564,4,2026-12-23T17:45:00,1,11.895,86977.36,129.7,2660.52,85807.67
9565,417,2026-12-27T09:45:00,1,14.235,108550.81,4854.67,3479.92,105673.59
9566,158,2026-12-04T14:00:00,1,35.8635,255082.47,14814.23,9021.43,253196.23
9567,457,2026-12-26T19:39:00,1,28.4822,2567.37,146.1,71.07,2558.24
9568,84,2026-12-06T12:35:00,1,13.5748,96041.77,4594.04,2593.78,95072.35
9569,7,2026-12-06T13:16:00,1,13.6765,103954.87,4447.25,3555.4,102782.02
9570,373,2026-12-27T11:57:00,1,191.6333,17829.87,1496.96,681.75,17671.34
9571,264,2026-12-13T10:56:00,1,10.9703,77741.96,3954.84,2941.84,77272.76
9572,464,2026-12-10T16:40:00,1,13.6974,108222.32,8237.33,3135.58,106073.58
9573,50,2026-12-11T18:21:00,1,12.6872,96845.12,4198.24,2642.31,95672.47
9574,147,2026-12-12T12:46:00,1,27.792,199670.2,12265.13,6543.57,193824.6
9575,292,2026-12-11T12:21:00,1,17.0016,121114.0,6745.94,4080.38,121516.29
9576,268,2026-12-28T19:53:00,1,7.2654,53109.43,74.99,1747.41,52386.89
9577,321,2026-12-22T15:37:00,1,3.0001,23876.32,1994.58,841.16,23637.09
9578,184,2026-12-08T19:41:00,1,14.3522,113992.75,9375.98,4263.87,110630.79
9579,320,2026-12-23T20:30:00,1,11.7703,89582.98,3645.78,2446.37,88241.28
9580,346,2026-12-22T09:36:00,1,3.0109,21583.74,1306.59,588.39,21428.65
9581,369,2026-12-02T19:19:00,1,3.836,27210.78,1401.14,727.88,27004.67
9582,402,2026-12-19T10:05:00,1,3.1346,22333.12,1243.19,790.74,21687.27
9583,154,2026-12-29T15:54:00,1,24.6383,174666.49,8808.35,5005.39,170050.2
9584,14,2026-12-19T09:20:00,1,37.31,266830.07,15804.29,9283.09,262318.39
9585,356,2026-12-01T14:38:00,1,10.5422,79958.56,3226.31,3065.59,78812.27
9586,400,2026-12-13T19:28:00,1,27.1971,2591.07,279.32,69.71,2604.31
9587,478,2026-12-21T20:23:00,1,4.5452,36593.91,3475.72,965.66,35575.85
9588,328,2026-12-16T13:58:00,1,3.0974,24580.95,1959.77,792.83,24243.5
9589,358,2026-12-10T11:05:00,1,5.1854,37254.64,2266.98,1304.4,36398.05
9590,9,2026-12-23T17:57:00,1,3.5458,28271.18,2382.62,729.78,28130.5
9591,157,2026-12-27T17:40:00,1,5.5603,44077.41,3572.9,1418.19,43921.22
9592,492,2026-12-31T09:53:00,1,5.5826,44462.23,3835.19,1292.71,43858.87
9593,248,2026-12-18T09:45:00,1,12.1774,86452.67,4213.45,2572.2,84291.64
9594,198,2026-12-10T10:38:00,1,15.7741,1415.72,72.87,54.23,1402.87
9595,27,2026-12-19T16:48:00,1,5.6731,40571.55,2402.31,1230.61,40471.64
9596,248,2026-12-01T18:24:00,1,12.1774,86834.87,4673.22,3173.14,84291.64
9597,349,2026-12-29T15:05:00,1,3.9789,31356.28,2342.98,1146.93,31280.73
9598,482,2026-12-22T12:48:00,1,14.7715,105007.44,5527.59,3058.62,101157.77
9599,193,2026-12-27T13:50:00,1,14.9404,105521.81,4811.41,3805.06,104056.16
9600,459,2026-12-18T14:49:00,1,6.8639,52167.49,2066.85,1901.62,51697.62
9601,418,2026-12-12T11:31:00,1,23.6409,186681.46,14434.1,5650.0,183063.7
9602,247,2026-12-24T18:54:00,1,21.3958,150885.12,7417.51,4653.01,150400.66
9603,71,2026-12-29T19:07:00,1,13.8926,105424.32,4122.4,3507.24,103489.89
9604,438,2026-12-12T13:38:00,1,3.7537,26779.74,1468.05,916.19,26461.5
9605,15,2026-12-14T19:11:00,1,47.6096,4562.56,512.89,166.5,4522.17
9606,266,2026-12-14T20:14:00,1,3.1433,24956.04,2035.03,642.31,25026.34
9607,188,2026-12-27T18:48:00,1,32.234,2894.83,147.53,79.2,2865.94
9608,462,2026-12-09T15:37:00,1,52.4788,5086.09,612.8,168.38,4995.91
9609,60,2026-12-11T20:16:00,1,6.9398,49709.92,3026.58,1571.21,49434.24
9610,320,2026-12-09T19:42:00,1,11.7703,89998.33,4053.36,2951.91,88241.28
9611,225,2026-12-07T17:44:00,1,26.4171,188539.1,10439.5,5691.83,187480.52
9612,384,2026-12-09T20:34:00,1,139.1589,12995.71,1133.81,346.83,13806.42
9613,392,2026-12-16T09:07:00,1,61.6451,6044.76,797.53,195.66,5976.56
9614,300,2026-12-17T20:54:00,1,18.9634,133510.49,6091.04,4756.75,132207.48
9615,375,2026-12-22T12:50:00,1,4.191,29954.94,1730.32,1043.24,29820.24
9616,254,2026-12-20T11:13:00,1,49.5838,4699.13,478.56,160.51,5015.91
9617,108,2026-12-04T10:40:00,1,16.1291,113438.16,5380.93,3145.67,111090.06
9618,481,2026-12-15T10:09:00,1,9.6978,70811.05,87.52,2234.51,70080.68
9619,262,2026-12-17T12:15:00,1,7.1953,51216.46,2869.58,1705.59,50188.36
9620,397,2026-12-17T19:02:00,1,7.6603,54526.44,3055.12,1963.3,53492.63
9621,448,2026-12-17T11:11:00,1,1.8774,14965.01,1275.14,419.88,14722.59
9622,393,2026-12-02T11:56:00,1,5.8217,41962.92,2792.95,1578.2,40681.64
9623,30,2026-12-10T20:15:00,1,7.7113,58649.09,2359.99,1721.93,57547.87
9624,459,2026-12-11T17:06:00,1,6.8639,52148.97,2026.1,1662.63,51697.62
9625,221,2026-12-29T10:51:00,1,12.4688,94714.7,3794.83,2852.97,92691.91
9626,404,2026-12-02T19:55:00,1,42.524,305048.97,18936.02,11606.07,302377.91
9627,181,2026-12-20T19:11:00,1,19.7854,144257.77,201.46,3720.44,142839.21
9628,273,2026-12-10T10:31:00,1,5.1573,39185.47,1539.45,1141.08,38716.4
9629,25,2026-12-23T19:53:00,1,12.8433,100898.48,7127.11,3617.13,100257.6
9630,120,2026-12-28T16:31:00,1,3.0118,24146.64,2161.73,647.73,23932.83
9631,360,2026-12-09T09:53:00,1,6.8958,48976.03,2598.12,1275.68,48032.53
9632,181,2026-12-24T14:45:00,1,19.7854,144182.84,204.48,4750.37,142839.21
9633,430,2026-12-21T12:58:00,1,7.8341,55475.06,2877.23,1578.67,55797.77
9634,184,2026-12-17T11:48:00,1,14.3522,112603.86,7948.62,3471.45,110630.79
9635,88,2026-12-02T11:39:00,1,28.7165,203211.71,9999.34,7487.5,201704.8
9636,492,2026-12-23T14:18:00,1,5.5826,44656.9,3897.28,1382.41,43858.87
9637,215,2026-12-06T16:00:00,1,40.8508,3927.61,449.16,119.92,4039.35
9638,337,2026-12-02T11:06:00,1,6.8574,52212.26,2157.97,1365.74,51467.22
9639,439,2026-12-05T19:24:00,1,5.9325,42415.86,2545.66,1334.0,41926.14
9640,231,2026-12-10T19:52:00,1,16.9595,134418.36,10621.47,4535.62,131187.83
9641,115,2026-12-13T10:48:00,1,15.2051,111151.03,141.48,3663.59,108959.61
9642,371,2026-12-08T19:54:00,1,3.5364,28445.59,2667.89,849.34,27587.51
9643,55,2026-12-04T18:24:00,1,41.8192,296818.68,16650.11,8572.26,296351.07
9644,289,2026-12-30T18:20:00,1,4.1901,33549.7,3043.76,1281.43,33176.71
9645,14,2026-12-19T17:18:00,1,37.31,265544.49,14518.71,8712.99,262318.39
9646,272,2026-12-31T14:17:00,1,5.634,40570.16,2578.63,1346.79,39860.07
9647,356,2026-12-30T18:28:00,1,10.5422,80275.21,3522.93,2340.7,78812.27
9648,76,2026-12-12T19:57:00,1,36.1511,258331.73,14560.16,9399.61,253596.23
9649,406,2026-12-02T13:08:00,1,17.4692,127680.42,167.31,3678.35,124975.1
9650,361,2026-12-04T12:36:00,1,4.8008,38251.41,3325.45,1155.85,37516.15
9651,137,2026-12-19T15:20:00,1,19.0534,149293.44,10293.17,4324.26,148363.19
9652,55,2026-12-28T15:44:00,1,41.8192,299390.1,16803.55,8655.37,296351.07
9653,427,2026-12-12T13:47:00,1,60.6339,5887.79,725.42,189.68,5773.56
9654,169,2026-12-06T17:48:00,1,4.4869,35671.75,3025.92,1234.33,35379.58
9655,273,2026-12-18T15:20:00,1,5.1573,39349.15,1705.24,1205.74,38716.4
9656,460,2026-12-01T09:16:00,1,20.4061,161713.31,13185.88,5403.3,160633.54
9657,127,2026-12-03T11:04:00,1,3.0645,24449.14,2134.71,800.56,24453.74
9658,127,2026-12-31T15:44:00,1,3.0645,24488.03,2186.32,697.05,24453.74
9659,324,2026-12-20T17:14:00,1,11.2024,88888.26,7324.26,2662.65,88269.97
9660,328,2026-12-07T11:47:00,1,3.0974,24607.04,2008.35,782.3,24243.5
9661,414,2026-12-15T13:53:00,1,3.8752,31102.49,2841.66,1193.79,29798.99
9662,81,2026-12-06T14:48:00,1,18.3862,129983.03,6122.92,3600.71,128128.95
9663,424,2026-12-01T19:13:00,1,17.9523,128991.81,7866.56,4708.61,124501.49
9664,146,2026-12-25T11:11:00,1,45.6533,4098.2,209.91,120.02,4068.27
9665,123,2026-12-28T09:28:00,1,7.2724,52257.85,3115.77,1949.01,50807.76
9666,159,2026-12-30T12:52:00,1,106.8915,9872.51,781.39,313.77,9855.57
9667,256,2026-12-02T15:15:00,1,3.4873,27922.44,2467.56,733.38,26890.68
9668,87,2026-12-08T17:42:00,1,5.8771,42173.42,2695.35,1578.8,41296.96
9669,334,2026-12-18T12:14:00,1,14.5628,104328.37,5979.52,3923.42,101921.6
9670,197,2026-12-06T14:58:00,1,3.3083,26199.7,2129.14,670.93,26110.51
9671,283,2026-12-07T14:43:00,1,29.6388,2850.22,324.11,89.75,2739.14
9672,493,2026-12-18T15:14:00,1,3.8343,27548.81,1654.13,982.26,26924.1
9673,85,2026-12-31T14:56:00,1,26.0333,2334.6,119.43,77.8,2522.05
9674,55,2026-12-24T17:36:00,1,41.8192,296436.6,16021.72,9574.45,296351.07
9675,376,2026-12-23T19:05:00,1,28.2449,202027.22,12048.92,7688.64,199320.81
9676,282,2026-12-04T18:39:00,1,41.6824,298200.96,18948.89,10683.74,293335.18
9677,144,2026-12-06T20:35:00,1,7.8189,55838.59,3165.94,1784.63,54445.48
9678,126,2026-12-10T15:16:00,1,5.5909,40055.9,2332.2,1354.86,39687.85
9679,102,2026-12-07T19:57:00,1,18.5,131403.49,6679.64,4353.31,127765.91
9680,170,2026-12-11T12:18:00,1,3.1856,25203.95,1941.46,744.81,24560.11
9681,301,2026-12-22T18:28:00,1,33.2508,3156.41,329.43,84.8,3387.51
9682,69,2026-12-21T18:43:00,1,62.0656,5955.2,672.18,156.3,6460.93
9683,116,2026-12-06T12:52:00,1,4.3399,34487.26,2910.97,1005.17,34179.58
9684,333,2026-12-25T09:39:00,1,52.5275,5146.5,672.73,133.85,5479.96
9685,343,2026-12-03T16:14:00,1,12.5555,88844.83,4553.23,3372.74,87525.06
9686,61,2026-12-13T19:14:00,1,13.7262,97218.92,4895.4,2655.28,94538.58
9687,2,2026-12-22T16:48:00,1,5.3919,38475.74,2163.56,1377.17,37773.68
9688,92,2026-12-10T18:47:00,1,13.6036,96315.58,4527.47,3085.46,94779.98
9689,15,2026-12-30T10:58:00,1,47.6096,4523.96,474.76,167.67,4522.17
9690,481,2026-12-06T17:37:00,1,9.6978,70653.73,94.38,2368.92,70080.68
9691,231,2026-12-30T11:19:00,1,16.9595,133852.79,10379.49,3560.46,131187.83
9692,453,2026-12-04T19:11:00,1,24.0131,189302.43,14606.41,6065.24,188274.4
9693,253,2026-12-25T19:39:00,1,12.2356,92946.16,3651.36,2713.71,92176.02
9694,191,2026-12-06T18:37:00,1,10.7173,78094.92,117.88,2439.71,77465.39
9695,334,2026-12-27T17:13:00,1,14.5628,103230.87,5065.8,2832.12,101921.6
9696,47,2026-12-03T16:32:00,1,4.4362,31711.02,1928.5,1041.33,30937.05
9697,308,2026-12-12T09:59:00,1,22.5917,161081.0,8742.23,4960.14,157919.72
9698,58,2026-12-29T13:18:00,1,55.451,5169.46,446.7,135.82,5047.45
9699,11,2026-12-25T09:07:00,1,22.9405,163742.41,8948.86,5108.93,162693.73
9700,354,2026-12-28T11:21:00,1,3.0016,23715.73,1805.28,636.66,23185.98
9701,449,2026-12-16T09:01:00,1,12.1078,92198.78,3772.13,2389.21,89778.51
9702,116,2026-12-13T14:30:00,1,4.3399,34941.62,3256.83,1230.12,34179.58
9703,458,2026-12-10T16:41:00,1,5.2364,37565.22,2233.45,1336.11,36647.98
9704,127,2026-12-18T19:52:00,1,3.0645,24414.78,2046.53,874.39,24453.74
9705,423,2026-12-03T14:32:00,1,46.576,4212.11,244.3,137.31,4122.44
9706,41,2026-12-28T11:06:00,1,3.6873,26358.34,1442.0,965.26,25728.91
9707,94,2026-12-19T12:26:00,1,58.6439,5738.41,746.64,186.27,6179.76
9708,104,2026-12-28T10:05:00,1,47.6116,4534.97,473.7,123.88,4803.13
9709,75,2026-12-20T20:55:00,1,5.2811,37949.34,2454.33,1425.31,37112.22
9710,110,2026-12-31T11:24:00,1,19.8326,144538.99,208.43,3860.11,139927.76
9711,82,2026-12-08T15:50:00,1,61.9363,6007.68,734.42,181.71,5877.56
9712,242,2026-12-22T11:43:00,1,137.6048,12754.82,1055.66,444.51,13734.42
9713,186,2026-12-06T11:20:00,1,20.4986,145786.94,7696.48,4016.55,142115.47
9714,151,2026-12-28T20:43:00,1,18.1146,130607.91,8201.4,4001.1,126093.84
9715,148,2026-12-16T15:38:00,1,2.6633,21139.06,1688.23,760.8,20944.68
9716,51,2026-12-10T09:13:00,1,62.6149,6062.34,731.93,224.99,6550.57
9717,204,2026-12-11T13:10:00,1,23.1628,2190.75,218.9,84.1,2203.47
9718,444,2026-12-30T13:27:00,1,21.3326,150733.84,7024.43,4165.96,149570.04
9719,226,2026-12-15T11:10:00,1,13.4675,95863.21,5059.53,3368.69,93023.91
9720,218,2026-12-30T16:19:00,1,41.5219,297846.49,18129.64,9111.11,288363.83
9721,342,2026-12-15T14:48:00,1,33.6753,3276.31,411.22,95.51,3531.28
9722,178,2026-12-31T20:48:00,1,4.4698,32018.12,1877.1,878.2,31553.38
9723,92,2026-12-23T15:16:00,1,13.6036,95825.61,4326.3,3185.85,94779.98
9724,79,2026-12-12T09:24:00,1,19.4648,137778.83,6525.15,4320.56,134335.63
9725,145,2026-12-08T19:59:00,1,8.7446,66529.94,2788.36,2228.92,65052.32
9726,211,2026-12-02T17:39:00,1,6.0918,44529.23,63.29,1247.7,43786.88
9727,260,2026-12-30T15:02:00,1,24.8355,176773.99,9466.91,4681.76,174878.99
9728,66,2026-12-12T18:38:00,1,14.0417,102444.74,137.05,3072.65,100611.13
9729,196,2026-12-06T20:40:00,1,29.6387,2845.44,321.7,76.33,2817.1
9730,389,2026-12-31T11:16:00,1,19.9391,143133.54,8679.0,4177.13,141218.14
9731,3,2026-12-03T13:13:00,1,15.4507,121492.95,8987.29,4162.39,119964.69
9732,448,2026-12-21T09:45:00,1,1.8774,14891.35,1211.84,567.2,14722.59
9733,280,2026-12-14T17:15:00,1,57.5885,5513.27,614.79,143.03,5536.09
9734,180,2026-12-17T14:32:00,1,21.5984,154591.95,9467.33,4688.17,153122.2
9735,343,2026-12-31T14:16:00,1,12.5555,89454.56,4789.56,2779.14,87525.06
9736,337,2026-12-18T16:36:00,1,6.8574,52224.88,2171.69,1848.7,51467.22
9737,302,2026-12-25T11:22:00,1,24.6146,175154.92,9065.2,5567.1,173269.35
9738,391,2026-12-10T19:03:00,1,39.395,3567.3,213.6,120.18,3826.29
9739,389,2026-12-25T17:10:00,1,19.9391,143498.79,8957.52,4064.8,141218.14
9740,425,2026-12-16T18:31:00,1,11.6469,88658.34,3597.77,2854.24,87666.76
9741,471,2026-12-22T20:56:00,1,4.1632,29921.33,1883.93,789.63,29492.86
9742,489,2026-12-15T15:58:00,1,9.8667,75126.83,3171.55,2539.53,72383.18
9743,427,2026-12-16T12:03:00,1,60.6339,5950.82,789.66,210.46,5773.56
9744,404,2026-12-17T17:54:00,1,42.524,302184.79,16456.25,9785.72,302377.91
9745,215,2026-12-31T18:16:00,1,40.8508,3960.23,484.24,135.58,4039.35
9746,198,2026-12-04T18:57:00,1,15.7741,1417.26,72.68,53.59,1402.87
9747,119,2026-12-22T13:26:00,1,3.7223,26879.04,1810.91,742.72,26552.84
9748,258,2026-12-03T18:37:00,1,20.9309,148705.54,8185.52,5029.84,145290.21
9749,83,2026-12-15T10:01:00,1,16.4877,129809.05,9568.54,3682.61,128344.3
9750,467,2026-12-01T18:50:00,1,3.5951,28608.66,2441.44,999.04,28661.83
9751,195,2026-12-28T14:04:00,1,5.6896,40773.58,2327.02,1245.08,40165.21
9752,427,2026-12-25T16:03:00,1,60.6339,5900.45,736.26,187.75,5773.56
9753,194,2026-12-07T20:15:00,1,3.7547,30188.06,2793.69,788.87,29473.66
9754,199,2026-12-03T10:18:00,1,19.2605,136216.72,6910.97,4587.71,135526.19
9755,166,2026-12-26T10:39:00,1,42.0913,300607.96,17350.77,10736.81,293157.89
9756,258,2026-12-06T19:18:00,1,20.9309,149290.55,8287.87,5410.32,145290.21
9757,39,2026-12-22T14:33:00,1,38.8962,3661.48,354.53,113.76,3941.11
9758,8,2026-12-13T11:45:00,1,4.5632,36552.93,3237.87,1272.64,35365.16
9759,388,2026-12-25T18:17:00,1,12.1851,89054.76,128.51,2877.46,87746.43
9760,23,2026-12-03T12:56:00,1,26.3325,188861.53,12077.76,5937.35,186120.07
9761,20,2026-12-25T09:39:00,1,10.7348,81604.33,3262.3,2827.46,80272.03
9762,245,2026-12-04T16:37:00,1,39.8096,3873.86,480.49,119.61,3805.28
9763,32,2026-12-18T12:30:00,1,9.8569,69993.83,3425.95,2508.3,69238.44
9764,116,2026-12-21T18:50:00,1,4.3399,34420.57,2798.28,1064.52,34179.58
9765,77,2026-12-15T13:26:00,1,5.0459,40221.1,3422.66,1116.87,40007.15
9766,492,2026-12-02T15:40:00,1,5.5826,44332.08,3582.95,1144.11,43858.87
9767,324,2026-12-30T13:03:00,1,11.2024,88484.38,6925.53,2766.4,88269.97
9768,1,2026-12-20T17:13:00,1,4.1528,33253.16,3016.87,874.71,33088.59
9769,71,2026-12-12T15:24:00,1,13.8926,105782.31,4560.97,3641.03,103489.89
9770,396,2026-12-28T10:00:00,1,24.6006,2210.89,112.46,56.84,2384.32
9771,281,2026-12-30T16:02:00,1,13.5853,96514.78,4995.91,2771.81,94266.98
9772,4,2026-12-16T09:58:00,1,11.895,86981.06,108.54,2249.74,85807.67
9773,80,2026-12-25T11:44:00,1,3.9658,28231.92,1472.25,984.69,27655.96
9774,209,2026-12-18T18:02:00,1,18.2845,130303.46,6820.37,4793.45,128197.36
9775,170,2026-12-04T10:48:00,1,3.1856,25388.8,2213.46,661.57,24560.11
9776,486,2026-12-29T15:36:00,1,25.5385,2303.98,128.87,60.99,2274.75
9777,105,2026-12-26T09:50:00,1,3.087,24419.96,1913.69,808.95,23973.36
9778,202,2026-12-30T16:53:00,1,4.3318,34547.52,3009.94,1156.81,34282.41
9779,36,2026-12-02T18:19:00,1,3.5236,28353.5,2633.65,765.73,27680.59
9780,44,2026-12-03T15:14:00,1,4.73,34007.53,2252.58,1279.83,33944.67
9781,446,2026-12-06T14:07:00,1,15.9701,125889.85,9694.44,4421.15,125003.74
9782,303,2026-12-13T18:59:00,1,14.7384,112089.61,4487.35,3063.36,111247.67
9783,175,2026-12-17T16:09:00,1,10.3823,73490.16,3729.1,1995.68,72063.93
9784,59,2026-12-03T11:52:00,1,17.543,127930.33,189.4,4068.69,125433.89
9785,174,2026-12-09T18:24:00,1,36.7959,264019.75,16547.82,9417.5,261235.38
9786,168,2026-12-11T13:59:00,1,22.6916,2137.6,205.86,59.02,2348.48
9787,394,2026-12-06T17:42:00,1,16.5177,118052.99,6780.18,3148.53,115428.66
9788,422,2026-12-05T13:40:00,1,43.7528,4194.22,473.92,152.14,4400.94
9789,280,2026-12-02T14:39:00,1,57.5885,5452.06,556.46,172.14,5536.09
9790,446,2026-12-11T13:09:00,1,15.9701,125247.54,8627.64,4617.34,125003.74
9791,134,2026-12-21T12:23:00,1,8.2685,60334.79,87.11,1868.1,59124.2
9792,96,2026-12-08T14:18:00,1,14.1124,99356.17,4559.37,3132.27,98136.12
9793,269,2026-12-15T19:12:00,1,4.0936,29237.51,1636.7,795.24,28237.31
9794,82,2026-12-01T20:13:00,1,61.9363,5954.62,691.89,182.97,5877.56
9795,328,2026-12-26T10:49:00,1,3.0974,24650.8,2068.71,635.59,24243.5
9796,280,2026-12-14T16:17:00,1,57.5885,5468.56,570.08,198.21,5536.09
9797,164,2026-12-17T20:31:00,1,3.6678,29312.71,2567.37,817.15,28940.57
9798,296,2026-12-01T09:02:00,1,106.5754,9908.14,852.43,278.42,9793.08
9799,489,2026-12-27T12:02:00,1,9.8667,75283.83,3408.97,2517.14,72383.18
9800,372,2026-12-19T16:48:00,1,4.8056,34414.2,2081.59,1064.88,34157.75
9801,446,2026-12-14T19:10:00,1,15.9701,125412.82,8958.53,3817.91,125003.74
9802,422,2026-12-23T19:19:00,1,43.7528,4176.97,447.04,130.14,4400.94
9803,450,2026-12-20T19:02:00,1,10.9034,983.69,55.59,36.6,989.82
9804,137,2026-12-26T15:19:00,1,19.0534,150834.95,11923.09,4098.87,148363.19
9805,438,2026-12-20T14:40:00,1,3.7537,26678.86,1449.72,770.75,26461.5
9806,269,2026-12-28T15:22:00,1,4.0936,29222.23,1560.38,862.05,28237.31
9807,249,2026-12-15T20:52:00,1,17.3609,123394.64,6339.99,3345.34,121096.77
9808,478,2026-12-21T13:10:00,1,4.5452,36268.14,3149.95,1088.43,35575.85
9809,248,2026-12-17T11:33:00,1,12.1774,86294.86,4472.11,2443.21,84291.64
9810,483,2026-12-28T11:51:00,1,9.9881,70963.84,3470.85,2011.95,70426.37
9811,249,2026-12-25T13:48:00,1,17.3609,123072.17,5927.59,4664.32,121096.77
9812,391,2026-12-18T13:49:00,1,39.395,3559.8,202.16,96.97,3826.29
9813,317,2026-12-25T20:19:00,1,14.7122,116724.09,9355.19,4453.49,114345.81
9814,182,2026-12-21T20:01:00,1,12.8188,93525.45,122.42,2464.41,92483.25
9815,383,2026-12-01T13:14:00,1,62.5518,6013.91,698.88,161.66,6362.59
9816,203,2026-12-14T18:18:00,1,3.5736,28473.41,2414.65,1039.13,28183.16
9817,190,2026-12-29T17:11:00,1,2.4559,19636.87,1728.96,641.99,19101.48
9818,116,2026-12-05T14:46:00,1,4.3399,34929.47,3329.7,1030.85,34179.58
9819,131,2026-12-07T11:08:00,1,9.6225,70299.27,93.32,2175.1,68876.9
9820,413,2026-12-25T15:52:00,1,9.2313,70337.68,2968.11,2667.89,69692.43
9821,193,2026-12-25T18:57:00,1,14.9404,106024.68,5212.69,3214.45,104056.16
9822,337,2026-12-05T12:53:00,1,6.8574,52196.82,2266.58,1986.45,51467.22
9823,373,2026-12-20T12:51:00,1,191.6333,17859.36,1547.53,483.04,17671.34
9824,338,2026-12-15T18:04:00,1,10.8588,82761.71,3571.3,2196.27,80139.62
9825,478,2026-12-12T09:06:00,1,4.5452,36407.36,3291.08,1156.56,35575.85
9826,486,2026-12-10T10:22:00,1,25.5385,2311.4,137.31,62.58,2274.75
9827,399,2026-12-25T11:13:00,1,14.9726,114087.67,4818.38,3850.44,112332.36
9828,38,2026-12-12T17:04:00,1,9.9544,72622.09,94.43,2113.2,71867.8
9829,61,2026-12-12T15:21:00,1,13.7262,97820.82,5263.27,3600.19,94538.58
9830,22,2026-12-19T18:28:00,1,13.9576,106537.66,4712.78,3240.62,103466.89
9831,468,2026-12-21T16:52:00,1,25.5173,181748.51,10426.38,5511.48,179673.31
9832,396,2026-12-20T10:55:00,1,24.6006,2223.23,129.23,78.53,2384.32
9833,427,2026-12-12T18:35:00,1,60.6339,5826.58,664.21,198.05,5773.56
9834,442,2026-12-03T13:18:00,1,22.5468,176519.9,12343.35,5975.04,176097.65
9835,119,2026-12-01T12:08:00,1,3.7223,26634.0,1519.42,838.46,26552.84
9836,400,2026-12-01T18:18:00,1,27.1971,2592.56,281.62,77.52,2604.31
9837,78,2026-12-15T17:00:00,1,3.8207,30614.48,2751.11,1030.02,30145.76
9838,445,2026-12-21T12:59:00,1,56.0557,5447.65,676.19,166.14,5771.96
9839,89,2026-12-28T20:14:00,1,3.0342,21690.97,1187.85,678.91,21200.13
9840,370,2026-12-21T10:47:00,1,9.1394,66677.51,84.09,1971.01,65469.82
9841,34,2026-12-15T17:55:00,1,12.0678,85454.62,4088.32,3127.83,84389.53
9842,454,2026-12-29T13:06:00,1,40.6398,3897.04,435.75,149.27,4115.87
9843,142,2026-12-28T20:57:00,1,6.2076,44666.67,2719.81,1249.78,43699.74
9844,156,2026-12-05T15:42:00,1,40.2472,3627.16,204.94,94.28,3905.61
9845,427,2026-12-09T13:12:00,1,60.6339,5929.58,761.15,219.24,5773.56
9846,271,2026-12-24T17:55:00,1,4.3867,34809.56,2887.54,1294.43,34477.91
9847,397,2026-12-03T20:08:00,1,7.6603,54438.4,3010.82,1602.99,53492.63
9848,368,2026-12-18T13:55:00,1,6.4593,49307.91,2160.51,1788.09,48411.74
9849,29,2026-12-12T13:15:00,1,13.1621,103847.21,7948.28,3531.32,103492.16
9850,298,2026-12-26T14:08:00,1,12.0285,91609.45,3913.75,2918.1,89873.29
9851,424,2026-12-17T11:41:00,1,17.9523,128842.15,8216.52,4097.09,124501.49
9852,163,2026-12-11T18:35:00,1,45.0083,4070.86,239.3,128.09,4378.61
9853,500,2026-12-19T13:21:00,1,31.1716,222931.14,13205.19,6241.03,215660.52
9854,183,2026-12-23T13:09:00,1,18.2712,129552.63,6658.53,4523.91,129006.3
9855,66,2026-12-01T18:39:00,1,14.0417,102330.28,126.64,3012.87,100611.13
9856,212,2026-12-04T16:28:00,1,170.6976,15809.19,1258.93,572.6,17057.24
9857,281,2026-12-11T18:47:00,1,13.5853,96859.33,5472.38,2940.51,94266.98
9858,446,2026-12-21T20:39:00,1,15.9701,125048.63,8683.93,3755.69,125003.74
9859,292,2026-12-13T20:27:00,1,17.0016,121329.61,6975.49,3304.91,121516.29
9860,317,2026-12-06T18:21:00,1,14.7122,116487.67,9444.5,3302.59,114345.81
9861,427,2026-12-08T09:02:00,1,60.6339,5952.03,789.66,208.06,5773.56
9862,397,2026-12-22T14:47:00,1,7.6603,54731.97,3143.07,1490.71,53492.63
9863,186,2026-12-31T19:11:00,1,20.4986,144964.73,6737.34,4332.1,142115.47
9864,461,2026-12-21T16:53:00,1,4.6784,37277.97,3189.23,1285.08,36331.05
9865,439,2026-12-16T11:52:00,1,5.9325,42810.92,2759.43,1215.53,41926.14
9866,190,2026-12-06T16:51:00,1,2.4559,19404.8,1536.14,628.61,19101.48
9867,19,2026-12-04T10:04:00,1,12.8924,90633.34,4260.45,2430.39,88723.96
9868,237,2026-12-12T12:23:00,1,8.7772,62025.53,2839.73,1776.5,60919.31
9869,298,2026-12-07T18:40:00,1,12.0285,91540.98,3780.8,3388.17,89873.29
9870,95,2026-12-04T18:19:00,1,30.4621,2891.27,294.68,86.59,3085.67
9871,166,2026-12-08T16:04:00,1,42.0913,300605.05,17866.42,11104.23,293157.89
9872,244,2026-12-30T19:56:00,1,15.9038,112659.52,5521.82,3350.81,111267.13
9873,324,2026-12-07T17:43:00,1,11.2024,88250.76,6517.83,3045.78,88269.97
9874,312,2026-12-03T13:34:00,1,22.4573,159276.81,8509.28,5940.86,159340.48
9875,477,2026-12-25T15:10:00,1,13.4506,96152.88,5393.48,2675.79,94914.32
9876,384,2026-12-30T13:12:00,1,139.1589,12945.15,1109.69,432.62,13806.42
9877,358,2026-12-25T10:49:00,1,5.1854,37183.46,2194.4,1011.23,36398.05
9878,82,2026-12-01T17:26:00,1,61.9363,6027.39,764.66,201.86,5877.56
9879,352,2026-12-18T17:18:00,1,5.1549,36941.7,2128.44,1278.44,36522.15
9880,82,2026-12-22T10:20:00,1,61.9363,6037.99,772.17,191.78,5877.56
9881,119,2026-12-13T09:44:00,1,3.7223,26764.22,1727.73,955.87,26552.84
9882,315,2026-12-15T14:02:00,1,42.8276,3873.38,229.61,136.28,3840.92
9883,441,2026-12-13T19:59:00,1,5.6742,40654.93,2489.81,1349.24,40522.82
9884,341,2026-12-05T20:25:00,1,23.4326,168301.66,10819.59,5485.88,166136.18
9885,277,2026-12-11T10:26:00,1,56.7869,5524.62,690.35,160.9,5388.83
9886,153,2026-12-27T10:05:00,1,36.3674,3542.27,442.68,100.0,3466.98
9887,170,2026-12-13T14:19:00,1,3.1856,25434.44,2176.98,881.46,24560.11
9888,15,2026-12-06T10:33:00,1,47.6096,4519.28,465.32,164.46,4522.17
9889,24,2026-12-13T09:45:00,1,6.8653,49041.63,2865.07,1667.46,48746.72
9890,131,2026-12-25T12:43:00,1,9.6225,70329.92,105.4,2025.34,68876.9
9891,196,2026-12-24T11:09:00,1,29.6387,2799.81,274.0,83.33,2817.1
9892,317,2026-12-22T15:05:00,1,14.7122,115407.59,8101.66,4164.5,114345.81
9893,107,2026-12-23T20:51:00,1,29.1472,207998.25,11950.98,7551.89,203805.95
9894,129,2026-12-26T10:41:00,1,58.1956,5662.33,715.12,214.15,5491.03
9895,357,2026-12-10T13:19:00,1,43.877,4175.0,439.75,143.31,4465.7
9896,490,2026-12-28T19:18:00,1,5.6869,40566.06,2137.74,1040.56,39431.19
9897,417,2026-12-11T16:47:00,1,14.235,108791.58,4842.06,3847.99,105673.59
9898,262,2026-12-16T13:57:00,1,7.1953,51696.95,3120.04,1403.58,50188.36
9899,224,2026-12-27T14:55:00,1,48.1507,4618.21,514.33,167.0,4971.13
9900,55,2026-12-17T12:48:00,1,41.8192,297538.05,16545.23,9145.61,296351.07
9901,94,2026-12-29T12:45:00,1,58.6439,5679.69,684.99,207.88,6179.76
9902,231,2026-12-07T14:29:00,1,16.9595,132975.89,9239.04,4181.63,131187.83
9903,367,2026-12-17T09:29:00,1,9.0261,65913.61,95.92,2028.13,64891.48
9904,32,2026-12-06T09:29:00,1,9.8569,70077.54,3675.74,2571.11,69238.44
9905,383,2026-12-13T15:36:00,1,62.5518,6056.67,739.77,158.51,6362.59
9906,341,2026-12-22T14:45:00,1,23.4326,167369.18,9560.46,5389.25,166136.18
9907,79,2026-12-14T17:39:00,1,19.4648,137000.49,6242.97,3590.08,134335.63
9908,218,2026-12-12T12:08:00,1,41.5219,296890.13,16902.56,10820.61,288363.83
9909,204,2026-12-25T10:41:00,1,23.1628,2226.55,253.77,71.15,2203.47
9910,378,2026-12-09T09:43:00,1,22.3074,157156.03,7126.94,5375.97,155755.48
9911,401,2026-12-27T17:18:00,1,6.8381,48698.28,2603.95,1601.23,48170.62
9912,275,2026-12-28T15:03:00,1,5.1673,39276.92,1557.75,1298.62,38494.77
9913,4,2026-12-01T19:09:00,1,11.895,86706.74,128.03,2832.52,85807.67
9914,4,2026-12-29T19:13:00,1,11.895,86855.11,119.27,2340.97,85807.67
9915,283,2026-12-29T20:43:00,1,29.6388,2823.77,299.43,93.7,2739.14
9916,310,2026-12-21T18:06:00,1,30.6255,218843.65,13225.27,6937.88,214170.23
9917,271,2026-12-19T10:39:00,1,4.3867,35119.47,3117.18,998.13,34477.91
9918,285,2026-12-16T15:21:00,1,15.0484,107742.32,6147.56,2935.52,104994.48
9919,2,2026-12-04T16:47:00,1,5.3919,38429.86,2306.72,1453.62,37773.68
9920,192,2026-12-15T17:02:00,1,4.2888,30816.39,1899.46,792.04,30519.56
9921,278,2026-12-14T14:47:00,1,14.5841,115470.42,9122.87,3966.53,111708.45
9922,68,2026-12-05T10:21:00,1,19.087,135401.54,7124.68,3996.99,133687.32
9923,69,2026-12-22T17:06:00,1,62.0656,6024.34,747.52,171.56,6460.93
9924,482,2026-12-26T15:21:00,1,14.7715,105566.07,6159.93,3247.99,101157.77
9925,423,2026-12-24T12:04:00,1,46.576,4182.55,213.34,157.83,4122.44
9926,110,2026-12-03T16:57:00,1,19.8326,144624.9,212.04,5123.66,139927.76
9927,155,2026-12-19T11:45:00,1,43.3929,3899.54,205.94,111.77,4226.11
9928,423,2026-12-24T11:50:00,1,46.576,4201.57,232.36,158.66,4122.44
9929,427,2026-12-12T16:27:00,1,60.6339,5867.08,704.71,168.75,5773.56
9930,350,2026-12-12T11:20:00,1,40.4539,3628.83,184.58,132.91,3900.46
9931,233,2026-12-25T14:07:00,1,12.6163,96415.11,4341.98,3240.83,92727.37
9932,203,2026-12-07T16:06:00,1,3.5736,28622.68,2549.62,899.72,28183.16
9933,409,2026-12-11T15:11:00,1,46.9191,4440.12,445.9,153.07,4393.04
9934,285,2026-12-03T12:18:00,1,15.0484,107167.51,6139.78,4097.26,104994.48
9935,66,2026-12-08T12:18:00,1,14.0417,102501.86,148.4,2654.87,100611.13
9936,214,2026-12-01T18:26:00,1,15.0718,109858.46,157.16,3249.93,107549.49
9937,450,2026-12-21T16:19:00,1,10.9034,987.65,59.55,30.86,989.82
9938,343,2026-12-24T13:45:00,1,12.5555,88404.71,4214.93,3055.09,87525.06
9939,135,2026-12-18T16:13:00,1,22.9212,2166.39,212.82,69.75,2313.05
9940,327,2026-12-18T11:57:00,1,2.2934,18278.14,1538.27,492.66,17894.03
9941,175,2026-12-29T16:30:00,1,10.3823,73398.07,3507.33,2389.42,72063.93
9942,149,2026-12-27T09:13:00,1,24.2917,190189.15,13234.08,6765.24,188509.85
9943,410,2026-12-03T19:24:00,1,25.5672,2425.58,247.51,68.55,2604.67
9944,198,2026-12-02T14:44:00,1,15.7741,1420.55,79.59,48.42,1402.87
9945,223,2026-12-20T20:14:00,1,5.2555,41989.93,3724.95,1305.43,41228.9
9946,292,2026-12-16T16:05:00,1,17.0016,122334.89,7553.69,3590.82,121516.29
9947,122,2026-12-10T12:41:00,1,4.447,35316.78,2855.64,1057.57,34655.8
9948,427,2026-12-17T19:15:00,1,60.6339,5943.09,776.48,222.29,5773.56
9949,140,2026-12-28T14:49:00,1,21.4836,1947.08,114.53,50.48,2063.66
9950,244,2026-12-27T20:39:00,1,15.9038,113728.11,6523.62,3800.71,111267.13
9951,238,2026-12-14T11:45:00,1,17.9613,131165.95,191.79,3973.48,129748.96
9952,412,2026-12-02T19:03:00,1,3.3552,24198.28,1623.59,872.84,23469.55
9953,461,2026-12-08T15:28:00,1,4.6784,37633.64,3531.61,1075.71,36331.05
9954,455,2026-12-22T10:02:00,1,21.0382,149657.16,7973.72,4321.47,146482.23
9955,459,2026-12-24T13:12:00,1,6.8639,52319.0,2370.4,1797.23,51697.62
9956,312,2026-12-16T10:33:00,1,22.4573,160105.74,8492.02,5634.38,159340.48
9957,100,2026-12-23T19:58:00,1,3.7986,26934.0,1384.2,693.73,26721.43
9958,486,2026-12-09T14:47:00,1,25.5385,2292.72,115.82,80.29,2274.75
9959,402,2026-12-17T10:58:00,1,3.1346,22236.49,1174.39,778.74,21687.27
9960,469,2026-12-16T11:52:00,1,3.5698,25442.13,1341.7,889.01,24986.32
9961,486,2026-12-02T15:25:00,1,25.5385,2291.35,120.32,78.14,2274.75
9962,209,2026-12-10T10:53:00,1,18.2845,130284.74,6913.0,4506.52,128197.36
9963,268,2026-12-30T17:31:00,1,7.2654,52964.87,69.27,1700.82,52386.89
9964,381,2026-12-29T17:32:00,1,51.5308,5024.87,635.99,158.67,5266.72
9965,162,2026-12-12T20:31:00,1,11.2042,79750.14,4198.76,2680.35,78313.61
9966,330,2026-12-24T18:30:00,1,4.6319,33052.13,1993.34,1042.96,32282.12
9967,47,2026-12-04T16:58:00,1,4.4362,31421.17,1700.76,1045.21,30937.05
9968,321,2026-12-27T18:03:00,1,3.0001,23724.11,1869.61,627.69,23637.09
9969,494,2026-12-13T11:51:00,1,3.4802,25002.04,1593.94,930.6,24604.21
9970,121,2026-12-21T10:01:00,1,5.6102,40301.2,2634.54,1445.96,39753.67
9971,287,2026-12-28T20:58:00,1,11.5804,82784.65,4531.95,3026.06,81516.15
9972,109,2026-12-31T17:25:00,1,38.1991,3604.3,353.94,115.02,3663.12
9973,207,2026-12-17T19:38:00,1,13.2941,101497.2,4557.55,3302.47,98609.31
9974,305,2026-12-17T12:11:00,1,24.7258,194545.82,14247.02,5024.55,193566.58
9975,500,2026-12-13T19:14:00,1,31.1716,223905.07,14242.39,6680.49,215660.52
9976,28,2026-12-29T10:06:00,1,12.4734,94798.69,3845.28,2596.5,93249.78
9977,145,2026-12-25T15:23:00,1,8.7446,66430.34,2612.69,2325.03,65052.32
9978,450,2026-12-04T14:11:00,1,10.9034,989.36,59.95,28.15,989.82
9979,447,2026-12-19T15:03:00,1,35.9406,256249.92,14437.61,7785.28,250465.93
9980,133,2026-12-23T15:55:00,1,14.5876,116116.29,9609.45,4091.95,113852.94
9981,367,2026-12-03T19:43:00,1,9.0261,65823.54,99.18,2140.01,64891.48
9982,303,2026-12-06T09:19:00,1,14.7384,112190.78,4956.98,3720.19,111247.67
9983,412,2026-12-11T17:28:00,1,3.3552,23991.15,1421.06,908.03,23469.55
9984,211,2026-12-03T16:26:00,1,6.0918,44414.56,56.57,1563.99,43786.88
9985,263,2026-12-13T12:21:00,1,11.0827,87099.95,6187.26,3288.71,85889.43
9986,160,2026-12-21T13:46:00,1,41.4832,4011.01,479.96,141.22,4064.29
9987,122,2026-12-28T19:58:00,1,4.447,35337.91,2876.63,1239.84,34655.8
9988,274,2026-12-21T17:52:00,1,4.3282,34379.64,2842.6,1267.11,33874.1
9989,445,2026-12-21T14:15:00,1,56.0557,5454.4,682.94,180.55,5771.96
9990,494,2026-12-03T09:02:00,1,3.4802,24829.7,1465.31,948.62,24604.21
9991,278,2026-12-25T13:03:00,1,14.5841,114890.07,8456.04,4297.99,111708.45
9992,415,2026-12-01T19:28:00,1,4.4374,35632.55,3334.58,1039.75,34410.05
9993,19,2026-12-07T12:51:00,1,12.8924,91344.48,4426.11,2632.51,88723.96
9994,263,2026-12-24T13:52:00,1,11.0827,86963.62,6314.81,2312.67,85889.43
9995,337,2026-12-05T19:28:00,1,6.8574,52041.8,2111.56,1527.02,51467.22
9996,67,2026-12-26T15:10:00,1,5.6959,40900.67,2569.6,1517.5,39923.68
9997,450,2026-12-03T16:38:00,1,10.9034,986.21,57.35,35.14,989.82
9998,455,2026-12-30T13:46:00,1,21.0382,149975.4,8249.25,5247.83,146482.23
9999,76,2026-12-31T10:02:00,1,36.1511,260315.46,16539.19,8695.61,253596.23
10000,435,2026-12-04T13:34:00,1,21.1293,166381.22,12664.93,5315.1,164260.83
10001,409,2026-12-05T10:57:00,1,46.9191,4419.39,429.86,132.41,4393.04
10002,257,2026-12-25T16:43:00,1,3.6998,26396.51,1431.7,682.44,26155.07
10003,303,2026-12-14T13:43:00,1,14.7384,111939.92,4467.21,3187.92,111247.67
10004,33,2026-12-22T18:24:00,1,20.5951,146435.79,7736.44,5499.02,144592.47
10005,436,2026-12-03T19:40:00,1,2.5687,20414.72,1710.5,632.3,20065.76
10006,170,2026-12-03T16:05:00,1,3.1856,25312.56,2116.33,775.06,24560.11
10007,147,2026-12-12T14:59:00,1,27.792,199040.91,11635.84,7615.34,193824.6
10008,368,2026-12-18T17:27:00,1,6.4593,49380.45,2233.05,1538.14,48411.74
10009,88,2026-12-27T16:32:00,1,28.7165,205074.34,11501.87,7474.94,201704.8
10010,197,2026-12-23T19:56:00,1,3.3083,26586.49,2431.96,838.0,26110.51
10011,247,2026-12-04T18:12:00,1,21.3958,150948.29,7606.7,4975.68,150400.66
10012,455,2026-12-23T10:31:00,1,21.0382,149748.77,8243.52,4993.32,146482.23
10013,201,2026-12-24T16:40:00,1,18.3302,130215.34,7303.83,3335.25,129569.1
10014,6,2026-12-01T18:55:00,1,11.7587,89068.69,3482.05,3017.43,88161.08
10015,226,2026-12-25T14:11:00,1,13.4675,95267.32,4393.88,2776.19,93023.91
10016,236,2026-12-17T12:00:00,1,45.6461,4490.98,601.48,131.65,4723.14
10017,373,2026-12-01T17:40:00,1,191.6333,17730.11,1447.03,577.6,17671.34
10018,402,2026-12-02T13:27:00,1,3.1346,22324.23,1233.79,795.27,21687.27
10019,477,2026-12-31T20:38:00,1,13.4506,95649.06,4948.17,3139.17,94914.32
10020,48,2026-12-22T17:41:00,1,12.8521,91288.16,4734.66,2968.56,89903.22
10021,391,2026-12-27T17:31:00,1,39.395,3567.7,210.06,118.78,3826.29
10022,371,2026-12-09T11:00:00,1,3.5364,28348.35,2526.09,795.9,27587.51
10023,112,2026-12-24T17:54:00,1,3.2447,25755.03,2143.35,714.34,25349.2
10024,494,2026-12-13T19:13:00,1,3.4802,24974.57,1566.47,647.54,24604.21
10025,250,2026-12-12T16:34:00,1,77.1732,7472.93,902.4,285.84,7384.08
10026,195,2026-12-26T20:44:00,1,5.6896,40727.75,2439.07,1213.45,40165.21
10027,477,2026-12-13T18:09:00,1,13.4506,95976.47,5506.66,2720.34,94914.32
10028,139,2026-12-24T09:58:00,1,9.7207,74130.17,3392.64,2170.88,72292.83
10029,270,2026-12-04T14:29:00,1,4.256,33776.38,2813.85,929.57,33198.81
10030,196,2026-12-01T15:25:00,1,29.6387,2800.48,282.08,76.64,2817.1
10031,163,2026-12-25T20:48:00,1,45.0083,4046.63,213.27,144.91,4378.61
10032,2,2026-12-19T14:47:00,1,5.3919,38339.7,2062.4,1426.1,37773.68
10033,344,2026-12-21T18:09:00,1,14.46,102087.7,5003.84,2741.56,100842.02
10034,350,2026-12-31T19:16:00,1,40.4539,3641.41,199.19,101.48,3900.46
10035,263,2026-12-15T17:09:00,1,11.0827,87377.74,6554.49,2462.16,85889.43
10036,429,2026-12-22T10:03:00,1,11.4674,87651.58,4012.15,2310.51,86977.22
10037,28,2026-12-05T20:33:00,1,12.4734,94617.53,3795.96,3058.79,93249.78
10038,360,2026-12-25T16:41:00,1,6.8958,49249.09,2718.92,1332.14,48032.53
10039,313,2026-12-08T18:30:00,1,10.3132,73272.24,3995.69,2661.66,71776.08
10040,321,2026-12-08T19:14:00,1,3.0001,23880.18,2011.7,842.67,23637.09
10041,402,2026-12-26T17:12:00,1,3.1346,22376.7,1282.13,631.01,21687.27
10042,385,2026-12-07T17:32:00,1,45.0218,4380.39,543.18,158.05,4324.75
10043,112,2026-12-18T18:50:00,1,3.2447,25885.29,2201.74,794.72,25349.2
10044,283,2026-12-05T16:13:00,1,29.6388,2807.42,287.23,76.28,2739.14
10045,298,2026-12-28T10:58:00,1,12.0285,91821.54,4018.42,3486.88,89873.29
10046,200,2026-12-12T14:02:00,1,16.4058,117076.63,6450.19,3210.04,114509.45
10047,263,2026-12-26T20:40:00,1,11.0827,87885.96,7085.76,2928.46,85889.43
10048,328,2026-12-08T12:46:00,1,3.0974,24582.95,2005.23,936.09,24243.5
10049,336,2026-12-12T17:01:00,1,106.314,9839.67,788.1,324.92,9757.38
10050,199,2026-12-31T18:25:00,1,19.2605,137221.58,7343.02,5135.09,135526.19
10051,18,2026-12-22T13:11:00,1,66.0832,6363.33,744.94,179.89,6273.83
10052,317,2026-12-30T14:03:00,1,14.7122,116535.44,9423.56,3903.36,114345.81
10053,289,2026-12-13T11:26:00,1,4.1901,33502.89,2911.77,1285.48,33176.71
10054,353,2026-12-21T09:28:00,1,5.7849,41122.97,2283.38,1334.15,40383.57
10055,215,2026-12-15T17:54:00,1,40.8508,3961.57,485.98,151.16,4039.35
10056,220,2026-12-31T20:38:00,1,39.659,3570.62,196.04,123.95,3876.63
10057,258,2026-12-03T18:02:00,1,20.9309,148525.9,8005.88,3930.8,145290.21
10058,190,2026-12-21T15:32:00,1,2.4559,19515.36,1620.67,565.73,19101.48
10059,420,2026-12-19T09:23:00,1,5.4005,43477.04,4078.77,1239.71,42365.92
10060,116,2026-12-23T15:10:00,1,4.3399,34715.8,3029.37,907.79,34179.58
10061,137,2026-12-05T12:15:00,1,19.0534,149907.77,11175.77,3943.81,148363.19
10062,81,2026-12-09T16:12:00,1,18.3862,130714.93,7057.99,4505.67,128128.95
10063,206,2026-12-12T18:07:00,1,25.6022,182550.31,9911.35,5927.0,179409.86
10064,327,2026-12-18T10:13:00,1,2.2934,18327.13,1587.26,646.12,17894.03
10065,76,2026-12-19T14:30:00,1,36.1511,257808.18,14579.6,7920.58,253596.23
10066,98,2026-12-09T18:35:00,1,6.3389,45151.34,2518.88,1646.24,43750.15
10067,185,2026-12-16T19:44:00,1,138.7501,12979.35,1168.94,466.51,13875.63
10068,279,2026-12-11T17:59:00,1,3.3772,26652.45,1990.82,840.96,26255.86
10069,360,2026-12-23T19:45:00,1,6.8958,49029.38,2647.47,1397.37,48032.53
10070,370,2026-12-12T09:01:00,1,9.1394,66681.42,91.84,2452.23,65469.82
10071,309,2026-12-20T15:27:00,1,20.9922,166223.7,13380.75,6197.82,163877.64
10072,478,2026-12-22T20:17:00,1,4.5452,36608.26,3457.07,1203.54,35575.85
10073,343,2026-12-26T09:59:00,1,12.5555,89218.7,4725.33,2641.46,87525.06
10074,174,2026-12-03T13:32:00,1,36.7959,263631.72,16601.71,8828.81,261235.38
10075,402,2026-12-15T18:31:00,1,3.1346,22450.76,1315.94,673.81,21687.27
10076,198,2026-12-09T14:15:00,1,15.7741,1419.12,74.54,41.54,1402.87
10077,202,2026-12-27T10:45:00,1,4.3318,34462.53,2907.14,1131.62,34282.41
10078,34,2026-12-16T18:40:00,1,12.0678,85695.41,4223.28,3200.81,84389.53
10079,237,2026-12-15T20:27:00,1,8.7772,62031.98,2852.32,1715.62,60919.31
10080,164,2026-12-28T10:48:00,1,3.6678,29351.79,2578.35,1025.84,28940.57
10081,172,2026-12-30T09:09:00,1,27.5585,2474.53,130.68,93.43,2498.41
10082,266,2026-12-01T20:03:00,1,3.1433,24918.8,2040.04,885.17,25026.34
10083,456,2026-12-28T18:30:00,1,2.4701,19628.66,1597.94,607.89,18869.74
10084,407,2026-12-29T12:54:00,1,9.1757,65103.62,3335.38,2244.81,63145.55
10085,287,2026-12-23T13:22:00,1,11.5804,81885.6,3994.56,2430.82,81516.15
10086,129,2026-12-28T19:00:00,1,58.1956,5669.98,705.9,192.26,5491.03
10087,63,2026-12-30T10:09:00,1,12.9209,91506.44,4463.38,3386.04,91101.24
10088,405,2026-12-31T09:03:00,1,69.8843,6849.78,903.32,219.01,6821.81
10089,13,2026-12-13T18:43:00,1,24.6984,174961.25,8837.84,6204.08,174080.63
10090,45,2026-12-31T14:59:00,1,16.0869,113937.38,5459.23,3689.37,112962.67
10091,304,2026-12-08T11:55:00,1,23.2115,164637.63,8719.72,6098.07,163176.85
10092,77,2026-12-28T15:21:00,1,5.0459,40194.43,3361.43,1193.01,40007.15
10093,98,2026-12-07T20:34:00,1,6.3389,45109.83,2374.04,1210.19,43750.15
10094,327,2026-12-10T18:51:00,1,2.2934,18165.82,1425.01,484.56,17894.03
10095,413,2026-12-19T16:25:00,1,9.2313,70343.19,2998.09,2391.4,69692.43
10096,301,2026-12-20T12:35:00,1,33.2508,3142.81,312.5,118.18,3387.51
10097,44,2026-12-11T09:30:00,1,4.73,33918.62,2100.38,1010.35,33944.67
10098,7,2026-12-12T15:38:00,1,13.6765,104231.65,4584.81,3567.3,102782.02
10099,196,2026-12-23T12:26:00,1,29.6387,2797.31,270.61,101.67,2817.1
10100,480,2026-12-04T11:33:00,1,23.4422,166228.17,9176.68,4390.98,166738.59
10101,454,2026-12-16T17:41:00,1,40.6398,3848.69,389.43,133.25,4115.87
10102,61,2026-12-03T09:43:00,1,13.7262,97318.44,5167.32,2728.96,94538.58
10103,199,2026-12-19T17:09:00,1,19.2605,137337.3,7750.54,3918.75,135526.19
10104,38,2026-12-09T17:37:00,1,9.9544,72781.38,95.84,2371.14,71867.8
10105,321,2026-12-25T11:32:00,1,3.0001,23876.0,1981.42,783.93,23637.09
10106,308,2026-12-31T19:11:00,1,22.5917,162663.65,10321.94,4179.69,157919.72
10107,295,2026-12-10T17:22:00,1,14.8897,105214.92,4749.05,2888.12,103325.4
10108,27,2026-12-11T12:47:00,1,5.6731,40655.7,2493.32,1067.94,40471.64
10109,58,2026-12-19T09:16:00,1,55.451,5127.75,407.76,174.1,5047.45
10110,374,2026-12-24T17:36:00,1,158.1349,14753.05,1276.79,518.23,14382.69
10111,224,2026-12-11T10:35:00,1,48.1507,4557.8,458.73,171.27,4971.13
10112,145,2026-12-09T12:34:00,1,8.7446,66908.22,3056.46,2221.77,65052.32
10113,499,2026-12-27T16:04:00,1,13.2935,104698.74,7861.04,4007.11,102010.86
10114,331,2026-12-25T09:43:00,1,6.1706,43950.4,2313.6,1406.18,43422.43
10115,197,2026-12-09T16:02:00,1,3.3083,26477.31,2320.6,781.54,26110.51
10116,179,2026-12-13T20:03:00,1,4.8051,38364.34,3283.22,1092.64,37551.63
10117,444,2026-12-12T19:19:00,1,21.3326,151154.38,7305.88,3882.67,149570.04
10118,145,2026-12-21T09:54:00,1,8.7446,66454.2,2737.46,1793.15,65052.32
10119,53,2026-12-05T19:49:00,1,39.5475,3573.91,211.19,133.02,3823.01
10120,386,2026-12-08T15:40:00,1,6.0161,43018.89,2607.12,1130.27,42664.58
10121,198,2026-12-28T14:01:00,1,15.7741,1422.45,76.92,51.64,1402.87
10122,185,2026-12-20T14:41:00,1,138.7501,12814.03,1003.62,411.91,13875.63
10123,197,2026-12-23T17:57:00,1,3.3083,26450.78,2296.25,788.81,26110.51
10124,307,2026-12-07T20:15:00,1,20.694,164209.99,13226.15,5204.9,159864.7
10125,311,2026-12-04T13:14:00,1,6.7935,51782.38,2359.46,1530.03,51014.29
10126,246,2026-12-05T09:45:00,1,84.5028,7912.18,726.91,287.96,7788.77
10127,102,2026-12-11T18:46:00,1,18.5,131401.26,6953.61,3502.88,127765.91
10128,493,2026-12-30T18:07:00,1,3.8343,27329.42,1499.24,995.86,26924.1
10129,14,2026-12-05T13:31:00,1,37.31,266278.03,15530.95,9906.46,262318.39
10130,39,2026-12-30T11:16:00,1,38.8962,3717.64,409.52,136.55,3941.11
10131,359,2026-12-21T10:52:00,1,1.683,13297.44,1034.41,354.14,12973.64
10132,336,2026-12-19T15:48:00,1,106.314,9823.28,773.83,306.41,9757.38
10133,358,2026-12-05T19:59:00,1,5.1854,37058.76,2209.55,1162.17,36398.05
10134,295,2026-12-04T12:00:00,1,14.8897,105259.98,5506.14,3972.43,103325.4
10135,326,2026-12-29T13:23:00,1,9.6607,68740.89,3707.76,1973.9,66077.72
10136,88,2026-12-08T09:13:00,1,28.7165,203788.6,10892.12,7620.38,201704.8
10137,165,2026-12-13T11:32:00,1,34.0778,242712.21,13502.2,6822.62,240866.27
10138,236,2026-12-09T15:20:00,1,45.6461,4453.2,562.33,159.78,4723.14
10139,215,2026-12-31T15:48:00,1,40.8508,4005.31,529.32,130.86,4039.35
10140,284,2026-12-02T17:02:00,1,22.3956,159615.94,8932.3,6044.34,156051.35
10141,19,2026-12-02T18:42:00,1,12.8924,91450.4,4706.85,3403.32,88723.96
10142,186,2026-12-30T17:07:00,1,20.4986,145811.57,7720.5,5139.4,142115.47
10143,174,2026-12-16T09:58:00,1,36.7959,264897.46,16480.98,9714.86,261235.38
10144,51,2026-12-28T17:44:00,1,62.6149,6064.47,723.42,172.4,6550.57
10145,398,2026-12-26T10:35:00,1,7.997,58390.93,87.52,1834.17,57680.36
10146,338,2026-12-02T20:51:00,1,10.8588,83057.21,3795.46,2609.03,80139.62
10147,146,2026-12-20T13:56:00,1,45.6533,4133.74,247.73,154.49,4068.27
10148,283,2026-12-17T19:48:00,1,29.6388,2843.92,318.4,76.97,2739.14
10149,449,2026-12-21T13:17:00,1,12.1078,92470.85,4248.46,3361.56,89778.51
10150,227,2026-12-14T18:21:00,1,14.5655,114239.24,8027.32,3796.94,114409.44
10151,135,2026-12-04T15:58:00,1,22.9212,2180.91,227.11,56.82,2313.05
10152,193,2026-12-14T15:27:00,1,14.9404,105952.52,5588.29,3947.47,104056.16
10153,286,2026-12-18T14:42:00,1,25.0601,179476.45,10234.82,6562.63,176868.79
10154,177,2026-12-08T15:14:00,1,21.5109,154030.11,9535.59,5192.74,149601.12
10155,266,2026-12-30T14:38:00,1,3.1433,25218.23,2333.5,782.95,25026.34
10156,330,2026-12-29T11:42:00,1,4.6319,32978.64,1797.99,1097.33,32282.12
10157,123,2026-12-09T11:14:00,1,7.2724,51692.62,2781.88,1835.39,50807.76
10158,475,2026-12-26T11:11:00,1,4.7599,33959.39,1927.21,1232.21,33455.21
10159,202,2026-12-14T13:39:00,1,4.3318,34906.37,3318.8,1121.64,34282.41
10160,343,2026-12-04T13:24:00,1,12.5555,88533.53,4417.71,2710.77,87525.06
10161,471,2026-12-06T12:45:00,1,4.1632,29937.4,1891.67,855.95,29492.86
10162,178,2026-12-18T12:12:00,1,4.4698,32375.09,2188.61,1101.98,31553.38
10163,48,2026-12-22T10:43:00,1,12.8521,90926.47,4372.97,3060.89,89903.22
10164,105,2026-12-12T16:57:00,1,3.087,24470.7,1978.85,881.8,23973.36
10165,3,2026-12-06T12:19:00,1,15.4507,121659.24,9242.88,3565.34,119964.69
10166,164,2026-12-15T12:28:00,1,3.6678,29360.31,2612.0,968.71,28940.57
10167,92,2026-12-24T20:07:00,1,13.6036,95670.18,4452.46,3391.86,94779.98
10168,259,2026-12-25T15:35:00,1,3.1863,25430.46,2177.0,849.63,24576.47
10169,87,2026-12-29T14:42:00,1,5.8771,42033.22,2470.23,1357.03,41296.96
10170,279,2026-12-31T12:07:00,1,3.3772,26962.65,2385.28,784.59,26255.86
10171,116,2026-12-21T19:43:00,1,4.3399,34784.88,3162.59,1030.34,34179.58
10172,265,2026-12-10T16:17:00,1,20.2554,1907.25,182.91,59.75,1902.58
10173,15,2026-12-28T11:36:00,1,47.6096,4532.59,471.49,151.43,4522.17
10174,334,2026-12-14T15:21:00,1,14.5628,102923.62,5095.97,3276.57,101921.6
10175,234,2026-12-16T09:24:00,1,16.4047,117097.12,6345.71,4211.77,115970.08
10176,67,2026-12-17T13:09:00,1,5.6959,41039.35,2767.29,1439.74,39923.68
10177,175,2026-12-04T14:16:00,1,10.3823,72889.6,3333.17,1901.04,72063.93
10178,177,2026-12-11T19:08:00,1,21.5109,152973.6,8271.93,5674.27,149601.12
10179,155,2026-12-04T15:15:00,1,43.3929,3910.1,211.29,106.57,4226.11
10180,166,2026-12-18T15:54:00,1,42.0913,301058.97,16798.32,7964.04,293157.89
10181,412,2026-12-03T19:42:00,1,3.3552,24086.63,1561.43,631.4,23469.55
10182,201,2026-12-09T13:20:00,1,18.3302,130394.62,7114.31,3533.89,129569.1
10183,114,2026-12-08T11:01:00,1,22.4097,176774.9,13424.99,6698.46,172028.36
10184,53,2026-12-27T13:27:00,1,39.5475,3562.81,192.18,119.16,3823.01
10185,499,2026-12-22T13:04:00,1,13.2935,104311.05,7352.65,3584.8,102010.86
10186,186,2026-12-29T15:57:00,1,20.4986,145128.09,7137.25,4064.12,142115.47
10187,277,2026-12-09T12:17:00,1,56.7869,5454.8,614.28,182.87,5388.83
10188,39,2026-12-21T18:00:00,1,38.8962,3699.13,388.29,97.96,3941.11
10189,261,2026-12-04T10:42:00,1,3.9864,31630.61,2629.43,1004.86,31052.81
10190,160,2026-12-29T14:06:00,1,41.4832,4015.47,482.35,118.81,4064.29
